file	min_hl_t_angstrom	contacts_lt_4_5	overlaps_lt_2_0	closest_pair	status
/scratch/ghaedi/mab/rfantibody_b7h3_rf2_20260926/A/task_0/ab_0_dldesign_0_best.pdb	1.3955013436037969	171	5	L:209PHE-T:265ARG	REJECT
/scratch/ghaedi/mab/rfantibody_b7h3_rf2_20260926/A/task_0/ab_0_dldesign_1_best.pdb	0.5897295990536685	37	7	L:147THR-T:265ARG	REJECT
/scratch/ghaedi/mab/rfantibody_b7h3_rf2_20260926/A/task_0/ab_0_dldesign_2_best.pdb	1.121695591504216	239	29	H:101SER-T:264ILE	REJECT
/scratch/ghaedi/mab/rfantibody_b7h3_rf2_20260926/A/task_0/ab_0_dldesign_3_best.pdb	0.23731413780051178	2714	236	H:31ASP-T:245LEU	REJECT
/scratch/ghaedi/mab/rfantibody_b7h3_rf2_20260926/A/task_1/ab_0_dldesign_0_best.pdb	1.8057411220881001	115	1	H:31ASP-T:227ALA	REJECT
/scratch/ghaedi/mab/rfantibody_b7h3_rf2_20260926/A/task_1/ab_0_dldesign_1_best.pdb	2.720482677761433	52	0	L:170THR-T:268PHE	PASS
/scratch/ghaedi/mab/rfantibody_b7h3_rf2_20260926/A/task_1/ab_0_dldesign_2_best.pdb	0.19391492980170386	557	48	L:149TYR-T:268PHE	REJECT
/scratch/ghaedi/mab/rfantibody_b7h3_rf2_20260926/A/task_1/ab_0_dldesign_3_best.pdb	1.5359433583306377	171	1	L:211GLU-T:265ILE	REJECT
/scratch/ghaedi/mab/rfantibody_b7h3_rf2_20260926/A/task_10/ab_0_dldesign_0_best.pdb	1.5163390122264873	170	4	L:146GLU-T:240ALA	REJECT
/scratch/ghaedi/mab/rfantibody_b7h3_rf2_20260926/A/task_10/ab_0_dldesign_1_best.pdb	1.962477515794767	30	1	H:33TYR-T:237ASP	REJECT
/scratch/ghaedi/mab/rfantibody_b7h3_rf2_20260926/A/task_10/ab_0_dldesign_2_best.pdb	0.5485635788128835	294	28	L:165ASN-T:266ARG	REJECT
/scratch/ghaedi/mab/rfantibody_b7h3_rf2_20260926/A/task_10/ab_0_dldesign_3_best.pdb	0.4440427907308032	165	13	H:33TYR-T:241GLN	REJECT
/scratch/ghaedi/mab/rfantibody_b7h3_rf2_20260926/A/task_100/ab_0_dldesign_0_best.pdb	0.8535900655466917	157	10	L:165ASN-T:268PHE	REJECT
/scratch/ghaedi/mab/rfantibody_b7h3_rf2_20260926/A/task_100/ab_0_dldesign_1_best.pdb	3.070562489186632	25	0	H:100SER-T:266ARG	PASS
/scratch/ghaedi/mab/rfantibody_b7h3_rf2_20260926/A/task_100/ab_0_dldesign_2_best.pdb	0.5542427266099219	349	18	H:55ASN-T:254ALA	REJECT
/scratch/ghaedi/mab/rfantibody_b7h3_rf2_20260926/A/task_100/ab_0_dldesign_3_best.pdb	2.2930481896375396	64	0	L:146ALA-T:266ARG	PASS
/scratch/ghaedi/mab/rfantibody_b7h3_rf2_20260926/A/task_101/ab_0_dldesign_0_best.pdb	2.8001014267343987	13	0	L:146ASP-T:240GLN	PASS
/scratch/ghaedi/mab/rfantibody_b7h3_rf2_20260926/A/task_101/ab_0_dldesign_1_best.pdb	0.291442961829583	128	9	L:168THR-T:240GLN	REJECT
/scratch/ghaedi/mab/rfantibody_b7h3_rf2_20260926/A/task_101/ab_0_dldesign_2_best.pdb	2.6927294702587563	39	0	L:165ARG-T:239ALA	PASS
/scratch/ghaedi/mab/rfantibody_b7h3_rf2_20260926/A/task_101/ab_0_dldesign_3_best.pdb	0.14718016170666415	2465	233	L:150TRP-T:267PHE	REJECT
/scratch/ghaedi/mab/rfantibody_b7h3_rf2_20260926/A/task_102/ab_0_dldesign_0_best.pdb	1.048568548069222	76	7	H:52TYR-T:270ASP	REJECT
/scratch/ghaedi/mab/rfantibody_b7h3_rf2_20260926/A/task_102/ab_0_dldesign_1_best.pdb	0.3400779322449488	177	9	H:100TYR-T:271PHE	REJECT
/scratch/ghaedi/mab/rfantibody_b7h3_rf2_20260926/A/task_102/ab_0_dldesign_2_best.pdb	1.8561538190570313	15	1	H:101LEU-T:239PRO	REJECT
/scratch/ghaedi/mab/rfantibody_b7h3_rf2_20260926/A/task_102/ab_0_dldesign_3_best.pdb	0.6367016569791538	141	7	H:100TYR-T:240ASP	REJECT
/scratch/ghaedi/mab/rfantibody_b7h3_rf2_20260926/A/task_103/ab_0_dldesign_0_best.pdb	1.7759315865201564	264	2	H:101THR-T:262THR	REJECT
/scratch/ghaedi/mab/rfantibody_b7h3_rf2_20260926/A/task_103/ab_0_dldesign_1_best.pdb	0.4671680639769792	614	69	H:98ARG-T:268ARG	REJECT
/scratch/ghaedi/mab/rfantibody_b7h3_rf2_20260926/A/task_103/ab_0_dldesign_2_best.pdb	0.8425022255163477	468	26	L:213GLU-T:243GLN	REJECT
/scratch/ghaedi/mab/rfantibody_b7h3_rf2_20260926/A/task_103/ab_0_dldesign_3_best.pdb	0.34404360188790123	395	39	H:104SER-T:239ASP	REJECT
/scratch/ghaedi/mab/rfantibody_b7h3_rf2_20260926/A/task_104/ab_0_dldesign_0_best.pdb	1.7182473628671737	36	1	H:55THR-T:268ARG	REJECT
/scratch/ghaedi/mab/rfantibody_b7h3_rf2_20260926/A/task_104/ab_0_dldesign_1_best.pdb	1.3150129276931088	65	1	L:211LEU-T:227GLY	REJECT
/scratch/ghaedi/mab/rfantibody_b7h3_rf2_20260926/A/task_104/ab_0_dldesign_2_best.pdb	0.43482755202493767	1485	130	L:213ASP-T:265VAL	REJECT
/scratch/ghaedi/mab/rfantibody_b7h3_rf2_20260926/A/task_104/ab_0_dldesign_3_best.pdb	0.2682852959071747	2227	181	L:215LEU-T:239ASP	REJECT
/scratch/ghaedi/mab/rfantibody_b7h3_rf2_20260926/A/task_105/ab_0_dldesign_0_best.pdb	0.1530588122258893	3905	326	H:37VAL-T:253ARG	REJECT
/scratch/ghaedi/mab/rfantibody_b7h3_rf2_20260926/A/task_105/ab_0_dldesign_1_best.pdb	0.55672794073946	535	35	H:52ASP-T:233ALA	REJECT
/scratch/ghaedi/mab/rfantibody_b7h3_rf2_20260926/A/task_105/ab_0_dldesign_2_best.pdb	1.6096167245651987	95	4	H:105ASN-T:253ARG	REJECT
/scratch/ghaedi/mab/rfantibody_b7h3_rf2_20260926/A/task_105/ab_0_dldesign_3_best.pdb	0.08853247991556522	1137	125	H:32GLN-T:244LEU	REJECT
/scratch/ghaedi/mab/rfantibody_b7h3_rf2_20260926/A/task_106/ab_0_dldesign_0_best.pdb	0.7405045577172354	144	5	L:152SER-T:275PHE	REJECT
/scratch/ghaedi/mab/rfantibody_b7h3_rf2_20260926/A/task_106/ab_0_dldesign_1_best.pdb	0.786991105413524	250	12	H:104LEU-T:235TYR	REJECT
/scratch/ghaedi/mab/rfantibody_b7h3_rf2_20260926/A/task_106/ab_0_dldesign_2_best.pdb	3.7615629730206552	3	0	H:106PHE-T:244ASP	PASS
/scratch/ghaedi/mab/rfantibody_b7h3_rf2_20260926/A/task_106/ab_0_dldesign_3_best.pdb	0.5657048700515134	471	27	H:55THR-T:275PHE	REJECT
/scratch/ghaedi/mab/rfantibody_b7h3_rf2_20260926/A/task_107/ab_0_dldesign_0_best.pdb	2.3152332495884727	50	0	L:164TYR-T:262SER	PASS
/scratch/ghaedi/mab/rfantibody_b7h3_rf2_20260926/A/task_107/ab_0_dldesign_1_best.pdb	0.7038558090972873	234	25	H:100PRO-T:264ARG	REJECT
/scratch/ghaedi/mab/rfantibody_b7h3_rf2_20260926/A/task_107/ab_0_dldesign_2_best.pdb	0.3170693930356584	318	33	H:52HIS-T:235ASP	REJECT
/scratch/ghaedi/mab/rfantibody_b7h3_rf2_20260926/A/task_107/ab_0_dldesign_3_best.pdb	0.4085021419772479	1248	100	L:149LEU-T:263ILE	REJECT
/scratch/ghaedi/mab/rfantibody_b7h3_rf2_20260926/A/task_108/ab_0_dldesign_0_best.pdb	0.6324974308248216	374	38	H:31LEU-T:255ALA	REJECT
/scratch/ghaedi/mab/rfantibody_b7h3_rf2_20260926/A/task_108/ab_0_dldesign_1_best.pdb	5.064679555509903	0	0	H:55ASP-T:253ARG	PASS
/scratch/ghaedi/mab/rfantibody_b7h3_rf2_20260926/A/task_108/ab_0_dldesign_2_best.pdb	1.5928474503228482	195	8	H:33TYR-T:238ASP	REJECT
/scratch/ghaedi/mab/rfantibody_b7h3_rf2_20260926/A/task_108/ab_0_dldesign_3_best.pdb	1.8966520503244664	110	4	H:101ASP-T:253ARG	REJECT
/scratch/ghaedi/mab/rfantibody_b7h3_rf2_20260926/A/task_109/ab_0_dldesign_0_best.pdb	0.06142475071174447	1800	170	H:58THR-T:260PHE	REJECT
/scratch/ghaedi/mab/rfantibody_b7h3_rf2_20260926/A/task_109/ab_0_dldesign_1_best.pdb	1.5081283101911447	68	4	L:164ARG-T:253ASP	REJECT
/scratch/ghaedi/mab/rfantibody_b7h3_rf2_20260926/A/task_109/ab_0_dldesign_2_best.pdb	0.5102166206622436	517	46	L:207GLY-T:268SER	REJECT
/scratch/ghaedi/mab/rfantibody_b7h3_rf2_20260926/A/task_109/ab_0_dldesign_3_best.pdb	0.182046697305938	367	22	L:144GLN-T:272SER	REJECT
/scratch/ghaedi/mab/rfantibody_b7h3_rf2_20260926/A/task_11/ab_0_dldesign_0_best.pdb	0.7021595260337934	237	28	L:152PRO-T:273ARG	REJECT
/scratch/ghaedi/mab/rfantibody_b7h3_rf2_20260926/A/task_11/ab_0_dldesign_1_best.pdb	2.194608393313032	51	0	L:216PHE-T:243PRO	PASS
/scratch/ghaedi/mab/rfantibody_b7h3_rf2_20260926/A/task_11/ab_0_dldesign_2_best.pdb	0.4675254003794849	1021	106	L:214ARG-T:273ARG	REJECT
/scratch/ghaedi/mab/rfantibody_b7h3_rf2_20260926/A/task_11/ab_0_dldesign_3_best.pdb	0.7369029786885096	744	52	L:172ARG-T:274ASP	REJECT
/scratch/ghaedi/mab/rfantibody_b7h3_rf2_20260926/A/task_110/ab_0_dldesign_0_best.pdb	2.6085601392339006	56	0	H:52TYR-T:239ALA	PASS
/scratch/ghaedi/mab/rfantibody_b7h3_rf2_20260926/A/task_110/ab_0_dldesign_1_best.pdb	0.38280673975258067	1443	118	H:53PRO-T:235PRO	REJECT
/scratch/ghaedi/mab/rfantibody_b7h3_rf2_20260926/A/task_110/ab_0_dldesign_2_best.pdb	0.5559307510832598	158	11	L:210LEU-T:265ARG	REJECT
/scratch/ghaedi/mab/rfantibody_b7h3_rf2_20260926/A/task_110/ab_0_dldesign_3_best.pdb	2.393586848225898	38	0	L:210LEU-T:265ARG	PASS
/scratch/ghaedi/mab/rfantibody_b7h3_rf2_20260926/A/task_111/ab_0_dldesign_0_best.pdb	1.0065813429624035	314	13	L:204GLY-T:262ASP	REJECT
/scratch/ghaedi/mab/rfantibody_b7h3_rf2_20260926/A/task_111/ab_0_dldesign_1_best.pdb	1.5805002372666683	106	3	L:143GLU-T:261ARG	REJECT
/scratch/ghaedi/mab/rfantibody_b7h3_rf2_20260926/A/task_111/ab_0_dldesign_2_best.pdb	0.3135490392267208	4119	353	H:71SER-T:238ASN	REJECT
/scratch/ghaedi/mab/rfantibody_b7h3_rf2_20260926/A/task_111/ab_0_dldesign_3_best.pdb	0.2907043171334044	541	55	L:176GLY-T:261ARG	REJECT
/scratch/ghaedi/mab/rfantibody_b7h3_rf2_20260926/A/task_112/ab_0_dldesign_0_best.pdb	3.4929237037187075	13	0	H:102GLY-T:237ASP	PASS
/scratch/ghaedi/mab/rfantibody_b7h3_rf2_20260926/A/task_112/ab_0_dldesign_1_best.pdb	1.5302450784106443	81	6	H:50ARG-T:250ARG	REJECT
/scratch/ghaedi/mab/rfantibody_b7h3_rf2_20260926/A/task_112/ab_0_dldesign_2_best.pdb	2.0313091837531783	92	0	L:209ALA-T:230ASN	PASS
/scratch/ghaedi/mab/rfantibody_b7h3_rf2_20260926/A/task_112/ab_0_dldesign_3_best.pdb	0.6163967877917591	406	26	H:57GLU-T:238LEU	REJECT
/scratch/ghaedi/mab/rfantibody_b7h3_rf2_20260926/A/task_113/ab_0_dldesign_0_best.pdb	0.35079766247796057	754	70	L:175ARG-T:271ASP	REJECT
/scratch/ghaedi/mab/rfantibody_b7h3_rf2_20260926/A/task_113/ab_0_dldesign_1_best.pdb	1.258081873329396	303	8	L:171ASN-T:271ASP	REJECT
/scratch/ghaedi/mab/rfantibody_b7h3_rf2_20260926/A/task_113/ab_0_dldesign_2_best.pdb	1.538721547259282	279	3	L:171ASN-T:270ARG	REJECT
/scratch/ghaedi/mab/rfantibody_b7h3_rf2_20260926/A/task_113/ab_0_dldesign_3_best.pdb	0.5663479495857644	333	27	L:149PRO-T:270ARG	REJECT
/scratch/ghaedi/mab/rfantibody_b7h3_rf2_20260926/A/task_114/ab_0_dldesign_0_best.pdb	0.44345687501717684	493	34	H:57GLU-T:266SER	REJECT
/scratch/ghaedi/mab/rfantibody_b7h3_rf2_20260926/A/task_114/ab_0_dldesign_1_best.pdb	0.5450302743884977	977	89	H:56GLY-T:269ASP	REJECT
/scratch/ghaedi/mab/rfantibody_b7h3_rf2_20260926/A/task_114/ab_0_dldesign_2_best.pdb	0.4505907233843164	953	77	H:33TYR-T:269ASP	REJECT
/scratch/ghaedi/mab/rfantibody_b7h3_rf2_20260926/A/task_114/ab_0_dldesign_3_best.pdb	0.40848745390770497	1607	128	H:99SER-T:264PHE	REJECT
/scratch/ghaedi/mab/rfantibody_b7h3_rf2_20260926/A/task_115/ab_0_dldesign_0_best.pdb	1.1743853711622947	61	7	H:101ALA-T:273PHE	REJECT
/scratch/ghaedi/mab/rfantibody_b7h3_rf2_20260926/A/task_115/ab_0_dldesign_1_best.pdb	1.3786663845905582	69	5	H:55THR-T:273PHE	REJECT
/scratch/ghaedi/mab/rfantibody_b7h3_rf2_20260926/A/task_115/ab_0_dldesign_2_best.pdb	0.22375656414952455	657	67	H:54ALA-T:231SER	REJECT
/scratch/ghaedi/mab/rfantibody_b7h3_rf2_20260926/A/task_115/ab_0_dldesign_3_best.pdb	0.6014282999660062	1023	76	H:56GLY-T:246GLN	REJECT
/scratch/ghaedi/mab/rfantibody_b7h3_rf2_20260926/A/task_116/ab_0_dldesign_0_best.pdb	2.3707969124326094	20	0	H:59ARG-T:228ALA	PASS
/scratch/ghaedi/mab/rfantibody_b7h3_rf2_20260926/A/task_116/ab_0_dldesign_1_best.pdb	1.3734991809244006	51	2	H:102SER-T:261THR	REJECT
/scratch/ghaedi/mab/rfantibody_b7h3_rf2_20260926/A/task_116/ab_0_dldesign_2_best.pdb	0.21792429878285552	2348	220	H:105ALA-T:245ALA	REJECT
/scratch/ghaedi/mab/rfantibody_b7h3_rf2_20260926/A/task_116/ab_0_dldesign_3_best.pdb	4.070305393947734	3	0	H:52TYR-T:228ALA	PASS
/scratch/ghaedi/mab/rfantibody_b7h3_rf2_20260926/A/task_117/ab_0_dldesign_0_best.pdb	0.8511862310916457	381	23	H:26GLY-T:268ARG	REJECT
/scratch/ghaedi/mab/rfantibody_b7h3_rf2_20260926/A/task_117/ab_0_dldesign_1_best.pdb	2.25909672214361	42	0	H:102GLY-T:243GLN	PASS
/scratch/ghaedi/mab/rfantibody_b7h3_rf2_20260926/A/task_117/ab_0_dldesign_2_best.pdb	0.7736446212570727	68	6	H:33TYR-T:232ASN	REJECT
/scratch/ghaedi/mab/rfantibody_b7h3_rf2_20260926/A/task_117/ab_0_dldesign_3_best.pdb	0.41436819376009165	160	17	L:209TYR-T:268ARG	REJECT
/scratch/ghaedi/mab/rfantibody_b7h3_rf2_20260926/A/task_118/ab_0_dldesign_0_best.pdb	2.543099290236227	48	0	H:101ILE-T:240ASP	PASS
/scratch/ghaedi/mab/rfantibody_b7h3_rf2_20260926/A/task_118/ab_0_dldesign_1_best.pdb	2.6867910227630283	15	0	L:150ARG-T:239PRO	PASS
/scratch/ghaedi/mab/rfantibody_b7h3_rf2_20260926/A/task_118/ab_0_dldesign_2_best.pdb	0.9771617061674062	374	14	L:150TYR-T:243ALA	REJECT
/scratch/ghaedi/mab/rfantibody_b7h3_rf2_20260926/A/task_118/ab_0_dldesign_3_best.pdb	0.5651008759504809	477	39	H:55THR-T:270ASP	REJECT
/scratch/ghaedi/mab/rfantibody_b7h3_rf2_20260926/A/task_119/ab_0_dldesign_0_best.pdb	0.46382863214769315	401	40	L:146SER-T:264ILE	REJECT
/scratch/ghaedi/mab/rfantibody_b7h3_rf2_20260926/A/task_119/ab_0_dldesign_1_best.pdb	0.19616574624536257	2578	255	L:183SER-T:236ASP	REJECT
/scratch/ghaedi/mab/rfantibody_b7h3_rf2_20260926/A/task_119/ab_0_dldesign_2_best.pdb	0.527614442561991	610	39	L:167ALA-T:264ILE	REJECT
/scratch/ghaedi/mab/rfantibody_b7h3_rf2_20260926/A/task_119/ab_0_dldesign_3_best.pdb	0.8264266452626025	329	14	H:53PRO-T:265ARG	REJECT
/scratch/ghaedi/mab/rfantibody_b7h3_rf2_20260926/A/task_12/ab_0_dldesign_0_best.pdb	1.0195734402189962	187	10	H:99GLU-T:264ARG	REJECT
/scratch/ghaedi/mab/rfantibody_b7h3_rf2_20260926/A/task_12/ab_0_dldesign_1_best.pdb	1.9135749266752016	42	1	L:208GLN-T:264ARG	REJECT
/scratch/ghaedi/mab/rfantibody_b7h3_rf2_20260926/A/task_12/ab_0_dldesign_2_best.pdb	3.169568109380204	12	0	L:206SER-T:265ASP	PASS
/scratch/ghaedi/mab/rfantibody_b7h3_rf2_20260926/A/task_12/ab_0_dldesign_3_best.pdb	2.4544060381281656	46	0	L:144GLY-T:264ARG	PASS
/scratch/ghaedi/mab/rfantibody_b7h3_rf2_20260926/A/task_120/ab_0_dldesign_0_best.pdb	1.4572058879924947	98	3	L:167TYR-T:271PHE	REJECT
/scratch/ghaedi/mab/rfantibody_b7h3_rf2_20260926/A/task_120/ab_0_dldesign_1_best.pdb	0.36128243799000304	747	71	H:31THR-T:271PHE	REJECT
/scratch/ghaedi/mab/rfantibody_b7h3_rf2_20260926/A/task_120/ab_0_dldesign_2_best.pdb	2.855203145136963	49	0	L:184ARG-T:271PHE	PASS
/scratch/ghaedi/mab/rfantibody_b7h3_rf2_20260926/A/task_120/ab_0_dldesign_3_best.pdb	0.45862075836141725	152	12	L:167TYR-T:240ASP	REJECT
/scratch/ghaedi/mab/rfantibody_b7h3_rf2_20260926/A/task_121/ab_0_dldesign_0_best.pdb	0.532734455427842	148	10	L:209ARG-T:267ARG	REJECT
/scratch/ghaedi/mab/rfantibody_b7h3_rf2_20260926/A/task_121/ab_0_dldesign_1_best.pdb	1.0569607372083407	202	9	H:100LEU-T:241ALA	REJECT
/scratch/ghaedi/mab/rfantibody_b7h3_rf2_20260926/A/task_121/ab_0_dldesign_2_best.pdb	0.26119341492465176	975	102	L:209SER-T:268ASP	REJECT
/scratch/ghaedi/mab/rfantibody_b7h3_rf2_20260926/A/task_121/ab_0_dldesign_3_best.pdb	0.7148328475944565	671	50	L:147ASP-T:272ALA	REJECT
/scratch/ghaedi/mab/rfantibody_b7h3_rf2_20260926/A/task_122/ab_0_dldesign_0_best.pdb	0.9102543600554731	354	26	L:142GLU-T:232PRO	REJECT
/scratch/ghaedi/mab/rfantibody_b7h3_rf2_20260926/A/task_122/ab_0_dldesign_1_best.pdb	0.2552273496316575	1605	142	L:146ASN-T:237GLN	REJECT
/scratch/ghaedi/mab/rfantibody_b7h3_rf2_20260926/A/task_122/ab_0_dldesign_2_best.pdb	2.4416807735656194	45	0	H:55THR-T:237GLN	PASS
/scratch/ghaedi/mab/rfantibody_b7h3_rf2_20260926/A/task_122/ab_0_dldesign_3_best.pdb	0.5241574191023147	165	8	L:144ASP-T:243ARG	REJECT
/scratch/ghaedi/mab/rfantibody_b7h3_rf2_20260926/A/task_123/ab_0_dldesign_0_best.pdb	1.4523656564378002	124	3	H:31ASP-T:239GLN	REJECT
/scratch/ghaedi/mab/rfantibody_b7h3_rf2_20260926/A/task_123/ab_0_dldesign_1_best.pdb	1.1622998752473481	109	3	H:33TYR-T:265ASP	REJECT
/scratch/ghaedi/mab/rfantibody_b7h3_rf2_20260926/A/task_123/ab_0_dldesign_2_best.pdb	0.6028606804229301	1292	110	H:104ALA-T:264ARG	REJECT
/scratch/ghaedi/mab/rfantibody_b7h3_rf2_20260926/A/task_123/ab_0_dldesign_3_best.pdb	2.211786834213461	79	0	L:147SER-T:266PHE	PASS
/scratch/ghaedi/mab/rfantibody_b7h3_rf2_20260926/A/task_124/ab_0_dldesign_0_best.pdb	0.6106930489206505	515	34	L:207PRO-T:230THR	REJECT
/scratch/ghaedi/mab/rfantibody_b7h3_rf2_20260926/A/task_124/ab_0_dldesign_1_best.pdb	1.8182202836840202	70	1	H:52TYR-T:239GLN	REJECT
/scratch/ghaedi/mab/rfantibody_b7h3_rf2_20260926/A/task_124/ab_0_dldesign_2_best.pdb	1.7458167143202625	170	2	H:55THR-T:260PHE	REJECT
/scratch/ghaedi/mab/rfantibody_b7h3_rf2_20260926/A/task_124/ab_0_dldesign_3_best.pdb	0.19676635891330566	3599	320	H:5VAL-T:261VAL	REJECT
/scratch/ghaedi/mab/rfantibody_b7h3_rf2_20260926/A/task_125/ab_0_dldesign_0_best.pdb	1.3127052220510147	61	3	L:186ARG-T:244GLN	REJECT
/scratch/ghaedi/mab/rfantibody_b7h3_rf2_20260926/A/task_125/ab_0_dldesign_1_best.pdb	0.4950262619296073	290	29	L:212THR-T:271PHE	REJECT
/scratch/ghaedi/mab/rfantibody_b7h3_rf2_20260926/A/task_125/ab_0_dldesign_2_best.pdb	0.8737711370833873	206	5	H:103ALA-T:269ARG	REJECT
/scratch/ghaedi/mab/rfantibody_b7h3_rf2_20260926/A/task_125/ab_0_dldesign_3_best.pdb	0.8828850434796143	194	6	H:102SER-T:270ASP	REJECT
/scratch/ghaedi/mab/rfantibody_b7h3_rf2_20260926/A/task_126/ab_0_dldesign_0_best.pdb	1.9591439457069013	49	1	L:149SER-T:245GLN	REJECT
/scratch/ghaedi/mab/rfantibody_b7h3_rf2_20260926/A/task_126/ab_0_dldesign_1_best.pdb	0.6020149499804799	223	10	L:168TYR-T:242LEU	REJECT
/scratch/ghaedi/mab/rfantibody_b7h3_rf2_20260926/A/task_126/ab_0_dldesign_2_best.pdb	4.192226138938596	4	0	H:52HIS-T:244ALA	PASS
/scratch/ghaedi/mab/rfantibody_b7h3_rf2_20260926/A/task_126/ab_0_dldesign_3_best.pdb	0.6446960524153988	218	13	H:101LEU-T:244ALA	REJECT
/scratch/ghaedi/mab/rfantibody_b7h3_rf2_20260926/A/task_127/ab_0_dldesign_0_best.pdb	0.6717916343629183	631	44	H:33TYR-T:265ILE	REJECT
/scratch/ghaedi/mab/rfantibody_b7h3_rf2_20260926/A/task_127/ab_0_dldesign_1_best.pdb	2.6048863698825717	21	0	L:165ASN-T:260THR	PASS
/scratch/ghaedi/mab/rfantibody_b7h3_rf2_20260926/A/task_127/ab_0_dldesign_2_best.pdb	0.16544787698849522	473	34	H:33TYR-T:268PHE	REJECT
/scratch/ghaedi/mab/rfantibody_b7h3_rf2_20260926/A/task_127/ab_0_dldesign_3_best.pdb	1.248114177469354	115	4	H:55THR-T:254ALA	REJECT
/scratch/ghaedi/mab/rfantibody_b7h3_rf2_20260926/A/task_128/ab_0_dldesign_0_best.pdb	1.5896584538824707	167	4	H:104PRO-T:268ILE	REJECT
/scratch/ghaedi/mab/rfantibody_b7h3_rf2_20260926/A/task_128/ab_0_dldesign_1_best.pdb	0.5952663269495423	147	12	H:101LEU-T:240ASP	REJECT
/scratch/ghaedi/mab/rfantibody_b7h3_rf2_20260926/A/task_128/ab_0_dldesign_2_best.pdb	2.2255671187362562	24	0	H:104PRO-T:250ARG	PASS
/scratch/ghaedi/mab/rfantibody_b7h3_rf2_20260926/A/task_128/ab_0_dldesign_3_best.pdb	0.5768682691915029	359	30	L:211TYR-T:244GLN	REJECT
/scratch/ghaedi/mab/rfantibody_b7h3_rf2_20260926/A/task_129/ab_0_dldesign_0_best.pdb	2.174146729179059	81	0	L:147TYR-T:235ASP	PASS
/scratch/ghaedi/mab/rfantibody_b7h3_rf2_20260926/A/task_129/ab_0_dldesign_1_best.pdb	0.6616010882699629	237	12	L:147TYR-T:233PHE	REJECT
/scratch/ghaedi/mab/rfantibody_b7h3_rf2_20260926/A/task_129/ab_0_dldesign_2_best.pdb	0.2368564966387871	746	69	L:145GLY-T:236LEU	REJECT
/scratch/ghaedi/mab/rfantibody_b7h3_rf2_20260926/A/task_129/ab_0_dldesign_3_best.pdb	1.806537572263584	43	1	H:33TYR-T:239GLN	REJECT
/scratch/ghaedi/mab/rfantibody_b7h3_rf2_20260926/A/task_13/ab_0_dldesign_0_best.pdb	0.5741924764397381	380	39	H:53PRO-T:232ALA	REJECT
/scratch/ghaedi/mab/rfantibody_b7h3_rf2_20260926/A/task_13/ab_0_dldesign_1_best.pdb	0.6295204524080227	532	37	H:33TYR-T:269SER	REJECT
/scratch/ghaedi/mab/rfantibody_b7h3_rf2_20260926/A/task_13/ab_0_dldesign_2_best.pdb	0.4681516848202088	926	75	H:103TRP-T:263SER	REJECT
/scratch/ghaedi/mab/rfantibody_b7h3_rf2_20260926/A/task_13/ab_0_dldesign_3_best.pdb	0.1852916619818593	2967	277	H:96CYS-T:269SER	REJECT
/scratch/ghaedi/mab/rfantibody_b7h3_rf2_20260926/A/task_130/ab_0_dldesign_0_best.pdb	0.7394761659445163	348	41	H:31ALA-T:271ASP	REJECT
/scratch/ghaedi/mab/rfantibody_b7h3_rf2_20260926/A/task_130/ab_0_dldesign_1_best.pdb	0.7414526282912486	415	38	H:54ALA-T:270ARG	REJECT
/scratch/ghaedi/mab/rfantibody_b7h3_rf2_20260926/A/task_130/ab_0_dldesign_2_best.pdb	1.475702883374563	106	5	L:152ASN-T:245GLN	REJECT
/scratch/ghaedi/mab/rfantibody_b7h3_rf2_20260926/A/task_130/ab_0_dldesign_3_best.pdb	0.44060186109457167	173	11	H:101HIS-T:251ARG	REJECT
/scratch/ghaedi/mab/rfantibody_b7h3_rf2_20260926/A/task_131/ab_0_dldesign_0_best.pdb	1.134599929490567	187	6	H:104THR-T:251GLN	REJECT
/scratch/ghaedi/mab/rfantibody_b7h3_rf2_20260926/A/task_131/ab_0_dldesign_1_best.pdb	1.5551723377169495	199	5	H:102HIS-T:267ILE	REJECT
/scratch/ghaedi/mab/rfantibody_b7h3_rf2_20260926/A/task_131/ab_0_dldesign_2_best.pdb	1.6730245066943876	56	2	H:103ALA-T:238PRO	REJECT
/scratch/ghaedi/mab/rfantibody_b7h3_rf2_20260926/A/task_131/ab_0_dldesign_3_best.pdb	1.4726116256501571	214	4	H:105THR-T:227GLY	REJECT
/scratch/ghaedi/mab/rfantibody_b7h3_rf2_20260926/A/task_132/ab_0_dldesign_0_best.pdb	2.232458062316066	89	0	H:102VAL-T:243LEU	PASS
/scratch/ghaedi/mab/rfantibody_b7h3_rf2_20260926/A/task_132/ab_0_dldesign_1_best.pdb	1.0456065225504279	668	36	L:173THR-T:247ASN	REJECT
/scratch/ghaedi/mab/rfantibody_b7h3_rf2_20260926/A/task_132/ab_0_dldesign_2_best.pdb	0.6114981602588817	226	20	H:105VAL-T:229GLY	REJECT
/scratch/ghaedi/mab/rfantibody_b7h3_rf2_20260926/A/task_132/ab_0_dldesign_3_best.pdb	0.5135260460775062	1264	136	L:211ALA-T:241ASP	REJECT
/scratch/ghaedi/mab/rfantibody_b7h3_rf2_20260926/A/task_133/ab_0_dldesign_0_best.pdb	1.2519924121175814	152	4	L:150SER-T:246GLN	REJECT
/scratch/ghaedi/mab/rfantibody_b7h3_rf2_20260926/A/task_133/ab_0_dldesign_1_best.pdb	0.6086452168546139	116	20	L:214GLU-T:242ASP	REJECT
/scratch/ghaedi/mab/rfantibody_b7h3_rf2_20260926/A/task_133/ab_0_dldesign_2_best.pdb	0.2953726459914667	314	18	H:54THR-T:242ASP	REJECT
/scratch/ghaedi/mab/rfantibody_b7h3_rf2_20260926/A/task_133/ab_0_dldesign_3_best.pdb	1.6418364717595961	139	4	H:102GLY-T:235ASN	REJECT
/scratch/ghaedi/mab/rfantibody_b7h3_rf2_20260926/A/task_134/ab_0_dldesign_0_best.pdb	1.036171317881363	170	5	H:33TYR-T:235PRO	REJECT
/scratch/ghaedi/mab/rfantibody_b7h3_rf2_20260926/A/task_134/ab_0_dldesign_1_best.pdb	2.7752091813050788	26	0	H:59ARG-T:236ASP	PASS
/scratch/ghaedi/mab/rfantibody_b7h3_rf2_20260926/A/task_134/ab_0_dldesign_2_best.pdb	0.6478765314471572	68	3	H:33TYR-T:240GLN	REJECT
/scratch/ghaedi/mab/rfantibody_b7h3_rf2_20260926/A/task_134/ab_0_dldesign_3_best.pdb	0.17113737172224996	1796	209	H:99SER-T:225SER	REJECT
/scratch/ghaedi/mab/rfantibody_b7h3_rf2_20260926/A/task_135/ab_0_dldesign_0_best.pdb	0.354385383445762	913	76	H:27THR-T:270ARG	REJECT
/scratch/ghaedi/mab/rfantibody_b7h3_rf2_20260926/A/task_135/ab_0_dldesign_1_best.pdb	1.2239632347419602	335	11	H:102PHE-T:244ALA	REJECT
/scratch/ghaedi/mab/rfantibody_b7h3_rf2_20260926/A/task_135/ab_0_dldesign_2_best.pdb	0.6776474009394544	145	18	L:175PRO-T:270ARG	REJECT
/scratch/ghaedi/mab/rfantibody_b7h3_rf2_20260926/A/task_135/ab_0_dldesign_3_best.pdb	3.488732434567031	13	0	H:33TYR-T:244ALA	PASS
/scratch/ghaedi/mab/rfantibody_b7h3_rf2_20260926/A/task_136/ab_0_dldesign_0_best.pdb	0.5574298162100777	483	32	H:52HIS-T:271PHE	REJECT
/scratch/ghaedi/mab/rfantibody_b7h3_rf2_20260926/A/task_136/ab_0_dldesign_1_best.pdb	0.37577386817073805	845	63	L:148ASN-T:267SER	REJECT
/scratch/ghaedi/mab/rfantibody_b7h3_rf2_20260926/A/task_136/ab_0_dldesign_2_best.pdb	0.3931386523861513	656	47	L:148ASN-T:243ALA	REJECT
/scratch/ghaedi/mab/rfantibody_b7h3_rf2_20260926/A/task_136/ab_0_dldesign_3_best.pdb	0.5171315113198948	468	28	H:30ASP-T:243ALA	REJECT
/scratch/ghaedi/mab/rfantibody_b7h3_rf2_20260926/A/task_137/ab_0_dldesign_0_best.pdb	0.31486028647639813	299	26	H:104GLY-T:266PHE	REJECT
/scratch/ghaedi/mab/rfantibody_b7h3_rf2_20260926/A/task_137/ab_0_dldesign_1_best.pdb	1.2823240620061687	55	5	H:59ARG-T:262SER	REJECT
/scratch/ghaedi/mab/rfantibody_b7h3_rf2_20260926/A/task_137/ab_0_dldesign_2_best.pdb	1.2947486242510557	75	4	L:152TYR-T:241ASP	REJECT
/scratch/ghaedi/mab/rfantibody_b7h3_rf2_20260926/A/task_137/ab_0_dldesign_3_best.pdb	1.4275300347103042	116	4	L:214THR-T:241ASP	REJECT
/scratch/ghaedi/mab/rfantibody_b7h3_rf2_20260926/A/task_138/ab_0_dldesign_0_best.pdb	0.1924421991144355	305	18	H:104LEU-T:237PHE	REJECT
/scratch/ghaedi/mab/rfantibody_b7h3_rf2_20260926/A/task_138/ab_0_dldesign_1_best.pdb	0.3423287893239502	1766	183	L:165LEU-T:268ARG	REJECT
/scratch/ghaedi/mab/rfantibody_b7h3_rf2_20260926/A/task_138/ab_0_dldesign_2_best.pdb	1.6736436299284263	193	5	L:168TYR-T:271GLY	REJECT
/scratch/ghaedi/mab/rfantibody_b7h3_rf2_20260926/A/task_138/ab_0_dldesign_3_best.pdb	0.7652581263861229	576	25	H:52TYR-T:270PHE	REJECT
/scratch/ghaedi/mab/rfantibody_b7h3_rf2_20260926/A/task_139/ab_0_dldesign_0_best.pdb	0.9033476628629756	390	21	H:52HIS-T:265PHE	REJECT
/scratch/ghaedi/mab/rfantibody_b7h3_rf2_20260926/A/task_139/ab_0_dldesign_1_best.pdb	0.2772020923441965	843	102	H:29LEU-T:269ARG	REJECT
/scratch/ghaedi/mab/rfantibody_b7h3_rf2_20260926/A/task_139/ab_0_dldesign_2_best.pdb	0.29196232633680513	3831	335	H:90ASP-T:266VAL	REJECT
/scratch/ghaedi/mab/rfantibody_b7h3_rf2_20260926/A/task_139/ab_0_dldesign_3_best.pdb	0.5679595055987711	869	46	L:149PRO-T:274ALA	REJECT
/scratch/ghaedi/mab/rfantibody_b7h3_rf2_20260926/A/task_14/ab_0_dldesign_0_best.pdb	2.0418033695730853	122	0	L:215PRO-T:272ILE	PASS
/scratch/ghaedi/mab/rfantibody_b7h3_rf2_20260926/A/task_14/ab_0_dldesign_1_best.pdb	0.3778399131907582	2079	196	H:53VAL-T:243PRO	REJECT
/scratch/ghaedi/mab/rfantibody_b7h3_rf2_20260926/A/task_14/ab_0_dldesign_2_best.pdb	0.32177321206091714	908	92	H:55ASN-T:247ALA	REJECT
/scratch/ghaedi/mab/rfantibody_b7h3_rf2_20260926/A/task_14/ab_0_dldesign_3_best.pdb	0.6876089004659577	403	28	L:174THR-T:273ARG	REJECT
/scratch/ghaedi/mab/rfantibody_b7h3_rf2_20260926/A/task_140/ab_0_dldesign_0_best.pdb	1.3473162212339045	37	1	L:147ASP-T:237ASP	REJECT
/scratch/ghaedi/mab/rfantibody_b7h3_rf2_20260926/A/task_140/ab_0_dldesign_1_best.pdb	1.4296041410124682	135	6	L:209PRO-T:238LEU	REJECT
/scratch/ghaedi/mab/rfantibody_b7h3_rf2_20260926/A/task_140/ab_0_dldesign_2_best.pdb	3.133984843613639	12	0	H:101SER-T:241GLN	PASS
/scratch/ghaedi/mab/rfantibody_b7h3_rf2_20260926/A/task_140/ab_0_dldesign_3_best.pdb	1.8545800063626268	53	1	L:166ARG-T:238LEU	REJECT
/scratch/ghaedi/mab/rfantibody_b7h3_rf2_20260926/A/task_141/ab_0_dldesign_0_best.pdb	3.7012743751308146	6	0	L:147SER-T:241ALA	PASS
/scratch/ghaedi/mab/rfantibody_b7h3_rf2_20260926/A/task_141/ab_0_dldesign_1_best.pdb	0.6580653462992858	441	39	H:31ALA-T:241ALA	REJECT
/scratch/ghaedi/mab/rfantibody_b7h3_rf2_20260926/A/task_141/ab_0_dldesign_2_best.pdb	1.6547903190434718	121	3	L:210GLY-T:227SER	REJECT
/scratch/ghaedi/mab/rfantibody_b7h3_rf2_20260926/A/task_141/ab_0_dldesign_3_best.pdb	3.125569548098394	21	0	H:31ARG-T:267ARG	PASS
/scratch/ghaedi/mab/rfantibody_b7h3_rf2_20260926/A/task_142/ab_0_dldesign_0_best.pdb	0.3381493752766658	349	44	L:153ASN-T:243ASP	REJECT
/scratch/ghaedi/mab/rfantibody_b7h3_rf2_20260926/A/task_142/ab_0_dldesign_1_best.pdb	2.7459488341919274	57	0	H:103GLY-T:274PHE	PASS
/scratch/ghaedi/mab/rfantibody_b7h3_rf2_20260926/A/task_142/ab_0_dldesign_2_best.pdb	0.3919757645569421	1142	96	H:33TYR-T:270SER	REJECT
/scratch/ghaedi/mab/rfantibody_b7h3_rf2_20260926/A/task_142/ab_0_dldesign_3_best.pdb	0.8124216885337318	955	68	H:101ILE-T:270SER	REJECT
/scratch/ghaedi/mab/rfantibody_b7h3_rf2_20260926/A/task_143/ab_0_dldesign_0_best.pdb	0.9739101601277182	82	6	L:147VAL-T:268ARG	REJECT
/scratch/ghaedi/mab/rfantibody_b7h3_rf2_20260926/A/task_143/ab_0_dldesign_1_best.pdb	1.5300441170110093	158	1	L:148ASP-T:238PRO	REJECT
/scratch/ghaedi/mab/rfantibody_b7h3_rf2_20260926/A/task_143/ab_0_dldesign_2_best.pdb	0.36096814263865507	370	47	L:212ALA-T:268ARG	REJECT
/scratch/ghaedi/mab/rfantibody_b7h3_rf2_20260926/A/task_143/ab_0_dldesign_3_best.pdb	1.5973693999823577	104	4	H:102ASN-T:243GLN	REJECT
/scratch/ghaedi/mab/rfantibody_b7h3_rf2_20260926/A/task_144/ab_0_dldesign_0_best.pdb	3.0120041500635426	26	0	L:172ASN-T:242ASP	PASS
/scratch/ghaedi/mab/rfantibody_b7h3_rf2_20260926/A/task_144/ab_0_dldesign_1_best.pdb	0.29990998649594885	389	48	H:101ALA-T:241PRO	REJECT
/scratch/ghaedi/mab/rfantibody_b7h3_rf2_20260926/A/task_144/ab_0_dldesign_2_best.pdb	0.8877465854623154	280	23	H:101ALA-T:246GLN	REJECT
/scratch/ghaedi/mab/rfantibody_b7h3_rf2_20260926/A/task_144/ab_0_dldesign_3_best.pdb	1.1336269227572173	334	17	L:176ARG-T:271ARG	REJECT
/scratch/ghaedi/mab/rfantibody_b7h3_rf2_20260926/A/task_145/ab_0_dldesign_0_best.pdb	0.23439496581624844	182	10	L:148LYS-T:265ARG	REJECT
/scratch/ghaedi/mab/rfantibody_b7h3_rf2_20260926/A/task_145/ab_0_dldesign_1_best.pdb	1.4900365767322634	117	1	L:165TYR-T:240GLN	REJECT
/scratch/ghaedi/mab/rfantibody_b7h3_rf2_20260926/A/task_145/ab_0_dldesign_2_best.pdb	0.6446440878500307	483	30	H:32GLY-T:266ASP	REJECT
/scratch/ghaedi/mab/rfantibody_b7h3_rf2_20260926/A/task_145/ab_0_dldesign_3_best.pdb	0.3645024005407926	386	27	L:145PRO-T:240GLN	REJECT
/scratch/ghaedi/mab/rfantibody_b7h3_rf2_20260926/A/task_146/ab_0_dldesign_0_best.pdb	1.3260580681101413	103	4	H:102ALA-T:237PRO	REJECT
/scratch/ghaedi/mab/rfantibody_b7h3_rf2_20260926/A/task_146/ab_0_dldesign_1_best.pdb	2.232629167595906	31	0	L:208VAL-T:267ARG	PASS
/scratch/ghaedi/mab/rfantibody_b7h3_rf2_20260926/A/task_146/ab_0_dldesign_2_best.pdb	0.3899987179466118	1037	68	H:103THR-T:265SER	REJECT
/scratch/ghaedi/mab/rfantibody_b7h3_rf2_20260926/A/task_146/ab_0_dldesign_3_best.pdb	2.217706247454789	64	0	L:182ARG-T:269PHE	PASS
/scratch/ghaedi/mab/rfantibody_b7h3_rf2_20260926/A/task_147/ab_0_dldesign_0_best.pdb	1.4039123904289754	107	4	H:101LEU-T:240GLN	REJECT
/scratch/ghaedi/mab/rfantibody_b7h3_rf2_20260926/A/task_147/ab_0_dldesign_1_best.pdb	1.0686388538697231	22	2	H:101LEU-T:267PHE	REJECT
/scratch/ghaedi/mab/rfantibody_b7h3_rf2_20260926/A/task_147/ab_0_dldesign_2_best.pdb	0.2490582261239316	1643	132	L:180ARG-T:229ASN	REJECT
/scratch/ghaedi/mab/rfantibody_b7h3_rf2_20260926/A/task_147/ab_0_dldesign_3_best.pdb	1.644573500941809	85	2	H:52HIS-T:265ARG	REJECT
/scratch/ghaedi/mab/rfantibody_b7h3_rf2_20260926/A/task_148/ab_0_dldesign_0_best.pdb	0.37570200957673877	414	20	L:144PRO-T:260SER	REJECT
/scratch/ghaedi/mab/rfantibody_b7h3_rf2_20260926/A/task_148/ab_0_dldesign_1_best.pdb	0.5031918123340252	508	33	L:166LYS-T:263ASP	REJECT
/scratch/ghaedi/mab/rfantibody_b7h3_rf2_20260926/A/task_148/ab_0_dldesign_2_best.pdb	0.42343948800271336	806	89	L:208PRO-T:263ASP	REJECT
/scratch/ghaedi/mab/rfantibody_b7h3_rf2_20260926/A/task_148/ab_0_dldesign_3_best.pdb	2.308705481433264	12	0	L:166LYS-T:233ASP	PASS
/scratch/ghaedi/mab/rfantibody_b7h3_rf2_20260926/A/task_149/ab_0_dldesign_0_best.pdb	3.7120014816807387	12	0	L:165ARG-T:228TYR	PASS
/scratch/ghaedi/mab/rfantibody_b7h3_rf2_20260926/A/task_149/ab_0_dldesign_1_best.pdb	0.13132402674301386	1382	99	H:54ALA-T:242GLY	REJECT
/scratch/ghaedi/mab/rfantibody_b7h3_rf2_20260926/A/task_149/ab_0_dldesign_2_best.pdb	0.49207316529150547	767	81	L:182SER-T:264SER	REJECT
/scratch/ghaedi/mab/rfantibody_b7h3_rf2_20260926/A/task_149/ab_0_dldesign_3_best.pdb	0.17790165822723672	188	34	L:209TRP-T:266ARG	REJECT
/scratch/ghaedi/mab/rfantibody_b7h3_rf2_20260926/A/task_15/ab_0_dldesign_0_best.pdb	0.3063870101685113	628	54	H:57GLU-T:261PHE	REJECT
/scratch/ghaedi/mab/rfantibody_b7h3_rf2_20260926/A/task_15/ab_0_dldesign_1_best.pdb	2.3387374799237297	31	0	L:146GLY-T:261PHE	PASS
/scratch/ghaedi/mab/rfantibody_b7h3_rf2_20260926/A/task_15/ab_0_dldesign_2_best.pdb	2.3483145019353757	10	0	L:146THR-T:266ASP	PASS
/scratch/ghaedi/mab/rfantibody_b7h3_rf2_20260926/A/task_15/ab_0_dldesign_3_best.pdb	2.6565281854330096	31	0	L:146GLY-T:241GLY	PASS
/scratch/ghaedi/mab/rfantibody_b7h3_rf2_20260926/A/task_150/ab_0_dldesign_0_best.pdb	1.0707590765433657	257	11	H:31ARG-T:239ASP	REJECT
/scratch/ghaedi/mab/rfantibody_b7h3_rf2_20260926/A/task_150/ab_0_dldesign_1_best.pdb	2.476398392827776	45	0	H:55THR-T:268ARG	PASS
/scratch/ghaedi/mab/rfantibody_b7h3_rf2_20260926/A/task_150/ab_0_dldesign_2_best.pdb	0.4701584839179228	2576	217	H:23ALA-T:242ALA	REJECT
/scratch/ghaedi/mab/rfantibody_b7h3_rf2_20260926/A/task_150/ab_0_dldesign_3_best.pdb	0.39846078853508304	766	69	H:102ALA-T:227GLY	REJECT
/scratch/ghaedi/mab/rfantibody_b7h3_rf2_20260926/A/task_151/ab_0_dldesign_0_best.pdb	0.160040619843839	1927	192	H:60TYR-T:275ASP	REJECT
/scratch/ghaedi/mab/rfantibody_b7h3_rf2_20260926/A/task_151/ab_0_dldesign_1_best.pdb	0.1347033778344103	175	23	L:172TYR-T:274ARG	REJECT
/scratch/ghaedi/mab/rfantibody_b7h3_rf2_20260926/A/task_151/ab_0_dldesign_2_best.pdb	2.0509453917644906	49	0	H:33TYR-T:276PHE	PASS
/scratch/ghaedi/mab/rfantibody_b7h3_rf2_20260926/A/task_151/ab_0_dldesign_3_best.pdb	1.069950933454427	207	8	H:100PHE-T:274ARG	REJECT
/scratch/ghaedi/mab/rfantibody_b7h3_rf2_20260926/A/task_152/ab_0_dldesign_0_best.pdb	0.814938647997504	178	13	H:33TYR-T:268ASP	REJECT
/scratch/ghaedi/mab/rfantibody_b7h3_rf2_20260926/A/task_152/ab_0_dldesign_1_best.pdb	0.484971133161553	578	68	L:182ARG-T:267ARG	REJECT
/scratch/ghaedi/mab/rfantibody_b7h3_rf2_20260926/A/task_152/ab_0_dldesign_2_best.pdb	0.3705954667828535	103	12	L:182ARG-T:267ARG	REJECT
/scratch/ghaedi/mab/rfantibody_b7h3_rf2_20260926/A/task_152/ab_0_dldesign_3_best.pdb	0.46659297037139474	247	19	L:148LEU-T:268ASP	REJECT
/scratch/ghaedi/mab/rfantibody_b7h3_rf2_20260926/A/task_153/ab_0_dldesign_0_best.pdb	0.33613836436800715	932	81	H:31LYS-T:267SER	REJECT
/scratch/ghaedi/mab/rfantibody_b7h3_rf2_20260926/A/task_153/ab_0_dldesign_1_best.pdb	0.2811476480428047	135	12	L:151ASN-T:269ARG	REJECT
/scratch/ghaedi/mab/rfantibody_b7h3_rf2_20260926/A/task_153/ab_0_dldesign_2_best.pdb	0.16860011862392033	2634	246	L:171SER-T:231TYR	REJECT
/scratch/ghaedi/mab/rfantibody_b7h3_rf2_20260926/A/task_153/ab_0_dldesign_3_best.pdb	1.9201419218380704	67	1	H:55ASN-T:243ALA	REJECT
/scratch/ghaedi/mab/rfantibody_b7h3_rf2_20260926/A/task_154/ab_0_dldesign_0_best.pdb	3.3223882975955705	32	0	L:145ARG-T:226ASN	PASS
/scratch/ghaedi/mab/rfantibody_b7h3_rf2_20260926/A/task_154/ab_0_dldesign_1_best.pdb	0.6265540678983741	365	24	H:52ARG-T:250ALA	REJECT
/scratch/ghaedi/mab/rfantibody_b7h3_rf2_20260926/A/task_154/ab_0_dldesign_2_best.pdb	0.4988486744494759	1101	105	H:27PHE-T:260SER	REJECT
/scratch/ghaedi/mab/rfantibody_b7h3_rf2_20260926/A/task_154/ab_0_dldesign_3_best.pdb	0.7485860004034267	67	10	H:54ARG-T:222SER	REJECT
/scratch/ghaedi/mab/rfantibody_b7h3_rf2_20260926/A/task_155/ab_0_dldesign_0_best.pdb	1.8126257197778017	68	1	H:55THR-T:243GLN	REJECT
/scratch/ghaedi/mab/rfantibody_b7h3_rf2_20260926/A/task_155/ab_0_dldesign_1_best.pdb	0.8008926270106357	154	13	L:212ASP-T:243GLN	REJECT
/scratch/ghaedi/mab/rfantibody_b7h3_rf2_20260926/A/task_155/ab_0_dldesign_2_best.pdb	0.34728806486834524	1326	126	H:102SER-T:243GLN	REJECT
/scratch/ghaedi/mab/rfantibody_b7h3_rf2_20260926/A/task_155/ab_0_dldesign_3_best.pdb	0.733139822953303	52	6	H:103GLY-T:243GLN	REJECT
/scratch/ghaedi/mab/rfantibody_b7h3_rf2_20260926/A/task_156/ab_0_dldesign_0_best.pdb	0.9347673507349329	207	8	L:209HIS-T:268ASP	REJECT
/scratch/ghaedi/mab/rfantibody_b7h3_rf2_20260926/A/task_156/ab_0_dldesign_1_best.pdb	3.934821724042908	1	0	L:210PRO-T:267ARG	PASS
/scratch/ghaedi/mab/rfantibody_b7h3_rf2_20260926/A/task_156/ab_0_dldesign_2_best.pdb	0.28798263836557914	2504	233	L:208TYR-T:240LEU	REJECT
/scratch/ghaedi/mab/rfantibody_b7h3_rf2_20260926/A/task_156/ab_0_dldesign_3_best.pdb	0.7400716181559721	473	37	H:52HIS-T:265SER	REJECT
/scratch/ghaedi/mab/rfantibody_b7h3_rf2_20260926/A/task_157/ab_0_dldesign_0_best.pdb	0.8197499618786204	388	32	H:101TYR-T:238PRO	REJECT
/scratch/ghaedi/mab/rfantibody_b7h3_rf2_20260926/A/task_157/ab_0_dldesign_1_best.pdb	0.41383692440380515	186	10	L:172VAL-T:243GLN	REJECT
/scratch/ghaedi/mab/rfantibody_b7h3_rf2_20260926/A/task_157/ab_0_dldesign_2_best.pdb	2.811630487813079	37	0	H:59ARG-T:268ARG	PASS
/scratch/ghaedi/mab/rfantibody_b7h3_rf2_20260926/A/task_157/ab_0_dldesign_3_best.pdb	0.44044863491671715	878	89	L:149ALA-T:242ALA	REJECT
/scratch/ghaedi/mab/rfantibody_b7h3_rf2_20260926/A/task_158/ab_0_dldesign_0_best.pdb	0.48665388111059077	467	40	H:34ILE-T:272ARG	REJECT
/scratch/ghaedi/mab/rfantibody_b7h3_rf2_20260926/A/task_158/ab_0_dldesign_1_best.pdb	0.9957238573018125	99	8	L:149PRO-T:274PHE	REJECT
/scratch/ghaedi/mab/rfantibody_b7h3_rf2_20260926/A/task_158/ab_0_dldesign_2_best.pdb	0.4588387516328583	349	30	L:172SER-T:272ARG	REJECT
/scratch/ghaedi/mab/rfantibody_b7h3_rf2_20260926/A/task_158/ab_0_dldesign_3_best.pdb	1.4271688757817014	72	3	L:173SER-T:274PHE	REJECT
/scratch/ghaedi/mab/rfantibody_b7h3_rf2_20260926/A/task_159/ab_0_dldesign_0_best.pdb	1.2588367646363028	27	1	L:207GLY-T:239GLN	REJECT
/scratch/ghaedi/mab/rfantibody_b7h3_rf2_20260926/A/task_159/ab_0_dldesign_1_best.pdb	1.6769057814916144	169	5	L:207GLY-T:235ASP	REJECT
/scratch/ghaedi/mab/rfantibody_b7h3_rf2_20260926/A/task_159/ab_0_dldesign_2_best.pdb	1.6942783124386624	61	2	H:52ASN-T:239GLN	REJECT
/scratch/ghaedi/mab/rfantibody_b7h3_rf2_20260926/A/task_159/ab_0_dldesign_3_best.pdb	0.24752575623558876	3800	326	H:68PHE-T:229ARG	REJECT
/scratch/ghaedi/mab/rfantibody_b7h3_rf2_20260926/A/task_16/ab_0_dldesign_0_best.pdb	0.3021539342785407	583	62	H:52ASN-T:272ARG	REJECT
/scratch/ghaedi/mab/rfantibody_b7h3_rf2_20260926/A/task_16/ab_0_dldesign_1_best.pdb	1.390776401870552	237	10	H:102PHE-T:234TYR	REJECT
/scratch/ghaedi/mab/rfantibody_b7h3_rf2_20260926/A/task_16/ab_0_dldesign_2_best.pdb	0.37658465183806833	299	23	L:151ALA-T:243ASP	REJECT
/scratch/ghaedi/mab/rfantibody_b7h3_rf2_20260926/A/task_16/ab_0_dldesign_3_best.pdb	1.4370313148988767	79	1	L:171TYR-T:274PHE	REJECT
/scratch/ghaedi/mab/rfantibody_b7h3_rf2_20260926/A/task_160/ab_0_dldesign_0_best.pdb	0.7559219536433621	129	9	L:213PHE-T:272PHE	REJECT
/scratch/ghaedi/mab/rfantibody_b7h3_rf2_20260926/A/task_160/ab_0_dldesign_1_best.pdb	0.5875312757632559	106	8	L:148PRO-T:270ARG	REJECT
/scratch/ghaedi/mab/rfantibody_b7h3_rf2_20260926/A/task_160/ab_0_dldesign_2_best.pdb	3.5019431748673466	5	0	L:150ASP-T:266PHE	PASS
/scratch/ghaedi/mab/rfantibody_b7h3_rf2_20260926/A/task_160/ab_0_dldesign_3_best.pdb	2.9228388597389348	32	0	H:101ARG-T:271ASP	PASS
/scratch/ghaedi/mab/rfantibody_b7h3_rf2_20260926/A/task_161/ab_0_dldesign_0_best.pdb	0.5031639891725173	955	95	H:33TYR-T:267ILE	REJECT
/scratch/ghaedi/mab/rfantibody_b7h3_rf2_20260926/A/task_161/ab_0_dldesign_1_best.pdb	0.5883034931053865	707	49	L:143SER-T:270PHE	REJECT
/scratch/ghaedi/mab/rfantibody_b7h3_rf2_20260926/A/task_161/ab_0_dldesign_2_best.pdb	0.501036924786988	870	71	H:55THR-T:241LEU	REJECT
/scratch/ghaedi/mab/rfantibody_b7h3_rf2_20260926/A/task_161/ab_0_dldesign_3_best.pdb	0.23035841638629143	1268	123	L:146GLY-T:261PHE	REJECT
/scratch/ghaedi/mab/rfantibody_b7h3_rf2_20260926/A/task_162/ab_0_dldesign_0_best.pdb	3.8730609341966202	5	0	H:55SER-T:256ALA	PASS
/scratch/ghaedi/mab/rfantibody_b7h3_rf2_20260926/A/task_162/ab_0_dldesign_1_best.pdb	0.5545051848269789	1045	92	L:172GLN-T:265VAL	REJECT
/scratch/ghaedi/mab/rfantibody_b7h3_rf2_20260926/A/task_162/ab_0_dldesign_2_best.pdb	1.9603443575045687	125	1	L:212GLU-T:249ARG	REJECT
/scratch/ghaedi/mab/rfantibody_b7h3_rf2_20260926/A/task_162/ab_0_dldesign_3_best.pdb	0.2732562899550524	3790	336	H:106LEU-T:232ASN	REJECT
/scratch/ghaedi/mab/rfantibody_b7h3_rf2_20260926/A/task_163/ab_0_dldesign_0_best.pdb	0.5435218486868768	2588	224	H:54ALA-T:234ARG	REJECT
/scratch/ghaedi/mab/rfantibody_b7h3_rf2_20260926/A/task_163/ab_0_dldesign_1_best.pdb	1.2495655244924135	49	3	L:151ASP-T:271PHE	REJECT
/scratch/ghaedi/mab/rfantibody_b7h3_rf2_20260926/A/task_163/ab_0_dldesign_2_best.pdb	0.5316248677404046	495	54	H:102THR-T:270ASP	REJECT
/scratch/ghaedi/mab/rfantibody_b7h3_rf2_20260926/A/task_163/ab_0_dldesign_3_best.pdb	0.4520497760202976	348	25	H:54ARG-T:239PRO	REJECT
/scratch/ghaedi/mab/rfantibody_b7h3_rf2_20260926/A/task_164/ab_0_dldesign_0_best.pdb	0.45449312426042227	1458	107	L:161LEU-T:239GLN	REJECT
/scratch/ghaedi/mab/rfantibody_b7h3_rf2_20260926/A/task_164/ab_0_dldesign_1_best.pdb	0.7285423803733034	205	25	H:100THR-T:264ARG	REJECT
/scratch/ghaedi/mab/rfantibody_b7h3_rf2_20260926/A/task_164/ab_0_dldesign_2_best.pdb	0.4500499972225304	212	20	L:146SER-T:260PHE	REJECT
/scratch/ghaedi/mab/rfantibody_b7h3_rf2_20260926/A/task_164/ab_0_dldesign_3_best.pdb	0.3730884613600364	1004	80	H:103VAL-T:264ARG	REJECT
/scratch/ghaedi/mab/rfantibody_b7h3_rf2_20260926/A/task_165/ab_0_dldesign_0_best.pdb	0.3916363108803883	797	61	H:33TYR-T:268PHE	REJECT
/scratch/ghaedi/mab/rfantibody_b7h3_rf2_20260926/A/task_165/ab_0_dldesign_1_best.pdb	0.31312936623702275	495	41	H:33TYR-T:268PHE	REJECT
/scratch/ghaedi/mab/rfantibody_b7h3_rf2_20260926/A/task_165/ab_0_dldesign_2_best.pdb	0.3623713564839226	1104	86	H:27PHE-T:263VAL	REJECT
/scratch/ghaedi/mab/rfantibody_b7h3_rf2_20260926/A/task_165/ab_0_dldesign_3_best.pdb	0.538555475322645	1657	126	H:29LEU-T:264SER	REJECT
/scratch/ghaedi/mab/rfantibody_b7h3_rf2_20260926/A/task_166/ab_0_dldesign_0_best.pdb	1.890807499456251	86	1	L:211LEU-T:267ILE	REJECT
/scratch/ghaedi/mab/rfantibody_b7h3_rf2_20260926/A/task_166/ab_0_dldesign_1_best.pdb	0.785781776322154	456	20	L:149MET-T:242ALA	REJECT
/scratch/ghaedi/mab/rfantibody_b7h3_rf2_20260926/A/task_166/ab_0_dldesign_2_best.pdb	2.4108737005492435	29	0	L:148ASP-T:270PHE	PASS
/scratch/ghaedi/mab/rfantibody_b7h3_rf2_20260926/A/task_166/ab_0_dldesign_3_best.pdb	0.48359176998786746	440	22	L:163LEU-T:268ARG	REJECT
/scratch/ghaedi/mab/rfantibody_b7h3_rf2_20260926/A/task_167/ab_0_dldesign_0_best.pdb	1.1598737000208252	82	5	L:148GLN-T:272SER	REJECT
/scratch/ghaedi/mab/rfantibody_b7h3_rf2_20260926/A/task_167/ab_0_dldesign_1_best.pdb	0.20746324975763789	626	55	H:57LEU-T:258GLU	REJECT
/scratch/ghaedi/mab/rfantibody_b7h3_rf2_20260926/A/task_167/ab_0_dldesign_2_best.pdb	0.6838632904316472	278	19	L:147VAL-T:270PHE	REJECT
/scratch/ghaedi/mab/rfantibody_b7h3_rf2_20260926/A/task_167/ab_0_dldesign_3_best.pdb	0.7292434435769721	115	9	L:148HIS-T:272SER	REJECT
/scratch/ghaedi/mab/rfantibody_b7h3_rf2_20260926/A/task_168/ab_0_dldesign_0_best.pdb	0.533037522131416	972	86	L:172VAL-T:267SER	REJECT
/scratch/ghaedi/mab/rfantibody_b7h3_rf2_20260926/A/task_168/ab_0_dldesign_1_best.pdb	0.34823124500825436	2293	214	H:78THR-T:229SER	REJECT
/scratch/ghaedi/mab/rfantibody_b7h3_rf2_20260926/A/task_168/ab_0_dldesign_2_best.pdb	0.7831277035069061	244	11	H:103ARG-T:239PRO	REJECT
/scratch/ghaedi/mab/rfantibody_b7h3_rf2_20260926/A/task_168/ab_0_dldesign_3_best.pdb	1.1590513362228618	131	9	H:101GLU-T:240ASP	REJECT
/scratch/ghaedi/mab/rfantibody_b7h3_rf2_20260926/A/task_169/ab_0_dldesign_0_best.pdb	0.7754908123246859	334	15	H:28LEU-T:242LEU	REJECT
/scratch/ghaedi/mab/rfantibody_b7h3_rf2_20260926/A/task_169/ab_0_dldesign_1_best.pdb	0.5302697426781969	384	28	L:147LEU-T:233ASN	REJECT
/scratch/ghaedi/mab/rfantibody_b7h3_rf2_20260926/A/task_169/ab_0_dldesign_2_best.pdb	1.2117966000942584	144	4	L:184ARG-T:271PHE	REJECT
/scratch/ghaedi/mab/rfantibody_b7h3_rf2_20260926/A/task_169/ab_0_dldesign_3_best.pdb	0.4860514376071734	137	4	L:171ARG-T:261SER	REJECT
/scratch/ghaedi/mab/rfantibody_b7h3_rf2_20260926/A/task_17/ab_0_dldesign_0_best.pdb	0.30817202987941633	355	24	H:105SER-T:242GLN	REJECT
/scratch/ghaedi/mab/rfantibody_b7h3_rf2_20260926/A/task_17/ab_0_dldesign_1_best.pdb	1.5929259242036329	54	2	H:31SER-T:238ASP	REJECT
/scratch/ghaedi/mab/rfantibody_b7h3_rf2_20260926/A/task_17/ab_0_dldesign_2_best.pdb	1.4274585808351856	78	6	H:101PRO-T:239LEU	REJECT
/scratch/ghaedi/mab/rfantibody_b7h3_rf2_20260926/A/task_17/ab_0_dldesign_3_best.pdb	2.4090153590211907	55	0	H:33TYR-T:242GLN	PASS
/scratch/ghaedi/mab/rfantibody_b7h3_rf2_20260926/A/task_170/ab_0_dldesign_0_best.pdb	0.43099187927384286	114	17	L:214SER-T:271ARG	REJECT
/scratch/ghaedi/mab/rfantibody_b7h3_rf2_20260926/A/task_170/ab_0_dldesign_1_best.pdb	0.3227274391804968	904	65	H:100LEU-T:274GLY	REJECT
/scratch/ghaedi/mab/rfantibody_b7h3_rf2_20260926/A/task_170/ab_0_dldesign_2_best.pdb	0.9242445563810496	245	23	H:105TYR-T:246GLN	REJECT
/scratch/ghaedi/mab/rfantibody_b7h3_rf2_20260926/A/task_170/ab_0_dldesign_3_best.pdb	2.226325447907381	81	0	H:55THR-T:271ARG	PASS
/scratch/ghaedi/mab/rfantibody_b7h3_rf2_20260926/A/task_171/ab_0_dldesign_0_best.pdb	0.5954527689078288	214	21	L:148LEU-T:255VAL	REJECT
/scratch/ghaedi/mab/rfantibody_b7h3_rf2_20260926/A/task_171/ab_0_dldesign_1_best.pdb	0.3382809483255015	708	47	L:147GLU-T:262THR	REJECT
/scratch/ghaedi/mab/rfantibody_b7h3_rf2_20260926/A/task_171/ab_0_dldesign_2_best.pdb	2.01680093216956	114	0	H:59ARG-T:270PHE	PASS
/scratch/ghaedi/mab/rfantibody_b7h3_rf2_20260926/A/task_171/ab_0_dldesign_3_best.pdb	0.18904761305025808	1406	113	L:190PHE-T:273ALA	REJECT
/scratch/ghaedi/mab/rfantibody_b7h3_rf2_20260926/A/task_172/ab_0_dldesign_0_best.pdb	2.1250284703975137	52	0	L:210LEU-T:237ASP	PASS
/scratch/ghaedi/mab/rfantibody_b7h3_rf2_20260926/A/task_172/ab_0_dldesign_1_best.pdb	0.7528226882872229	135	6	L:119ASP-T:237ASP	REJECT
/scratch/ghaedi/mab/rfantibody_b7h3_rf2_20260926/A/task_172/ab_0_dldesign_2_best.pdb	1.479769576657123	277	12	H:52HIS-T:241GLN	REJECT
/scratch/ghaedi/mab/rfantibody_b7h3_rf2_20260926/A/task_172/ab_0_dldesign_3_best.pdb	0.22766642264506176	2045	203	H:67ARG-T:283LYS	REJECT
/scratch/ghaedi/mab/rfantibody_b7h3_rf2_20260926/A/task_174/ab_0_dldesign_0_best.pdb	0.5594336421775147	559	51	L:149ASN-T:242GLN	REJECT
/scratch/ghaedi/mab/rfantibody_b7h3_rf2_20260926/A/task_174/ab_0_dldesign_1_best.pdb	0.41861079775849125	343	31	L:150TYR-T:230ALA	REJECT
/scratch/ghaedi/mab/rfantibody_b7h3_rf2_20260926/A/task_174/ab_0_dldesign_2_best.pdb	3.796273172467967	6	0	L:150TYR-T:238ASP	PASS
/scratch/ghaedi/mab/rfantibody_b7h3_rf2_20260926/A/task_174/ab_0_dldesign_3_best.pdb	1.9038019855016421	79	1	L:149ASN-T:241ALA	REJECT
/scratch/ghaedi/mab/rfantibody_b7h3_rf2_20260926/A/task_175/ab_0_dldesign_0_best.pdb	0.4315460577968461	1194	111	L:214LEU-T:272ARG	REJECT
/scratch/ghaedi/mab/rfantibody_b7h3_rf2_20260926/A/task_175/ab_0_dldesign_1_best.pdb	0.45296909386844386	88	14	H:101GLY-T:272ARG	REJECT
/scratch/ghaedi/mab/rfantibody_b7h3_rf2_20260926/A/task_175/ab_0_dldesign_2_best.pdb	0.28668798370353776	1051	104	L:168LEU-T:273ASP	REJECT
/scratch/ghaedi/mab/rfantibody_b7h3_rf2_20260926/A/task_175/ab_0_dldesign_3_best.pdb	0.2840334487344779	473	33	H:52HIS-T:273ASP	REJECT
/scratch/ghaedi/mab/rfantibody_b7h3_rf2_20260926/A/task_176/ab_0_dldesign_0_best.pdb	0.44703243730181297	699	51	H:103ASP-T:268PHE	REJECT
/scratch/ghaedi/mab/rfantibody_b7h3_rf2_20260926/A/task_176/ab_0_dldesign_1_best.pdb	0.3819463313084712	1749	148	L:166GLY-T:238LEU	REJECT
/scratch/ghaedi/mab/rfantibody_b7h3_rf2_20260926/A/task_176/ab_0_dldesign_2_best.pdb	0.41735356713462973	428	34	L:181ARG-T:266ARG	REJECT
/scratch/ghaedi/mab/rfantibody_b7h3_rf2_20260926/A/task_176/ab_0_dldesign_3_best.pdb	0.45032210694124214	1249	123	L:183GLY-T:267ASP	REJECT
/scratch/ghaedi/mab/rfantibody_b7h3_rf2_20260926/A/task_177/ab_0_dldesign_0_best.pdb	1.9900507531216387	70	1	L:211SER-T:240ASP	REJECT
/scratch/ghaedi/mab/rfantibody_b7h3_rf2_20260926/A/task_177/ab_0_dldesign_1_best.pdb	0.22362915731183183	3481	325	H:99ARG-T:240ASP	REJECT
/scratch/ghaedi/mab/rfantibody_b7h3_rf2_20260926/A/task_177/ab_0_dldesign_2_best.pdb	0.3585986614587401	2933	278	L:146SER-T:233ASN	REJECT
/scratch/ghaedi/mab/rfantibody_b7h3_rf2_20260926/A/task_177/ab_0_dldesign_3_best.pdb	0.9400244677666643	109	2	H:100SER-T:265PHE	REJECT
/scratch/ghaedi/mab/rfantibody_b7h3_rf2_20260926/A/task_178/ab_0_dldesign_0_best.pdb	4.438549425206395	1	0	L:209SER-T:241GLN	PASS
/scratch/ghaedi/mab/rfantibody_b7h3_rf2_20260926/A/task_178/ab_0_dldesign_1_best.pdb	1.0200558808222229	186	6	L:211ASP-T:237ASP	REJECT
/scratch/ghaedi/mab/rfantibody_b7h3_rf2_20260926/A/task_178/ab_0_dldesign_2_best.pdb	0.5316493205111811	1022	131	H:101ASN-T:251VAL	REJECT
/scratch/ghaedi/mab/rfantibody_b7h3_rf2_20260926/A/task_178/ab_0_dldesign_3_best.pdb	3.2902082000991966	2	0	L:209SER-T:241GLN	PASS
/scratch/ghaedi/mab/rfantibody_b7h3_rf2_20260926/A/task_179/ab_0_dldesign_0_best.pdb	0.5188371613521922	2654	233	H:52HIS-T:251ARG	REJECT
/scratch/ghaedi/mab/rfantibody_b7h3_rf2_20260926/A/task_179/ab_0_dldesign_1_best.pdb	0.392735279800529	232	22	H:100TYR-T:270ARG	REJECT
/scratch/ghaedi/mab/rfantibody_b7h3_rf2_20260926/A/task_179/ab_0_dldesign_2_best.pdb	0.5612450445215539	1138	92	H:52ASP-T:241ASP	REJECT
/scratch/ghaedi/mab/rfantibody_b7h3_rf2_20260926/A/task_179/ab_0_dldesign_3_best.pdb	0.8467047891679848	340	43	L:168TYR-T:270ARG	REJECT
/scratch/ghaedi/mab/rfantibody_b7h3_rf2_20260926/A/task_18/ab_0_dldesign_0_best.pdb	0.5101313556330388	472	55	H:52HIS-T:271ASP	REJECT
/scratch/ghaedi/mab/rfantibody_b7h3_rf2_20260926/A/task_18/ab_0_dldesign_1_best.pdb	0.5611247633102634	512	42	L:215ASP-T:270ARG	REJECT
/scratch/ghaedi/mab/rfantibody_b7h3_rf2_20260926/A/task_18/ab_0_dldesign_2_best.pdb	0.3181210461443886	566	60	L:169GLN-T:269ILE	REJECT
/scratch/ghaedi/mab/rfantibody_b7h3_rf2_20260926/A/task_18/ab_0_dldesign_3_best.pdb	0.4520110618115444	1072	107	L:213ALA-T:267VAL	REJECT
/scratch/ghaedi/mab/rfantibody_b7h3_rf2_20260926/A/task_180/ab_0_dldesign_0_best.pdb	0.301927143529694	904	67	H:50ARG-T:267PHE	REJECT
/scratch/ghaedi/mab/rfantibody_b7h3_rf2_20260926/A/task_180/ab_0_dldesign_1_best.pdb	0.8692680829295395	444	40	H:33TYR-T:265ARG	REJECT
/scratch/ghaedi/mab/rfantibody_b7h3_rf2_20260926/A/task_180/ab_0_dldesign_2_best.pdb	1.6175503083366527	60	2	L:145ALA-T:226ALA	REJECT
/scratch/ghaedi/mab/rfantibody_b7h3_rf2_20260926/A/task_180/ab_0_dldesign_3_best.pdb	1.4761249947074266	101	1	H:30SER-T:261PHE	REJECT
/scratch/ghaedi/mab/rfantibody_b7h3_rf2_20260926/A/task_181/ab_0_dldesign_0_best.pdb	0.7041612031346233	359	18	H:52HIS-T:264ILE	REJECT
/scratch/ghaedi/mab/rfantibody_b7h3_rf2_20260926/A/task_181/ab_0_dldesign_1_best.pdb	2.613603068562632	54	0	L:148ASN-T:235PRO	PASS
/scratch/ghaedi/mab/rfantibody_b7h3_rf2_20260926/A/task_181/ab_0_dldesign_2_best.pdb	1.856874255301098	48	1	H:50ARG-T:236ASP	REJECT
/scratch/ghaedi/mab/rfantibody_b7h3_rf2_20260926/A/task_181/ab_0_dldesign_3_best.pdb	0.45908278120617685	1646	146	H:33TYR-T:240GLN	REJECT
/scratch/ghaedi/mab/rfantibody_b7h3_rf2_20260926/A/task_182/ab_0_dldesign_0_best.pdb	1.610326053940631	157	1	L:152ASN-T:244ALA	REJECT
/scratch/ghaedi/mab/rfantibody_b7h3_rf2_20260926/A/task_182/ab_0_dldesign_1_best.pdb	0.675607134361383	643	65	H:56GLY-T:245GLN	REJECT
/scratch/ghaedi/mab/rfantibody_b7h3_rf2_20260926/A/task_182/ab_0_dldesign_2_best.pdb	1.4716283498220597	126	2	L:174ARG-T:272PHE	REJECT
/scratch/ghaedi/mab/rfantibody_b7h3_rf2_20260926/A/task_182/ab_0_dldesign_3_best.pdb	0.35680526901939247	596	46	H:53ALA-T:245GLN	REJECT
/scratch/ghaedi/mab/rfantibody_b7h3_rf2_20260926/A/task_183/ab_0_dldesign_0_best.pdb	0.8732777335991103	98	11	H:103GLY-T:251GLN	REJECT
/scratch/ghaedi/mab/rfantibody_b7h3_rf2_20260926/A/task_183/ab_0_dldesign_1_best.pdb	2.7851581642700287	13	0	H:104GLY-T:243GLN	PASS
/scratch/ghaedi/mab/rfantibody_b7h3_rf2_20260926/A/task_183/ab_0_dldesign_2_best.pdb	0.7266422778781875	96	10	H:103ASN-T:244GLY	REJECT
/scratch/ghaedi/mab/rfantibody_b7h3_rf2_20260926/A/task_183/ab_0_dldesign_3_best.pdb	1.3934381938213134	59	3	H:101LEU-T:239ASP	REJECT
/scratch/ghaedi/mab/rfantibody_b7h3_rf2_20260926/A/task_184/ab_0_dldesign_0_best.pdb	0.7256280038697493	365	35	H:103ILE-T:232SER	REJECT
/scratch/ghaedi/mab/rfantibody_b7h3_rf2_20260926/A/task_184/ab_0_dldesign_1_best.pdb	0.15956503376366724	5158	497	L:192ASP-T:273ASP	REJECT
/scratch/ghaedi/mab/rfantibody_b7h3_rf2_20260926/A/task_184/ab_0_dldesign_2_best.pdb	0.6931471705200852	246	15	H:57GLU-T:233ALA	REJECT
/scratch/ghaedi/mab/rfantibody_b7h3_rf2_20260926/A/task_184/ab_0_dldesign_3_best.pdb	1.1291399381830403	162	5	H:54ALA-T:260ALA	REJECT
/scratch/ghaedi/mab/rfantibody_b7h3_rf2_20260926/A/task_185/ab_0_dldesign_0_best.pdb	0.81185343504847	206	6	H:57LEU-T:240GLN	REJECT
/scratch/ghaedi/mab/rfantibody_b7h3_rf2_20260926/A/task_185/ab_0_dldesign_1_best.pdb	0.3243501194696876	1213	132	H:23ALA-T:265ARG	REJECT
/scratch/ghaedi/mab/rfantibody_b7h3_rf2_20260926/A/task_185/ab_0_dldesign_2_best.pdb	0.9730169577145105	195	13	L:208SER-T:240GLN	REJECT
/scratch/ghaedi/mab/rfantibody_b7h3_rf2_20260926/A/task_185/ab_0_dldesign_3_best.pdb	3.6366340206295162	6	0	L:147ASP-T:237LEU	PASS
/scratch/ghaedi/mab/rfantibody_b7h3_rf2_20260926/A/task_186/ab_0_dldesign_0_best.pdb	1.6240794315549973	187	6	L:206PRO-T:237ALA	REJECT
/scratch/ghaedi/mab/rfantibody_b7h3_rf2_20260926/A/task_186/ab_0_dldesign_1_best.pdb	0.39970489113844854	1121	109	L:141ALA-T:237ALA	REJECT
/scratch/ghaedi/mab/rfantibody_b7h3_rf2_20260926/A/task_186/ab_0_dldesign_2_best.pdb	1.0273996301342527	199	16	L:206PRO-T:234ASP	REJECT
/scratch/ghaedi/mab/rfantibody_b7h3_rf2_20260926/A/task_186/ab_0_dldesign_3_best.pdb	3.507979617956753	7	0	H:54ARG-T:223SER	PASS
/scratch/ghaedi/mab/rfantibody_b7h3_rf2_20260926/A/task_187/ab_0_dldesign_0_best.pdb	2.9799127504005885	36	0	L:213SER-T:272PHE	PASS
/scratch/ghaedi/mab/rfantibody_b7h3_rf2_20260926/A/task_187/ab_0_dldesign_1_best.pdb	0.8485611350987028	205	12	H:31ASP-T:270ARG	REJECT
/scratch/ghaedi/mab/rfantibody_b7h3_rf2_20260926/A/task_187/ab_0_dldesign_2_best.pdb	1.5734719571698748	161	3	L:170TYR-T:272PHE	REJECT
/scratch/ghaedi/mab/rfantibody_b7h3_rf2_20260926/A/task_187/ab_0_dldesign_3_best.pdb	0.6512925609892988	150	7	H:101LEU-T:230SER	REJECT
/scratch/ghaedi/mab/rfantibody_b7h3_rf2_20260926/A/task_188/ab_0_dldesign_0_best.pdb	2.165483779666798	45	0	L:207GLU-T:236ASP	PASS
/scratch/ghaedi/mab/rfantibody_b7h3_rf2_20260926/A/task_188/ab_0_dldesign_1_best.pdb	0.9046662367967514	167	9	H:100ARG-T:237LEU	REJECT
/scratch/ghaedi/mab/rfantibody_b7h3_rf2_20260926/A/task_188/ab_0_dldesign_2_best.pdb	2.1124393482417423	66	0	H:52HIS-T:239ALA	PASS
/scratch/ghaedi/mab/rfantibody_b7h3_rf2_20260926/A/task_188/ab_0_dldesign_3_best.pdb	2.10465674160895	33	0	H:101PRO-T:240GLN	PASS
/scratch/ghaedi/mab/rfantibody_b7h3_rf2_20260926/A/task_189/ab_0_dldesign_0_best.pdb	2.821075326892212	16	0	L:145ALA-T:263SER	PASS
/scratch/ghaedi/mab/rfantibody_b7h3_rf2_20260926/A/task_189/ab_0_dldesign_1_best.pdb	0.2984711041290282	1026	92	H:59ARG-T:265ARG	REJECT
/scratch/ghaedi/mab/rfantibody_b7h3_rf2_20260926/A/task_189/ab_0_dldesign_2_best.pdb	1.087796396390427	54	6	L:164TYR-T:265ARG	REJECT
/scratch/ghaedi/mab/rfantibody_b7h3_rf2_20260926/A/task_189/ab_0_dldesign_3_best.pdb	0.6586956808724337	689	69	H:33TYR-T:239ALA	REJECT
/scratch/ghaedi/mab/rfantibody_b7h3_rf2_20260926/A/task_19/ab_0_dldesign_0_best.pdb	1.6888371739158277	69	3	H:101ASN-T:235ASP	REJECT
/scratch/ghaedi/mab/rfantibody_b7h3_rf2_20260926/A/task_19/ab_0_dldesign_1_best.pdb	2.1804494949436473	81	0	H:55THR-T:223GLY	PASS
/scratch/ghaedi/mab/rfantibody_b7h3_rf2_20260926/A/task_19/ab_0_dldesign_2_best.pdb	2.126087721614518	65	0	L:146ASN-T:265ASP	PASS
/scratch/ghaedi/mab/rfantibody_b7h3_rf2_20260926/A/task_19/ab_0_dldesign_3_best.pdb	0.13292479076530497	2514	227	L:165GLU-T:243SER	REJECT
/scratch/ghaedi/mab/rfantibody_b7h3_rf2_20260926/A/task_190/ab_0_dldesign_0_best.pdb	0.39622720754637714	270	17	H:57GLU-T:269ARG	REJECT
/scratch/ghaedi/mab/rfantibody_b7h3_rf2_20260926/A/task_190/ab_0_dldesign_1_best.pdb	0.3027176902660302	3058	296	H:80TYR-T:240ASP	REJECT
/scratch/ghaedi/mab/rfantibody_b7h3_rf2_20260926/A/task_190/ab_0_dldesign_2_best.pdb	1.240859782570133	197	6	L:171ASN-T:269ARG	REJECT
/scratch/ghaedi/mab/rfantibody_b7h3_rf2_20260926/A/task_190/ab_0_dldesign_3_best.pdb	0.4812660386937782	837	58	L:172SER-T:269ARG	REJECT
/scratch/ghaedi/mab/rfantibody_b7h3_rf2_20260926/A/task_191/ab_0_dldesign_0_best.pdb	0.39661316165755217	837	107	H:53PRO-T:269PHE	REJECT
/scratch/ghaedi/mab/rfantibody_b7h3_rf2_20260926/A/task_191/ab_0_dldesign_1_best.pdb	1.6628704098636182	43	2	L:168ARG-T:237PRO	REJECT
/scratch/ghaedi/mab/rfantibody_b7h3_rf2_20260926/A/task_191/ab_0_dldesign_2_best.pdb	0.5314235598842042	805	59	H:100ASN-T:241ALA	REJECT
/scratch/ghaedi/mab/rfantibody_b7h3_rf2_20260926/A/task_191/ab_0_dldesign_3_best.pdb	0.15873562927080942	1953	173	H:31THR-T:253ARG	REJECT
/scratch/ghaedi/mab/rfantibody_b7h3_rf2_20260926/A/task_192/ab_0_dldesign_0_best.pdb	0.28814753165696216	2101	190	L:143THR-T:278ALA	REJECT
/scratch/ghaedi/mab/rfantibody_b7h3_rf2_20260926/A/task_192/ab_0_dldesign_1_best.pdb	2.096641361797481	40	0	L:209SER-T:240GLN	PASS
/scratch/ghaedi/mab/rfantibody_b7h3_rf2_20260926/A/task_192/ab_0_dldesign_2_best.pdb	1.9631428883298327	43	1	L:208LEU-T:236ASP	REJECT
/scratch/ghaedi/mab/rfantibody_b7h3_rf2_20260926/A/task_192/ab_0_dldesign_3_best.pdb	2.3137143298168863	34	0	H:101ALA-T:236ASP	PASS
/scratch/ghaedi/mab/rfantibody_b7h3_rf2_20260926/A/task_193/ab_0_dldesign_0_best.pdb	0.4983181714527368	379	25	H:104PRO-T:270ASP	REJECT
/scratch/ghaedi/mab/rfantibody_b7h3_rf2_20260926/A/task_193/ab_0_dldesign_1_best.pdb	0.6794070944581021	771	65	H:28PRO-T:268ILE	REJECT
/scratch/ghaedi/mab/rfantibody_b7h3_rf2_20260926/A/task_193/ab_0_dldesign_2_best.pdb	1.3762725020867053	108	2	H:104ARG-T:265PHE	REJECT
/scratch/ghaedi/mab/rfantibody_b7h3_rf2_20260926/A/task_193/ab_0_dldesign_3_best.pdb	0.7529276193632424	295	21	H:57GLU-T:265PHE	REJECT
/scratch/ghaedi/mab/rfantibody_b7h3_rf2_20260926/A/task_194/ab_0_dldesign_0_best.pdb	0.8544360713359436	311	33	L:146THR-T:236ASP	REJECT
/scratch/ghaedi/mab/rfantibody_b7h3_rf2_20260926/A/task_194/ab_0_dldesign_1_best.pdb	0.5015944577046287	796	85	L:165TYR-T:235PRO	REJECT
/scratch/ghaedi/mab/rfantibody_b7h3_rf2_20260926/A/task_194/ab_0_dldesign_2_best.pdb	3.161706817527519	16	0	L:148ILE-T:239ALA	PASS
/scratch/ghaedi/mab/rfantibody_b7h3_rf2_20260926/A/task_194/ab_0_dldesign_3_best.pdb	0.8908473494376011	270	11	H:52HIS-T:228ALA	REJECT
/scratch/ghaedi/mab/rfantibody_b7h3_rf2_20260926/A/task_195/ab_0_dldesign_0_best.pdb	0.36004027552483886	2472	202	L:148TRP-T:263ILE	REJECT
/scratch/ghaedi/mab/rfantibody_b7h3_rf2_20260926/A/task_195/ab_0_dldesign_1_best.pdb	1.3270131875757665	131	6	H:31ASN-T:237LEU	REJECT
/scratch/ghaedi/mab/rfantibody_b7h3_rf2_20260926/A/task_195/ab_0_dldesign_2_best.pdb	0.8560292051092643	108	6	H:100TYR-T:263ILE	REJECT
/scratch/ghaedi/mab/rfantibody_b7h3_rf2_20260926/A/task_195/ab_0_dldesign_3_best.pdb	0.6654577372004942	728	74	L:143ASN-T:262SER	REJECT
/scratch/ghaedi/mab/rfantibody_b7h3_rf2_20260926/A/task_196/ab_0_dldesign_0_best.pdb	0.4143018223469453	721	59	H:55ASP-T:254VAL	REJECT
/scratch/ghaedi/mab/rfantibody_b7h3_rf2_20260926/A/task_196/ab_0_dldesign_1_best.pdb	1.496027740384517	147	3	H:33TYR-T:240ASP	REJECT
/scratch/ghaedi/mab/rfantibody_b7h3_rf2_20260926/A/task_196/ab_0_dldesign_2_best.pdb	0.6330434424271377	164	11	H:104ALA-T:250ARG	REJECT
/scratch/ghaedi/mab/rfantibody_b7h3_rf2_20260926/A/task_196/ab_0_dldesign_3_best.pdb	0.6936295841441598	518	38	L:214MET-T:241LEU	REJECT
/scratch/ghaedi/mab/rfantibody_b7h3_rf2_20260926/A/task_197/ab_0_dldesign_0_best.pdb	1.406206599330269	55	6	H:31SER-T:272ARG	REJECT
/scratch/ghaedi/mab/rfantibody_b7h3_rf2_20260926/A/task_197/ab_0_dldesign_1_best.pdb	1.0682930309610754	266	16	L:214VAL-T:247GLN	REJECT
/scratch/ghaedi/mab/rfantibody_b7h3_rf2_20260926/A/task_197/ab_0_dldesign_2_best.pdb	0.22585614890898956	2164	181	H:3GLN-T:278ALA	REJECT
/scratch/ghaedi/mab/rfantibody_b7h3_rf2_20260926/A/task_197/ab_0_dldesign_3_best.pdb	0.26904832279722535	501	34	L:216ASP-T:247GLN	REJECT
/scratch/ghaedi/mab/rfantibody_b7h3_rf2_20260926/A/task_198/ab_0_dldesign_0_best.pdb	0.5939503346240326	356	25	H:54GLY-T:232PRO	REJECT
/scratch/ghaedi/mab/rfantibody_b7h3_rf2_20260926/A/task_198/ab_0_dldesign_1_best.pdb	0.6114057572512696	378	42	L:205TYR-T:226ASN	REJECT
/scratch/ghaedi/mab/rfantibody_b7h3_rf2_20260926/A/task_198/ab_0_dldesign_2_best.pdb	1.1596784036964733	152	3	H:52HIS-T:233ASP	REJECT
/scratch/ghaedi/mab/rfantibody_b7h3_rf2_20260926/A/task_198/ab_0_dldesign_3_best.pdb	0.705898717947553	327	20	L:205TYR-T:226ASN	REJECT
/scratch/ghaedi/mab/rfantibody_b7h3_rf2_20260926/A/task_199/ab_0_dldesign_0_best.pdb	0.19646119209655624	262	33	L:174ARG-T:271ARG	REJECT
/scratch/ghaedi/mab/rfantibody_b7h3_rf2_20260926/A/task_199/ab_0_dldesign_1_best.pdb	0.7610381067988649	554	46	H:26GLY-T:271ARG	REJECT
/scratch/ghaedi/mab/rfantibody_b7h3_rf2_20260926/A/task_199/ab_0_dldesign_2_best.pdb	0.5654661793600047	565	42	H:55THR-T:246GLN	REJECT
/scratch/ghaedi/mab/rfantibody_b7h3_rf2_20260926/A/task_199/ab_0_dldesign_3_best.pdb	0.49154247018950337	410	52	L:175ALA-T:271ARG	REJECT
/scratch/ghaedi/mab/rfantibody_b7h3_rf2_20260926/A/task_2/ab_0_dldesign_0_best.pdb	0.5940824858552887	450	21	L:170TYR-T:245ALA	REJECT
/scratch/ghaedi/mab/rfantibody_b7h3_rf2_20260926/A/task_2/ab_0_dldesign_1_best.pdb	1.825128214674244	94	2	H:104LEU-T:243LEU	REJECT
/scratch/ghaedi/mab/rfantibody_b7h3_rf2_20260926/A/task_2/ab_0_dldesign_2_best.pdb	0.9084145529437536	273	27	H:104LEU-T:243LEU	REJECT
/scratch/ghaedi/mab/rfantibody_b7h3_rf2_20260926/A/task_2/ab_0_dldesign_3_best.pdb	0.20619893307192647	1418	121	L:177PRO-T:271ARG	REJECT
/scratch/ghaedi/mab/rfantibody_b7h3_rf2_20260926/A/task_20/ab_0_dldesign_0_best.pdb	1.2261908497456664	152	3	L:146ASP-T:238GLN	REJECT
/scratch/ghaedi/mab/rfantibody_b7h3_rf2_20260926/A/task_20/ab_0_dldesign_1_best.pdb	3.169098452241584	17	0	H:55THR-T:270VAL	PASS
/scratch/ghaedi/mab/rfantibody_b7h3_rf2_20260926/A/task_20/ab_0_dldesign_2_best.pdb	1.1860244516872303	81	5	H:100ARG-T:238GLN	REJECT
/scratch/ghaedi/mab/rfantibody_b7h3_rf2_20260926/A/task_20/ab_0_dldesign_3_best.pdb	0.6720074404350003	236	12	L:180ARG-T:262ILE	REJECT
/scratch/ghaedi/mab/rfantibody_b7h3_rf2_20260926/A/task_200/ab_0_dldesign_0_best.pdb	0.5024589535474515	336	41	L:161TYR-T:263PHE	REJECT
/scratch/ghaedi/mab/rfantibody_b7h3_rf2_20260926/A/task_200/ab_0_dldesign_1_best.pdb	0.5961367292828039	763	49	L:179SER-T:276TYR	REJECT
/scratch/ghaedi/mab/rfantibody_b7h3_rf2_20260926/A/task_200/ab_0_dldesign_2_best.pdb	0.36094459408612684	4368	398	L:122PRO-T:263PHE	REJECT
/scratch/ghaedi/mab/rfantibody_b7h3_rf2_20260926/A/task_200/ab_0_dldesign_3_best.pdb	0.7588392451632964	46	3	L:142GLU-T:257PHE	REJECT
/scratch/ghaedi/mab/rfantibody_b7h3_rf2_20260926/A/task_202/ab_0_dldesign_0_best.pdb	2.7483918934533316	21	0	L:148ARG-T:240GLN	PASS
/scratch/ghaedi/mab/rfantibody_b7h3_rf2_20260926/A/task_202/ab_0_dldesign_1_best.pdb	2.269519772991633	19	0	H:101GLN-T:239ALA	PASS
/scratch/ghaedi/mab/rfantibody_b7h3_rf2_20260926/A/task_202/ab_0_dldesign_2_best.pdb	2.1084812069354566	41	0	H:101TYR-T:229ASN	PASS
/scratch/ghaedi/mab/rfantibody_b7h3_rf2_20260926/A/task_202/ab_0_dldesign_3_best.pdb	1.5890881032843966	26	1	L:146PRO-T:235PRO	REJECT
/scratch/ghaedi/mab/rfantibody_b7h3_rf2_20260926/A/task_203/ab_0_dldesign_0_best.pdb	0.2292029668219853	868	56	H:52HIS-T:237ASN	REJECT
/scratch/ghaedi/mab/rfantibody_b7h3_rf2_20260926/A/task_203/ab_0_dldesign_1_best.pdb	1.595742147090186	147	4	H:59ARG-T:273ARG	REJECT
/scratch/ghaedi/mab/rfantibody_b7h3_rf2_20260926/A/task_203/ab_0_dldesign_2_best.pdb	1.4136297252109546	157	1	H:103VAL-T:233SER	REJECT
/scratch/ghaedi/mab/rfantibody_b7h3_rf2_20260926/A/task_203/ab_0_dldesign_3_best.pdb	2.2172311561945905	45	0	H:104SER-T:235TYR	PASS
/scratch/ghaedi/mab/rfantibody_b7h3_rf2_20260926/A/task_204/ab_0_dldesign_0_best.pdb	0.7094455581649661	315	20	L:205PRO-T:222SER	REJECT
/scratch/ghaedi/mab/rfantibody_b7h3_rf2_20260926/A/task_204/ab_0_dldesign_1_best.pdb	0.517534539910139	310	30	L:162ASN-T:260SER	REJECT
/scratch/ghaedi/mab/rfantibody_b7h3_rf2_20260926/A/task_204/ab_0_dldesign_2_best.pdb	0.2613044201692729	873	84	L:178ARG-T:227ARG	REJECT
/scratch/ghaedi/mab/rfantibody_b7h3_rf2_20260926/A/task_204/ab_0_dldesign_3_best.pdb	3.9622802778198314	10	0	H:33TYR-T:223ALA	PASS
/scratch/ghaedi/mab/rfantibody_b7h3_rf2_20260926/A/task_205/ab_0_dldesign_0_best.pdb	0.40926030836131544	362	29	H:103ASN-T:269ILE	REJECT
/scratch/ghaedi/mab/rfantibody_b7h3_rf2_20260926/A/task_205/ab_0_dldesign_1_best.pdb	0.45984888822307723	593	75	L:153TYR-T:272PHE	REJECT
/scratch/ghaedi/mab/rfantibody_b7h3_rf2_20260926/A/task_205/ab_0_dldesign_2_best.pdb	1.5543677171120114	147	7	L:213ALA-T:270ARG	REJECT
/scratch/ghaedi/mab/rfantibody_b7h3_rf2_20260926/A/task_205/ab_0_dldesign_3_best.pdb	4.197101261585191	6	0	L:153TYR-T:272PHE	PASS
/scratch/ghaedi/mab/rfantibody_b7h3_rf2_20260926/A/task_206/ab_0_dldesign_0_best.pdb	0.3140605037249985	3503	316	L:172TYR-T:268CYS	REJECT
/scratch/ghaedi/mab/rfantibody_b7h3_rf2_20260926/A/task_206/ab_0_dldesign_1_best.pdb	0.9836106953464859	243	5	H:55THR-T:273ARG	REJECT
/scratch/ghaedi/mab/rfantibody_b7h3_rf2_20260926/A/task_206/ab_0_dldesign_2_best.pdb	0.5562607302335841	1727	134	H:104GLY-T:268CYS	REJECT
/scratch/ghaedi/mab/rfantibody_b7h3_rf2_20260926/A/task_206/ab_0_dldesign_3_best.pdb	0.535460549433849	1837	130	H:34ILE-T:272ILE	REJECT
/scratch/ghaedi/mab/rfantibody_b7h3_rf2_20260926/A/task_207/ab_0_dldesign_0_best.pdb	0.26080835876175457	657	60	L:217THR-T:243PRO	REJECT
/scratch/ghaedi/mab/rfantibody_b7h3_rf2_20260926/A/task_207/ab_0_dldesign_1_best.pdb	1.2112914595587625	98	2	L:154TYR-T:244ASP	REJECT
/scratch/ghaedi/mab/rfantibody_b7h3_rf2_20260926/A/task_207/ab_0_dldesign_2_best.pdb	0.5902762065338581	565	38	H:57GLU-T:232GLY	REJECT
/scratch/ghaedi/mab/rfantibody_b7h3_rf2_20260926/A/task_207/ab_0_dldesign_3_best.pdb	1.0521093099103354	146	17	L:154TYR-T:247ALA	REJECT
/scratch/ghaedi/mab/rfantibody_b7h3_rf2_20260926/A/task_208/ab_0_dldesign_0_best.pdb	2.446251213591932	48	0	H:103THR-T:247GLN	PASS
/scratch/ghaedi/mab/rfantibody_b7h3_rf2_20260926/A/task_208/ab_0_dldesign_1_best.pdb	1.6731016107816041	92	1	H:102VAL-T:251SER	REJECT
/scratch/ghaedi/mab/rfantibody_b7h3_rf2_20260926/A/task_208/ab_0_dldesign_2_best.pdb	0.1912223836270223	4598	409	L:214SER-T:259VAL	REJECT
/scratch/ghaedi/mab/rfantibody_b7h3_rf2_20260926/A/task_208/ab_0_dldesign_3_best.pdb	0.8867806944222448	505	46	H:104PRO-T:247GLN	REJECT
/scratch/ghaedi/mab/rfantibody_b7h3_rf2_20260926/A/task_209/ab_0_dldesign_0_best.pdb	0.5550477456940089	1237	124	H:55THR-T:261VAL	REJECT
/scratch/ghaedi/mab/rfantibody_b7h3_rf2_20260926/A/task_209/ab_0_dldesign_1_best.pdb	1.9633611486428069	45	1	H:57GLU-T:264ARG	REJECT
/scratch/ghaedi/mab/rfantibody_b7h3_rf2_20260926/A/task_209/ab_0_dldesign_2_best.pdb	0.4663089104874581	548	25	H:31ALA-T:239GLN	REJECT
/scratch/ghaedi/mab/rfantibody_b7h3_rf2_20260926/A/task_209/ab_0_dldesign_3_best.pdb	0.2126475958011267	1315	122	H:100THR-T:260PHE	REJECT
/scratch/ghaedi/mab/rfantibody_b7h3_rf2_20260926/A/task_21/ab_0_dldesign_0_best.pdb	0.524765661986377	736	69	H:52LEU-T:271ASP	REJECT
/scratch/ghaedi/mab/rfantibody_b7h3_rf2_20260926/A/task_21/ab_0_dldesign_1_best.pdb	2.2038303019969585	79	0	H:57LYS-T:270ARG	PASS
/scratch/ghaedi/mab/rfantibody_b7h3_rf2_20260926/A/task_21/ab_0_dldesign_2_best.pdb	0.820907424744106	18	2	H:57LYS-T:230SER	REJECT
/scratch/ghaedi/mab/rfantibody_b7h3_rf2_20260926/A/task_21/ab_0_dldesign_3_best.pdb	2.517872316063702	14	0	H:57LYS-T:241ASP	PASS
/scratch/ghaedi/mab/rfantibody_b7h3_rf2_20260926/A/task_210/ab_0_dldesign_0_best.pdb	1.9842358730755778	128	1	H:33TYR-T:241GLN	REJECT
/scratch/ghaedi/mab/rfantibody_b7h3_rf2_20260926/A/task_210/ab_0_dldesign_1_best.pdb	1.1678925464271108	168	4	H:50ARG-T:237ASP	REJECT
/scratch/ghaedi/mab/rfantibody_b7h3_rf2_20260926/A/task_210/ab_0_dldesign_2_best.pdb	1.5923623959388156	33	1	H:31GLU-T:237ASP	REJECT
/scratch/ghaedi/mab/rfantibody_b7h3_rf2_20260926/A/task_210/ab_0_dldesign_3_best.pdb	0.5194516339371745	410	25	L:170VAL-T:237ASP	REJECT
/scratch/ghaedi/mab/rfantibody_b7h3_rf2_20260926/A/task_211/ab_0_dldesign_0_best.pdb	1.8148931098001344	65	2	H:101PRO-T:264ARG	REJECT
/scratch/ghaedi/mab/rfantibody_b7h3_rf2_20260926/A/task_211/ab_0_dldesign_1_best.pdb	0.8065847754576084	352	24	H:54TYR-T:262SER	REJECT
/scratch/ghaedi/mab/rfantibody_b7h3_rf2_20260926/A/task_211/ab_0_dldesign_2_best.pdb	0.19282375372344532	458	31	H:100THR-T:266PHE	REJECT
/scratch/ghaedi/mab/rfantibody_b7h3_rf2_20260926/A/task_211/ab_0_dldesign_3_best.pdb	0.31428649350552723	288	21	H:33TYR-T:263ILE	REJECT
/scratch/ghaedi/mab/rfantibody_b7h3_rf2_20260926/A/task_212/ab_0_dldesign_0_best.pdb	0.37250637578436047	1508	129	L:184ARG-T:228SER	REJECT
/scratch/ghaedi/mab/rfantibody_b7h3_rf2_20260926/A/task_212/ab_0_dldesign_1_best.pdb	0.4692685798133102	1098	70	L:174PRO-T:270PHE	REJECT
/scratch/ghaedi/mab/rfantibody_b7h3_rf2_20260926/A/task_212/ab_0_dldesign_2_best.pdb	1.3399615666130122	63	3	L:148ASN-T:227GLY	REJECT
/scratch/ghaedi/mab/rfantibody_b7h3_rf2_20260926/A/task_212/ab_0_dldesign_3_best.pdb	1.2792048311353426	49	3	H:102LEU-T:227GLY	REJECT
/scratch/ghaedi/mab/rfantibody_b7h3_rf2_20260926/A/task_213/ab_0_dldesign_0_best.pdb	0.6324729243216669	161	19	H:101TYR-T:268ARG	REJECT
/scratch/ghaedi/mab/rfantibody_b7h3_rf2_20260926/A/task_213/ab_0_dldesign_1_best.pdb	0.4145395035458021	990	83	H:31LYS-T:271GLY	REJECT
/scratch/ghaedi/mab/rfantibody_b7h3_rf2_20260926/A/task_213/ab_0_dldesign_2_best.pdb	1.9540340324569578	99	1	H:101TYR-T:267ILE	REJECT
/scratch/ghaedi/mab/rfantibody_b7h3_rf2_20260926/A/task_213/ab_0_dldesign_3_best.pdb	0.5864102659401539	208	15	H:101TYR-T:267ILE	REJECT
/scratch/ghaedi/mab/rfantibody_b7h3_rf2_20260926/A/task_214/ab_0_dldesign_0_best.pdb	1.1070203250166628	132	1	L:184ARG-T:268ILE	REJECT
/scratch/ghaedi/mab/rfantibody_b7h3_rf2_20260926/A/task_214/ab_0_dldesign_1_best.pdb	0.33125518863860975	730	72	L:213GLY-T:238PHE	REJECT
/scratch/ghaedi/mab/rfantibody_b7h3_rf2_20260926/A/task_214/ab_0_dldesign_2_best.pdb	0.5705769010396404	1205	108	H:31SER-T:272GLY	REJECT
/scratch/ghaedi/mab/rfantibody_b7h3_rf2_20260926/A/task_214/ab_0_dldesign_3_best.pdb	0.6714365197097946	1131	89	H:52HIS-T:271PHE	REJECT
/scratch/ghaedi/mab/rfantibody_b7h3_rf2_20260926/A/task_215/ab_0_dldesign_0_best.pdb	0.9563561052244083	128	7	L:213THR-T:271PHE	REJECT
/scratch/ghaedi/mab/rfantibody_b7h3_rf2_20260926/A/task_215/ab_0_dldesign_1_best.pdb	0.28981545852490326	1974	180	L:217SER-T:269ARG	REJECT
/scratch/ghaedi/mab/rfantibody_b7h3_rf2_20260926/A/task_215/ab_0_dldesign_2_best.pdb	0.9086990700996662	186	14	L:185ARG-T:269ARG	REJECT
/scratch/ghaedi/mab/rfantibody_b7h3_rf2_20260926/A/task_215/ab_0_dldesign_3_best.pdb	0.4358658050363684	771	58	H:31ASP-T:268ILE	REJECT
/scratch/ghaedi/mab/rfantibody_b7h3_rf2_20260926/A/task_216/ab_0_dldesign_0_best.pdb	0.834472288335568	169	8	L:148GLU-T:270PHE	REJECT
/scratch/ghaedi/mab/rfantibody_b7h3_rf2_20260926/A/task_216/ab_0_dldesign_1_best.pdb	0.4271732669538235	1095	90	H:105PHE-T:241LEU	REJECT
/scratch/ghaedi/mab/rfantibody_b7h3_rf2_20260926/A/task_216/ab_0_dldesign_2_best.pdb	1.7926882049034631	35	1	H:102SER-T:239ASP	REJECT
/scratch/ghaedi/mab/rfantibody_b7h3_rf2_20260926/A/task_216/ab_0_dldesign_3_best.pdb	0.9104652656746435	247	12	H:102THR-T:242ALA	REJECT
/scratch/ghaedi/mab/rfantibody_b7h3_rf2_20260926/A/task_217/ab_0_dldesign_0_best.pdb	4.446396406079872	2	0	H:99ASP-T:237ASP	PASS
/scratch/ghaedi/mab/rfantibody_b7h3_rf2_20260926/A/task_217/ab_0_dldesign_1_best.pdb	1.3022292424915056	42	3	L:146ASP-T:226SER	REJECT
/scratch/ghaedi/mab/rfantibody_b7h3_rf2_20260926/A/task_217/ab_0_dldesign_2_best.pdb	1.6493835211981478	124	2	H:100GLY-T:241GLN	REJECT
/scratch/ghaedi/mab/rfantibody_b7h3_rf2_20260926/A/task_217/ab_0_dldesign_3_best.pdb	1.0939236719259708	104	4	L:182ARG-T:266ARG	REJECT
/scratch/ghaedi/mab/rfantibody_b7h3_rf2_20260926/A/task_218/ab_0_dldesign_0_best.pdb	2.0772255534727075	67	0	L:169THR-T:236PRO	PASS
/scratch/ghaedi/mab/rfantibody_b7h3_rf2_20260926/A/task_218/ab_0_dldesign_1_best.pdb	0.6926138895517476	419	32	H:103ARG-T:238LEU	REJECT
/scratch/ghaedi/mab/rfantibody_b7h3_rf2_20260926/A/task_218/ab_0_dldesign_2_best.pdb	1.4996379563081226	126	3	H:102PRO-T:236PRO	REJECT
/scratch/ghaedi/mab/rfantibody_b7h3_rf2_20260926/A/task_218/ab_0_dldesign_3_best.pdb	0.13324413683160735	2743	247	L:121ILE-T:247ARG	REJECT
/scratch/ghaedi/mab/rfantibody_b7h3_rf2_20260926/A/task_219/ab_0_dldesign_0_best.pdb	0.356536113177891	252	14	H:55THR-T:273ARG	REJECT
/scratch/ghaedi/mab/rfantibody_b7h3_rf2_20260926/A/task_219/ab_0_dldesign_1_best.pdb	0.6081858268654393	795	68	L:153HIS-T:242PHE	REJECT
/scratch/ghaedi/mab/rfantibody_b7h3_rf2_20260926/A/task_219/ab_0_dldesign_2_best.pdb	1.2912029275059758	122	3	H:103SER-T:241LEU	REJECT
/scratch/ghaedi/mab/rfantibody_b7h3_rf2_20260926/A/task_219/ab_0_dldesign_3_best.pdb	1.6675880786333312	95	3	H:52GLN-T:248GLN	REJECT
/scratch/ghaedi/mab/rfantibody_b7h3_rf2_20260926/A/task_22/ab_0_dldesign_0_best.pdb	1.8440341645425145	29	1	H:50ARG-T:265ARG	REJECT
/scratch/ghaedi/mab/rfantibody_b7h3_rf2_20260926/A/task_22/ab_0_dldesign_1_best.pdb	1.6322162846877866	73	5	H:31SER-T:237LEU	REJECT
/scratch/ghaedi/mab/rfantibody_b7h3_rf2_20260926/A/task_22/ab_0_dldesign_2_best.pdb	0.36606147024782604	786	70	L:151TRP-T:265ARG	REJECT
/scratch/ghaedi/mab/rfantibody_b7h3_rf2_20260926/A/task_22/ab_0_dldesign_3_best.pdb	0.7590764124908632	187	16	L:146THR-T:239ALA	REJECT
/scratch/ghaedi/mab/rfantibody_b7h3_rf2_20260926/A/task_220/ab_0_dldesign_0_best.pdb	0.4688720507771818	790	68	L:146SER-T:262PHE	REJECT
/scratch/ghaedi/mab/rfantibody_b7h3_rf2_20260926/A/task_220/ab_0_dldesign_1_best.pdb	0.8232824545682973	122	6	L:147SER-T:263THR	REJECT
/scratch/ghaedi/mab/rfantibody_b7h3_rf2_20260926/A/task_220/ab_0_dldesign_2_best.pdb	0.5284183948350013	191	28	L:168GLY-T:269ARG	REJECT
/scratch/ghaedi/mab/rfantibody_b7h3_rf2_20260926/A/task_220/ab_0_dldesign_3_best.pdb	2.056765421724119	89	0	L:209VAL-T:269ARG	PASS
/scratch/ghaedi/mab/rfantibody_b7h3_rf2_20260926/A/task_221/ab_0_dldesign_0_best.pdb	1.6331745160882225	43	1	H:101TYR-T:241ASP	REJECT
/scratch/ghaedi/mab/rfantibody_b7h3_rf2_20260926/A/task_221/ab_0_dldesign_1_best.pdb	1.1531045052379265	141	5	H:33TYR-T:269ILE	REJECT
/scratch/ghaedi/mab/rfantibody_b7h3_rf2_20260926/A/task_221/ab_0_dldesign_2_best.pdb	0.20395587758140235	1281	99	H:101TYR-T:232TYR	REJECT
/scratch/ghaedi/mab/rfantibody_b7h3_rf2_20260926/A/task_221/ab_0_dldesign_3_best.pdb	0.31017575662839875	936	66	L:149ALA-T:269ILE	REJECT
/scratch/ghaedi/mab/rfantibody_b7h3_rf2_20260926/A/task_222/ab_0_dldesign_0_best.pdb	3.8005744302670887	1	0	H:33TYR-T:244GLN	PASS
/scratch/ghaedi/mab/rfantibody_b7h3_rf2_20260926/A/task_222/ab_0_dldesign_1_best.pdb	0.3589944289261324	2258	182	L:220GLN-T:286LYS	REJECT
/scratch/ghaedi/mab/rfantibody_b7h3_rf2_20260926/A/task_222/ab_0_dldesign_2_best.pdb	0.47819347548873953	2554	219	L:152ASN-T:311GLN	REJECT
/scratch/ghaedi/mab/rfantibody_b7h3_rf2_20260926/A/task_222/ab_0_dldesign_3_best.pdb	0.44355495713609217	2774	203	H:100LEU-T:257ALA	REJECT
/scratch/ghaedi/mab/rfantibody_b7h3_rf2_20260926/A/task_223/ab_0_dldesign_0_best.pdb	1.3773833888935911	95	3	L:213ASN-T:265PHE	REJECT
/scratch/ghaedi/mab/rfantibody_b7h3_rf2_20260926/A/task_223/ab_0_dldesign_1_best.pdb	1.4241000667087969	122	3	H:102ASP-T:259GLU	REJECT
/scratch/ghaedi/mab/rfantibody_b7h3_rf2_20260926/A/task_223/ab_0_dldesign_2_best.pdb	1.2444504811361525	52	7	L:150ASP-T:269ARG	REJECT
/scratch/ghaedi/mab/rfantibody_b7h3_rf2_20260926/A/task_223/ab_0_dldesign_3_best.pdb	0.38971784665319015	520	55	H:57SER-T:263THR	REJECT
/scratch/ghaedi/mab/rfantibody_b7h3_rf2_20260926/A/task_224/ab_0_dldesign_0_best.pdb	0.2484451649760999	2476	242	L:210SER-T:266ILE	REJECT
/scratch/ghaedi/mab/rfantibody_b7h3_rf2_20260926/A/task_224/ab_0_dldesign_1_best.pdb	0.5457398647707535	344	18	L:210GLY-T:267ARG	REJECT
/scratch/ghaedi/mab/rfantibody_b7h3_rf2_20260926/A/task_224/ab_0_dldesign_2_best.pdb	0.7819475685747732	436	26	L:150PHE-T:269PHE	REJECT
/scratch/ghaedi/mab/rfantibody_b7h3_rf2_20260926/A/task_224/ab_0_dldesign_3_best.pdb	0.5701350717154671	490	31	L:150PHE-T:269PHE	REJECT
/scratch/ghaedi/mab/rfantibody_b7h3_rf2_20260926/A/task_225/ab_0_dldesign_0_best.pdb	0.9331141409281073	367	23	L:146GLU-T:265ARG	REJECT
/scratch/ghaedi/mab/rfantibody_b7h3_rf2_20260926/A/task_225/ab_0_dldesign_1_best.pdb	0.16920106382644215	1865	147	L:167ALA-T:266ASP	REJECT
/scratch/ghaedi/mab/rfantibody_b7h3_rf2_20260926/A/task_225/ab_0_dldesign_2_best.pdb	0.4334616476690868	621	64	H:102PHE-T:266ASP	REJECT
/scratch/ghaedi/mab/rfantibody_b7h3_rf2_20260926/A/task_225/ab_0_dldesign_3_best.pdb	0.40160801784824773	1148	108	H:30SER-T:242ASN	REJECT
/scratch/ghaedi/mab/rfantibody_b7h3_rf2_20260926/A/task_226/ab_0_dldesign_0_best.pdb	0.32769040266690636	1598	157	H:33TYR-T:239ASP	REJECT
/scratch/ghaedi/mab/rfantibody_b7h3_rf2_20260926/A/task_226/ab_0_dldesign_1_best.pdb	1.1859806069240757	213	12	H:101ILE-T:243GLN	REJECT
/scratch/ghaedi/mab/rfantibody_b7h3_rf2_20260926/A/task_226/ab_0_dldesign_2_best.pdb	0.47014146807104634	696	51	L:213ASP-T:239ASP	REJECT
/scratch/ghaedi/mab/rfantibody_b7h3_rf2_20260926/A/task_226/ab_0_dldesign_3_best.pdb	0.20051184503664798	474	16	H:55THR-T:242ALA	REJECT
/scratch/ghaedi/mab/rfantibody_b7h3_rf2_20260926/A/task_227/ab_0_dldesign_0_best.pdb	0.416168235212635	122	6	L:214LEU-T:270ARG	REJECT
/scratch/ghaedi/mab/rfantibody_b7h3_rf2_20260926/A/task_227/ab_0_dldesign_1_best.pdb	1.0678899756061027	167	4	L:148TYR-T:270ARG	REJECT
/scratch/ghaedi/mab/rfantibody_b7h3_rf2_20260926/A/task_227/ab_0_dldesign_2_best.pdb	1.3853093517333952	195	5	L:214LEU-T:236THR	REJECT
/scratch/ghaedi/mab/rfantibody_b7h3_rf2_20260926/A/task_227/ab_0_dldesign_3_best.pdb	0.2850035087503317	2282	220	H:98ARG-T:272PHE	REJECT
/scratch/ghaedi/mab/rfantibody_b7h3_rf2_20260926/A/task_228/ab_0_dldesign_0_best.pdb	0.5373499790639258	222	20	L:209LEU-T:227ALA	REJECT
/scratch/ghaedi/mab/rfantibody_b7h3_rf2_20260926/A/task_228/ab_0_dldesign_1_best.pdb	0.5062983310262827	388	42	L:211GLU-T:266ARG	REJECT
/scratch/ghaedi/mab/rfantibody_b7h3_rf2_20260926/A/task_228/ab_0_dldesign_2_best.pdb	1.1535085608698357	578	31	L:146SER-T:240ALA	REJECT
/scratch/ghaedi/mab/rfantibody_b7h3_rf2_20260926/A/task_228/ab_0_dldesign_3_best.pdb	0.6191235740948671	219	17	H:101LEU-T:266ARG	REJECT
/scratch/ghaedi/mab/rfantibody_b7h3_rf2_20260926/A/task_229/ab_0_dldesign_0_best.pdb	1.735736731189382	50	1	H:102LEU-T:264PHE	REJECT
/scratch/ghaedi/mab/rfantibody_b7h3_rf2_20260926/A/task_229/ab_0_dldesign_1_best.pdb	1.28796195595988	240	7	H:52ASN-T:243GLN	REJECT
/scratch/ghaedi/mab/rfantibody_b7h3_rf2_20260926/A/task_229/ab_0_dldesign_2_best.pdb	0.6033854489461944	354	17	L:147SER-T:262THR	REJECT
/scratch/ghaedi/mab/rfantibody_b7h3_rf2_20260926/A/task_229/ab_0_dldesign_3_best.pdb	3.1938919831453285	13	0	L:146SER-T:270PHE	PASS
/scratch/ghaedi/mab/rfantibody_b7h3_rf2_20260926/A/task_23/ab_0_dldesign_0_best.pdb	0.14075155416548696	3938	326	H:33TYR-T:255ARG	REJECT
/scratch/ghaedi/mab/rfantibody_b7h3_rf2_20260926/A/task_23/ab_0_dldesign_1_best.pdb	1.3430078182944438	132	7	L:149SER-T:265THR	REJECT
/scratch/ghaedi/mab/rfantibody_b7h3_rf2_20260926/A/task_23/ab_0_dldesign_2_best.pdb	0.5848914429191109	513	49	H:57TYR-T:232ALA	REJECT
/scratch/ghaedi/mab/rfantibody_b7h3_rf2_20260926/A/task_23/ab_0_dldesign_3_best.pdb	1.9052028763362694	54	1	L:213THR-T:246GLN	REJECT
/scratch/ghaedi/mab/rfantibody_b7h3_rf2_20260926/A/task_230/ab_0_dldesign_0_best.pdb	0.5982349036958657	134	13	H:31LYS-T:265ARG	REJECT
/scratch/ghaedi/mab/rfantibody_b7h3_rf2_20260926/A/task_230/ab_0_dldesign_1_best.pdb	2.4754858109066187	16	0	H:102TYR-T:246ARG	PASS
/scratch/ghaedi/mab/rfantibody_b7h3_rf2_20260926/A/task_230/ab_0_dldesign_2_best.pdb	1.7170148514209183	42	1	H:102TYR-T:237LEU	REJECT
/scratch/ghaedi/mab/rfantibody_b7h3_rf2_20260926/A/task_230/ab_0_dldesign_3_best.pdb	1.5449080878809587	142	4	H:102TYR-T:237LEU	REJECT
/scratch/ghaedi/mab/rfantibody_b7h3_rf2_20260926/A/task_231/ab_0_dldesign_0_best.pdb	1.3697244248388065	101	6	L:179ARG-T:264ARG	REJECT
/scratch/ghaedi/mab/rfantibody_b7h3_rf2_20260926/A/task_231/ab_0_dldesign_1_best.pdb	1.911092357789126	67	3	L:163ASN-T:239GLN	REJECT
/scratch/ghaedi/mab/rfantibody_b7h3_rf2_20260926/A/task_231/ab_0_dldesign_2_best.pdb	0.9127442138956584	266	21	L:171VAL-T:264ARG	REJECT
/scratch/ghaedi/mab/rfantibody_b7h3_rf2_20260926/A/task_231/ab_0_dldesign_3_best.pdb	0.5324105558683068	418	38	L:163ASN-T:239GLN	REJECT
/scratch/ghaedi/mab/rfantibody_b7h3_rf2_20260926/A/task_232/ab_0_dldesign_0_best.pdb	3.2969775552769542	21	0	H:102HIS-T:236PRO	PASS
/scratch/ghaedi/mab/rfantibody_b7h3_rf2_20260926/A/task_232/ab_0_dldesign_1_best.pdb	0.6152479175096816	1254	108	L:186PHE-T:226SER	REJECT
/scratch/ghaedi/mab/rfantibody_b7h3_rf2_20260926/A/task_232/ab_0_dldesign_2_best.pdb	0.41556828560418263	1659	140	H:60TYR-T:239LEU	REJECT
/scratch/ghaedi/mab/rfantibody_b7h3_rf2_20260926/A/task_232/ab_0_dldesign_3_best.pdb	1.3802184609691315	84	5	H:55THR-T:241GLN	REJECT
/scratch/ghaedi/mab/rfantibody_b7h3_rf2_20260926/A/task_233/ab_0_dldesign_0_best.pdb	0.4784537595212345	1738	132	H:106MET-T:268ASP	REJECT
/scratch/ghaedi/mab/rfantibody_b7h3_rf2_20260926/A/task_233/ab_0_dldesign_1_best.pdb	0.8031120718803825	480	35	H:55THR-T:266ILE	REJECT
/scratch/ghaedi/mab/rfantibody_b7h3_rf2_20260926/A/task_233/ab_0_dldesign_2_best.pdb	0.4960574563495643	288	15	H:33TYR-T:268ASP	REJECT
/scratch/ghaedi/mab/rfantibody_b7h3_rf2_20260926/A/task_233/ab_0_dldesign_3_best.pdb	0.8820663240369171	82	5	L:170SER-T:269PHE	REJECT
/scratch/ghaedi/mab/rfantibody_b7h3_rf2_20260926/A/task_234/ab_0_dldesign_0_best.pdb	0.7641236810883433	225	7	L:171TRP-T:239ASP	REJECT
/scratch/ghaedi/mab/rfantibody_b7h3_rf2_20260926/A/task_234/ab_0_dldesign_1_best.pdb	2.162268022239612	54	0	L:152PHE-T:264PHE	PASS
/scratch/ghaedi/mab/rfantibody_b7h3_rf2_20260926/A/task_234/ab_0_dldesign_2_best.pdb	1.1483614413589487	128	4	H:101TYR-T:242ALA	REJECT
/scratch/ghaedi/mab/rfantibody_b7h3_rf2_20260926/A/task_234/ab_0_dldesign_3_best.pdb	0.3981218406468056	810	100	H:33TYR-T:267ILE	REJECT
/scratch/ghaedi/mab/rfantibody_b7h3_rf2_20260926/A/task_235/ab_0_dldesign_0_best.pdb	0.6272910010513465	320	33	H:102SER-T:273PHE	REJECT
/scratch/ghaedi/mab/rfantibody_b7h3_rf2_20260926/A/task_235/ab_0_dldesign_1_best.pdb	1.008161197428269	144	9	L:172ASN-T:242ASP	REJECT
/scratch/ghaedi/mab/rfantibody_b7h3_rf2_20260926/A/task_235/ab_0_dldesign_2_best.pdb	0.24578445841834728	1728	167	L:172ARG-T:239LEU	REJECT
/scratch/ghaedi/mab/rfantibody_b7h3_rf2_20260926/A/task_235/ab_0_dldesign_3_best.pdb	0.28203014023327183	432	29	H:57ARG-T:270ILE	REJECT
/scratch/ghaedi/mab/rfantibody_b7h3_rf2_20260926/A/task_236/ab_0_dldesign_0_best.pdb	0.11356495938448549	496	45	H:55ASP-T:262ARG	REJECT
/scratch/ghaedi/mab/rfantibody_b7h3_rf2_20260926/A/task_236/ab_0_dldesign_1_best.pdb	1.22697391985323	103	8	L:161ASN-T:262ARG	REJECT
/scratch/ghaedi/mab/rfantibody_b7h3_rf2_20260926/A/task_236/ab_0_dldesign_2_best.pdb	1.4728567479561605	79	6	H:100ARG-T:262ARG	REJECT
/scratch/ghaedi/mab/rfantibody_b7h3_rf2_20260926/A/task_236/ab_0_dldesign_3_best.pdb	0.5491548051323952	379	44	L:142LEU-T:261ILE	REJECT
/scratch/ghaedi/mab/rfantibody_b7h3_rf2_20260926/A/task_237/ab_0_dldesign_0_best.pdb	0.60021662756042	923	94	L:173TYR-T:275ARG	REJECT
/scratch/ghaedi/mab/rfantibody_b7h3_rf2_20260926/A/task_237/ab_0_dldesign_1_best.pdb	0.5660830327787616	895	78	H:54LEU-T:250GLN	REJECT
/scratch/ghaedi/mab/rfantibody_b7h3_rf2_20260926/A/task_237/ab_0_dldesign_2_best.pdb	0.12897286536322336	1021	67	H:58THR-T:236ALA	REJECT
/scratch/ghaedi/mab/rfantibody_b7h3_rf2_20260926/A/task_237/ab_0_dldesign_3_best.pdb	0.9123343685294334	238	11	L:218ILE-T:238ALA	REJECT
/scratch/ghaedi/mab/rfantibody_b7h3_rf2_20260926/A/task_238/ab_0_dldesign_0_best.pdb	0.7795184410903945	80	13	L:209SER-T:250ARG	REJECT
/scratch/ghaedi/mab/rfantibody_b7h3_rf2_20260926/A/task_238/ab_0_dldesign_1_best.pdb	1.104570052101721	93	3	H:50ARG-T:250ARG	REJECT
/scratch/ghaedi/mab/rfantibody_b7h3_rf2_20260926/A/task_238/ab_0_dldesign_2_best.pdb	0.6184221858892197	320	20	L:171ARG-T:241GLN	REJECT
/scratch/ghaedi/mab/rfantibody_b7h3_rf2_20260926/A/task_238/ab_0_dldesign_3_best.pdb	0.39288802476023543	714	51	H:101ASN-T:235PHE	REJECT
/scratch/ghaedi/mab/rfantibody_b7h3_rf2_20260926/A/task_239/ab_0_dldesign_0_best.pdb	0.2887784618007386	69	8	H:103THR-T:242GLN	REJECT
/scratch/ghaedi/mab/rfantibody_b7h3_rf2_20260926/A/task_239/ab_0_dldesign_1_best.pdb	2.281803234286427	31	0	H:101TYR-T:248ARG	PASS
/scratch/ghaedi/mab/rfantibody_b7h3_rf2_20260926/A/task_239/ab_0_dldesign_2_best.pdb	1.140544606755914	166	10	H:101TYR-T:237PRO	REJECT
/scratch/ghaedi/mab/rfantibody_b7h3_rf2_20260926/A/task_239/ab_0_dldesign_3_best.pdb	1.1634066357039567	69	2	H:101TYR-T:248ARG	REJECT
/scratch/ghaedi/mab/rfantibody_b7h3_rf2_20260926/A/task_24/ab_0_dldesign_0_best.pdb	0.619400516628782	541	48	L:146VAL-T:267ARG	REJECT
/scratch/ghaedi/mab/rfantibody_b7h3_rf2_20260926/A/task_24/ab_0_dldesign_1_best.pdb	0.7741472728105446	470	51	L:207ARG-T:268ASP	REJECT
/scratch/ghaedi/mab/rfantibody_b7h3_rf2_20260926/A/task_24/ab_0_dldesign_2_best.pdb	0.6481982721359256	878	73	L:212ALA-T:269PHE	REJECT
/scratch/ghaedi/mab/rfantibody_b7h3_rf2_20260926/A/task_24/ab_0_dldesign_3_best.pdb	0.7193031349855199	82	6	L:148ASN-T:242GLN	REJECT
/scratch/ghaedi/mab/rfantibody_b7h3_rf2_20260926/A/task_240/ab_0_dldesign_0_best.pdb	0.26916351907344327	814	47	H:101LEU-T:239ARG	REJECT
/scratch/ghaedi/mab/rfantibody_b7h3_rf2_20260926/A/task_240/ab_0_dldesign_1_best.pdb	0.5919932432046836	112	10	H:106ARG-T:234SER	REJECT
/scratch/ghaedi/mab/rfantibody_b7h3_rf2_20260926/A/task_240/ab_0_dldesign_2_best.pdb	0.35918936509869037	611	64	H:103PRO-T:274ARG	REJECT
/scratch/ghaedi/mab/rfantibody_b7h3_rf2_20260926/A/task_240/ab_0_dldesign_3_best.pdb	0.24547301277330194	3116	281	L:184ARG-T:275ASP	REJECT
/scratch/ghaedi/mab/rfantibody_b7h3_rf2_20260926/A/task_241/ab_0_dldesign_0_best.pdb	1.2498695931976258	319	22	H:101PHE-T:239ASP	REJECT
/scratch/ghaedi/mab/rfantibody_b7h3_rf2_20260926/A/task_241/ab_0_dldesign_1_best.pdb	0.39114830946841445	1620	145	L:190THR-T:270PHE	REJECT
/scratch/ghaedi/mab/rfantibody_b7h3_rf2_20260926/A/task_241/ab_0_dldesign_2_best.pdb	0.4609305804565361	102	9	L:148ASN-T:238PRO	REJECT
/scratch/ghaedi/mab/rfantibody_b7h3_rf2_20260926/A/task_241/ab_0_dldesign_3_best.pdb	2.05041215369008	47	0	H:101PHE-T:232ASN	PASS
/scratch/ghaedi/mab/rfantibody_b7h3_rf2_20260926/A/task_242/ab_0_dldesign_0_best.pdb	0.442874700112797	442	32	L:146ASP-T:267ARG	REJECT
/scratch/ghaedi/mab/rfantibody_b7h3_rf2_20260926/A/task_242/ab_0_dldesign_1_best.pdb	2.9138368176684164	5	0	H:52GLU-T:227SER	PASS
/scratch/ghaedi/mab/rfantibody_b7h3_rf2_20260926/A/task_242/ab_0_dldesign_2_best.pdb	0.48752230718193873	107	10	H:104GLN-T:237PRO	REJECT
/scratch/ghaedi/mab/rfantibody_b7h3_rf2_20260926/A/task_242/ab_0_dldesign_3_best.pdb	2.5696606779884377	36	0	H:57ASN-T:242GLN	PASS
/scratch/ghaedi/mab/rfantibody_b7h3_rf2_20260926/A/task_243/ab_0_dldesign_0_best.pdb	0.787881336242965	33	4	L:214VAL-T:246GLN	REJECT
/scratch/ghaedi/mab/rfantibody_b7h3_rf2_20260926/A/task_243/ab_0_dldesign_1_best.pdb	2.9290186069740143	19	0	H:55THR-T:257ARG	PASS
/scratch/ghaedi/mab/rfantibody_b7h3_rf2_20260926/A/task_243/ab_0_dldesign_2_best.pdb	0.40792523824838106	1067	89	L:149GLU-T:273PHE	REJECT
/scratch/ghaedi/mab/rfantibody_b7h3_rf2_20260926/A/task_243/ab_0_dldesign_3_best.pdb	0.34477818956540796	391	40	L:151GLU-T:255ARG	REJECT
/scratch/ghaedi/mab/rfantibody_b7h3_rf2_20260926/A/task_244/ab_0_dldesign_0_best.pdb	1.0668997141249947	70	1	L:167TYR-T:244GLN	REJECT
/scratch/ghaedi/mab/rfantibody_b7h3_rf2_20260926/A/task_244/ab_0_dldesign_1_best.pdb	2.580286999540941	33	0	H:101TYR-T:243ALA	PASS
/scratch/ghaedi/mab/rfantibody_b7h3_rf2_20260926/A/task_244/ab_0_dldesign_2_best.pdb	0.4519789818122086	499	44	H:103TYR-T:245GLY	REJECT
/scratch/ghaedi/mab/rfantibody_b7h3_rf2_20260926/A/task_244/ab_0_dldesign_3_best.pdb	1.2595824705036196	67	2	H:101TYR-T:240ASP	REJECT
/scratch/ghaedi/mab/rfantibody_b7h3_rf2_20260926/A/task_245/ab_0_dldesign_0_best.pdb	0.3747692623468456	2854	253	H:111TRP-T:269SER	REJECT
/scratch/ghaedi/mab/rfantibody_b7h3_rf2_20260926/A/task_245/ab_0_dldesign_1_best.pdb	0.7608758111544894	226	24	L:149VAL-T:270ILE	REJECT
/scratch/ghaedi/mab/rfantibody_b7h3_rf2_20260926/A/task_245/ab_0_dldesign_2_best.pdb	0.5259134909849724	286	30	H:33TYR-T:246GLN	REJECT
/scratch/ghaedi/mab/rfantibody_b7h3_rf2_20260926/A/task_245/ab_0_dldesign_3_best.pdb	0.9266158858987912	264	16	H:52ASN-T:242ASP	REJECT
/scratch/ghaedi/mab/rfantibody_b7h3_rf2_20260926/A/task_246/ab_0_dldesign_0_best.pdb	0.8336875913674131	84	4	H:50ARG-T:269ASP	REJECT
/scratch/ghaedi/mab/rfantibody_b7h3_rf2_20260926/A/task_246/ab_0_dldesign_1_best.pdb	4.641760980490054	0	0	L:210PRO-T:270PHE	PASS
/scratch/ghaedi/mab/rfantibody_b7h3_rf2_20260926/A/task_246/ab_0_dldesign_2_best.pdb	1.009721248662223	450	30	L:186THR-T:268ARG	REJECT
/scratch/ghaedi/mab/rfantibody_b7h3_rf2_20260926/A/task_246/ab_0_dldesign_3_best.pdb	1.41315038124044	143	1	L:211VAL-T:260SER	REJECT
/scratch/ghaedi/mab/rfantibody_b7h3_rf2_20260926/A/task_247/ab_0_dldesign_0_best.pdb	0.6803197777516101	776	56	H:55THR-T:261GLY	REJECT
/scratch/ghaedi/mab/rfantibody_b7h3_rf2_20260926/A/task_247/ab_0_dldesign_1_best.pdb	2.404872345884496	37	0	H:55THR-T:232TYR	PASS
/scratch/ghaedi/mab/rfantibody_b7h3_rf2_20260926/A/task_247/ab_0_dldesign_2_best.pdb	1.3290154250421633	105	3	H:59ARG-T:241ASP	REJECT
/scratch/ghaedi/mab/rfantibody_b7h3_rf2_20260926/A/task_247/ab_0_dldesign_3_best.pdb	0.30991934434623597	811	68	H:105ASN-T:269ILE	REJECT
/scratch/ghaedi/mab/rfantibody_b7h3_rf2_20260926/A/task_248/ab_0_dldesign_0_best.pdb	0.3629407665170732	772	76	H:29PHE-T:241ASN	REJECT
/scratch/ghaedi/mab/rfantibody_b7h3_rf2_20260926/A/task_248/ab_0_dldesign_1_best.pdb	0.6727480955008356	159	18	H:59ARG-T:265ASP	REJECT
/scratch/ghaedi/mab/rfantibody_b7h3_rf2_20260926/A/task_248/ab_0_dldesign_2_best.pdb	2.2211935980458803	122	0	H:31SER-T:266PHE	PASS
/scratch/ghaedi/mab/rfantibody_b7h3_rf2_20260926/A/task_248/ab_0_dldesign_3_best.pdb	0.2560898279900993	637	70	L:145ASN-T:238ALA	REJECT
/scratch/ghaedi/mab/rfantibody_b7h3_rf2_20260926/A/task_249/ab_0_dldesign_0_best.pdb	0.3390707890691852	854	83	L:178VAL-T:271ASP	REJECT
/scratch/ghaedi/mab/rfantibody_b7h3_rf2_20260926/A/task_249/ab_0_dldesign_1_best.pdb	1.5702458406249657	310	10	H:33TYR-T:240PRO	REJECT
/scratch/ghaedi/mab/rfantibody_b7h3_rf2_20260926/A/task_249/ab_0_dldesign_2_best.pdb	0.646661426095604	260	31	L:149PRO-T:241ASP	REJECT
/scratch/ghaedi/mab/rfantibody_b7h3_rf2_20260926/A/task_249/ab_0_dldesign_3_best.pdb	0.9351711073381171	206	9	L:213PRO-T:240PRO	REJECT
/scratch/ghaedi/mab/rfantibody_b7h3_rf2_20260926/A/task_25/ab_0_dldesign_0_best.pdb	0.447240427510752	914	99	L:170GLY-T:272PHE	REJECT
/scratch/ghaedi/mab/rfantibody_b7h3_rf2_20260926/A/task_25/ab_0_dldesign_1_best.pdb	0.5741576438575042	1049	89	H:31LYS-T:268SER	REJECT
/scratch/ghaedi/mab/rfantibody_b7h3_rf2_20260926/A/task_25/ab_0_dldesign_2_best.pdb	0.672542191985009	408	35	L:213PRO-T:270ARG	REJECT
/scratch/ghaedi/mab/rfantibody_b7h3_rf2_20260926/A/task_25/ab_0_dldesign_3_best.pdb	1.441250845619874	190	5	H:103LEU-T:263PHE	REJECT
/scratch/ghaedi/mab/rfantibody_b7h3_rf2_20260926/A/task_250/ab_0_dldesign_0_best.pdb	1.2712249997541745	126	9	L:145LEU-T:266ARG	REJECT
/scratch/ghaedi/mab/rfantibody_b7h3_rf2_20260926/A/task_250/ab_0_dldesign_1_best.pdb	0.44694518679587786	73	3	L:144PRO-T:266ARG	REJECT
/scratch/ghaedi/mab/rfantibody_b7h3_rf2_20260926/A/task_250/ab_0_dldesign_2_best.pdb	2.301866633843063	34	0	H:57GLU-T:266ARG	PASS
/scratch/ghaedi/mab/rfantibody_b7h3_rf2_20260926/A/task_250/ab_0_dldesign_3_best.pdb	1.1341014064006791	249	8	L:151ARG-T:266ARG	REJECT
/scratch/ghaedi/mab/rfantibody_b7h3_rf2_20260926/A/task_251/ab_0_dldesign_0_best.pdb	0.434493958531073	541	43	L:211LYS-T:268ARG	REJECT
/scratch/ghaedi/mab/rfantibody_b7h3_rf2_20260926/A/task_251/ab_0_dldesign_1_best.pdb	0.5167484881448625	375	32	L:212SER-T:269ASP	REJECT
/scratch/ghaedi/mab/rfantibody_b7h3_rf2_20260926/A/task_251/ab_0_dldesign_2_best.pdb	0.3318116935853826	180	20	L:211LYS-T:243GLN	REJECT
/scratch/ghaedi/mab/rfantibody_b7h3_rf2_20260926/A/task_251/ab_0_dldesign_3_best.pdb	0.33170770265400984	174	26	L:210ASN-T:268ARG	REJECT
/scratch/ghaedi/mab/rfantibody_b7h3_rf2_20260926/A/task_252/ab_0_dldesign_0_best.pdb	1.2722484034181376	186	4	H:104THR-T:246LEU	REJECT
/scratch/ghaedi/mab/rfantibody_b7h3_rf2_20260926/A/task_252/ab_0_dldesign_1_best.pdb	0.8484963170220597	275	26	H:103THR-T:247ALA	REJECT
/scratch/ghaedi/mab/rfantibody_b7h3_rf2_20260926/A/task_252/ab_0_dldesign_2_best.pdb	0.3515807161947323	989	72	H:57GLU-T:242PHE	REJECT
/scratch/ghaedi/mab/rfantibody_b7h3_rf2_20260926/A/task_252/ab_0_dldesign_3_best.pdb	2.4679282809676613	57	0	H:102LEU-T:237ASN	PASS
/scratch/ghaedi/mab/rfantibody_b7h3_rf2_20260926/A/task_253/ab_0_dldesign_0_best.pdb	0.5646645021603539	398	31	H:59ARG-T:267ARG	REJECT
/scratch/ghaedi/mab/rfantibody_b7h3_rf2_20260926/A/task_253/ab_0_dldesign_1_best.pdb	0.8124149186222527	159	11	L:149ARG-T:267ARG	REJECT
/scratch/ghaedi/mab/rfantibody_b7h3_rf2_20260926/A/task_253/ab_0_dldesign_2_best.pdb	0.5785101554856233	341	31	H:101GLN-T:270GLY	REJECT
/scratch/ghaedi/mab/rfantibody_b7h3_rf2_20260926/A/task_253/ab_0_dldesign_3_best.pdb	1.2856632529554546	142	4	H:33TYR-T:269PHE	REJECT
/scratch/ghaedi/mab/rfantibody_b7h3_rf2_20260926/A/task_254/ab_0_dldesign_0_best.pdb	0.3739652390263038	3966	331	H:99GLY-T:280ALA	REJECT
/scratch/ghaedi/mab/rfantibody_b7h3_rf2_20260926/A/task_254/ab_0_dldesign_1_best.pdb	0.24206197553519135	2464	225	H:52HIS-T:270PHE	REJECT
/scratch/ghaedi/mab/rfantibody_b7h3_rf2_20260926/A/task_254/ab_0_dldesign_2_best.pdb	1.1323011966786918	315	20	H:104THR-T:244PRO	REJECT
/scratch/ghaedi/mab/rfantibody_b7h3_rf2_20260926/A/task_254/ab_0_dldesign_3_best.pdb	0.15974041442290063	2264	220	L:156GLN-T:268THR	REJECT
/scratch/ghaedi/mab/rfantibody_b7h3_rf2_20260926/A/task_255/ab_0_dldesign_0_best.pdb	0.5063931279154567	398	34	H:54LEU-T:241PRO	REJECT
/scratch/ghaedi/mab/rfantibody_b7h3_rf2_20260926/A/task_255/ab_0_dldesign_1_best.pdb	0.7774754015401371	232	13	H:102LEU-T:240PHE	REJECT
/scratch/ghaedi/mab/rfantibody_b7h3_rf2_20260926/A/task_255/ab_0_dldesign_2_best.pdb	2.390356877121071	20	0	L:152TYR-T:242ASP	PASS
/scratch/ghaedi/mab/rfantibody_b7h3_rf2_20260926/A/task_255/ab_0_dldesign_3_best.pdb	0.7231175561414624	138	6	H:55THR-T:241PRO	REJECT
/scratch/ghaedi/mab/rfantibody_b7h3_rf2_20260926/A/task_256/ab_0_dldesign_0_best.pdb	1.3136890804143873	360	15	H:59ARG-T:232GLY	REJECT
/scratch/ghaedi/mab/rfantibody_b7h3_rf2_20260926/A/task_256/ab_0_dldesign_1_best.pdb	0.5734474692593895	753	70	L:216ALA-T:273ARG	REJECT
/scratch/ghaedi/mab/rfantibody_b7h3_rf2_20260926/A/task_256/ab_0_dldesign_2_best.pdb	0.208314665830326	3047	262	H:116THR-T:250ASN	REJECT
/scratch/ghaedi/mab/rfantibody_b7h3_rf2_20260926/A/task_256/ab_0_dldesign_3_best.pdb	1.0363812039978337	368	29	L:189ARG-T:273ARG	REJECT
/scratch/ghaedi/mab/rfantibody_b7h3_rf2_20260926/A/task_257/ab_0_dldesign_0_best.pdb	0.7745560018488001	275	14	L:149SER-T:228GLY	REJECT
/scratch/ghaedi/mab/rfantibody_b7h3_rf2_20260926/A/task_257/ab_0_dldesign_1_best.pdb	0.25402558926218505	3284	272	H:50ARG-T:237LEU	REJECT
/scratch/ghaedi/mab/rfantibody_b7h3_rf2_20260926/A/task_257/ab_0_dldesign_2_best.pdb	1.666524527272252	43	1	L:172ARG-T:269ARG	REJECT
/scratch/ghaedi/mab/rfantibody_b7h3_rf2_20260926/A/task_257/ab_0_dldesign_3_best.pdb	0.3293599854262817	325	27	L:171THR-T:244GLN	REJECT
/scratch/ghaedi/mab/rfantibody_b7h3_rf2_20260926/A/task_258/ab_0_dldesign_0_best.pdb	2.118085456255247	163	0	L:147VAL-T:242GLN	PASS
/scratch/ghaedi/mab/rfantibody_b7h3_rf2_20260926/A/task_258/ab_0_dldesign_1_best.pdb	0.266677708104746	4237	396	H:48VAL-T:254VAL	REJECT
/scratch/ghaedi/mab/rfantibody_b7h3_rf2_20260926/A/task_258/ab_0_dldesign_2_best.pdb	0.17365483005088014	4825	439	H:45LEU-T:253ARG	REJECT
/scratch/ghaedi/mab/rfantibody_b7h3_rf2_20260926/A/task_258/ab_0_dldesign_3_best.pdb	0.20326583579145746	3298	243	H:113LEU-T:250GLN	REJECT
/scratch/ghaedi/mab/rfantibody_b7h3_rf2_20260926/A/task_259/ab_0_dldesign_0_best.pdb	0.9112672494938038	106	4	H:55ASP-T:262ARG	REJECT
/scratch/ghaedi/mab/rfantibody_b7h3_rf2_20260926/A/task_259/ab_0_dldesign_1_best.pdb	1.7936292816521477	171	2	L:206PHE-T:223ALA	REJECT
/scratch/ghaedi/mab/rfantibody_b7h3_rf2_20260926/A/task_259/ab_0_dldesign_2_best.pdb	0.4931470368967065	461	45	L:163ASP-T:262ARG	REJECT
/scratch/ghaedi/mab/rfantibody_b7h3_rf2_20260926/A/task_259/ab_0_dldesign_3_best.pdb	0.3224282866002934	4015	386	H:62ASP-T:265GLY	REJECT
/scratch/ghaedi/mab/rfantibody_b7h3_rf2_20260926/A/task_26/ab_0_dldesign_0_best.pdb	2.061848927540523	57	0	H:55ASN-T:270ARG	PASS
/scratch/ghaedi/mab/rfantibody_b7h3_rf2_20260926/A/task_26/ab_0_dldesign_1_best.pdb	2.130609771872833	17	0	L:149SER-T:231ALA	PASS
/scratch/ghaedi/mab/rfantibody_b7h3_rf2_20260926/A/task_26/ab_0_dldesign_2_best.pdb	2.96328685752831	28	0	H:101ASP-T:241ASP	PASS
/scratch/ghaedi/mab/rfantibody_b7h3_rf2_20260926/A/task_26/ab_0_dldesign_3_best.pdb	1.745598464710598	149	2	H:100TRP-T:251ARG	REJECT
/scratch/ghaedi/mab/rfantibody_b7h3_rf2_20260926/A/task_260/ab_0_dldesign_0_best.pdb	2.0282157183100615	22	0	L:145SER-T:267ASP	PASS
/scratch/ghaedi/mab/rfantibody_b7h3_rf2_20260926/A/task_260/ab_0_dldesign_1_best.pdb	0.21185844330590056	2110	170	L:169LYS-T:244ALA	REJECT
/scratch/ghaedi/mab/rfantibody_b7h3_rf2_20260926/A/task_260/ab_0_dldesign_2_best.pdb	0.6493981829355542	197	11	H:101SER-T:270SER	REJECT
/scratch/ghaedi/mab/rfantibody_b7h3_rf2_20260926/A/task_260/ab_0_dldesign_3_best.pdb	0.4941366207841716	869	75	L:165TYR-T:242GLY	REJECT
/scratch/ghaedi/mab/rfantibody_b7h3_rf2_20260926/A/task_261/ab_0_dldesign_0_best.pdb	1.6277174201930757	54	1	L:148ARG-T:236ASP	REJECT
/scratch/ghaedi/mab/rfantibody_b7h3_rf2_20260926/A/task_261/ab_0_dldesign_1_best.pdb	0.4075647187870891	1078	111	H:29PHE-T:236ASP	REJECT
/scratch/ghaedi/mab/rfantibody_b7h3_rf2_20260926/A/task_261/ab_0_dldesign_2_best.pdb	0.8365458744145472	339	28	L:146LEU-T:266ASP	REJECT
/scratch/ghaedi/mab/rfantibody_b7h3_rf2_20260926/A/task_261/ab_0_dldesign_3_best.pdb	0.5442067621777613	590	72	H:33TYR-T:236ASP	REJECT
/scratch/ghaedi/mab/rfantibody_b7h3_rf2_20260926/A/task_262/ab_0_dldesign_0_best.pdb	2.2583197293563195	21	0	L:166ASN-T:235PRO	PASS
/scratch/ghaedi/mab/rfantibody_b7h3_rf2_20260926/A/task_262/ab_0_dldesign_1_best.pdb	0.08585452812752506	2375	224	H:100LEU-T:236ASP	REJECT
/scratch/ghaedi/mab/rfantibody_b7h3_rf2_20260926/A/task_262/ab_0_dldesign_2_best.pdb	0.7995705097113063	363	32	L:182ARG-T:236ASP	REJECT
/scratch/ghaedi/mab/rfantibody_b7h3_rf2_20260926/A/task_262/ab_0_dldesign_3_best.pdb	0.9220526015363768	317	23	L:169THR-T:236ASP	REJECT
/scratch/ghaedi/mab/rfantibody_b7h3_rf2_20260926/A/task_263/ab_0_dldesign_0_best.pdb	0.5933102055417546	326	27	L:168TYR-T:244GLN	REJECT
/scratch/ghaedi/mab/rfantibody_b7h3_rf2_20260926/A/task_263/ab_0_dldesign_1_best.pdb	1.0792353774779604	105	4	H:102ALA-T:239PRO	REJECT
/scratch/ghaedi/mab/rfantibody_b7h3_rf2_20260926/A/task_263/ab_0_dldesign_2_best.pdb	0.850215854945084	133	7	H:102ALA-T:240ASP	REJECT
/scratch/ghaedi/mab/rfantibody_b7h3_rf2_20260926/A/task_263/ab_0_dldesign_3_best.pdb	0.38903598805251943	1958	177	L:149GLY-T:250ARG	REJECT
/scratch/ghaedi/mab/rfantibody_b7h3_rf2_20260926/A/task_264/ab_0_dldesign_0_best.pdb	0.4528907152945394	876	63	H:58THR-T:248GLN	REJECT
/scratch/ghaedi/mab/rfantibody_b7h3_rf2_20260926/A/task_264/ab_0_dldesign_1_best.pdb	1.8128927160756088	21	1	H:103ASN-T:243PRO	REJECT
/scratch/ghaedi/mab/rfantibody_b7h3_rf2_20260926/A/task_264/ab_0_dldesign_2_best.pdb	0.8307430408977275	127	8	H:52HIS-T:273ARG	REJECT
/scratch/ghaedi/mab/rfantibody_b7h3_rf2_20260926/A/task_264/ab_0_dldesign_3_best.pdb	0.7179846795022846	1224	101	L:175VAL-T:246LEU	REJECT
/scratch/ghaedi/mab/rfantibody_b7h3_rf2_20260926/A/task_265/ab_0_dldesign_0_best.pdb	0.16021547990128715	2782	271	H:76LYS-T:259SER	REJECT
/scratch/ghaedi/mab/rfantibody_b7h3_rf2_20260926/A/task_265/ab_0_dldesign_1_best.pdb	3.376720894595822	14	0	H:32THR-T:261ARG	PASS
/scratch/ghaedi/mab/rfantibody_b7h3_rf2_20260926/A/task_265/ab_0_dldesign_2_best.pdb	1.0254004095961757	201	7	H:33TYR-T:222ALA	REJECT
/scratch/ghaedi/mab/rfantibody_b7h3_rf2_20260926/A/task_265/ab_0_dldesign_3_best.pdb	1.0708674054242193	65	7	L:143PHE-T:242ARG	REJECT
/scratch/ghaedi/mab/rfantibody_b7h3_rf2_20260926/A/task_266/ab_0_dldesign_0_best.pdb	0.3181729089661781	3569	286	H:63SER-T:285GLN	REJECT
/scratch/ghaedi/mab/rfantibody_b7h3_rf2_20260926/A/task_266/ab_0_dldesign_1_best.pdb	0.23962261996731415	2613	214	H:39GLN-T:314SER	REJECT
/scratch/ghaedi/mab/rfantibody_b7h3_rf2_20260926/A/task_266/ab_0_dldesign_2_best.pdb	0.3006143709139661	3696	305	H:65LYS-T:256ARG	REJECT
/scratch/ghaedi/mab/rfantibody_b7h3_rf2_20260926/A/task_266/ab_0_dldesign_3_best.pdb	1.219642980547996	111	9	H:103GLU-T:252ASN	REJECT
/scratch/ghaedi/mab/rfantibody_b7h3_rf2_20260926/A/task_267/ab_0_dldesign_0_best.pdb	0.690134044950689	498	37	L:151TYR-T:272SER	REJECT
/scratch/ghaedi/mab/rfantibody_b7h3_rf2_20260926/A/task_267/ab_0_dldesign_1_best.pdb	0.24252834885843827	1048	101	H:28ASP-T:241LEU	REJECT
/scratch/ghaedi/mab/rfantibody_b7h3_rf2_20260926/A/task_267/ab_0_dldesign_2_best.pdb	1.1060895081321405	148	4	L:150GLU-T:268ARG	REJECT
/scratch/ghaedi/mab/rfantibody_b7h3_rf2_20260926/A/task_267/ab_0_dldesign_3_best.pdb	0.2544425278918594	557	52	H:55THR-T:269ASP	REJECT
/scratch/ghaedi/mab/rfantibody_b7h3_rf2_20260926/A/task_268/ab_0_dldesign_0_best.pdb	1.5521633290346741	137	5	H:104GLY-T:245ALA	REJECT
/scratch/ghaedi/mab/rfantibody_b7h3_rf2_20260926/A/task_268/ab_0_dldesign_1_best.pdb	0.5118261423569538	941	73	L:188GLY-T:272ASP	REJECT
/scratch/ghaedi/mab/rfantibody_b7h3_rf2_20260926/A/task_268/ab_0_dldesign_2_best.pdb	1.0597079786431725	82	1	L:213PRO-T:245ALA	REJECT
/scratch/ghaedi/mab/rfantibody_b7h3_rf2_20260926/A/task_268/ab_0_dldesign_3_best.pdb	0.49277479643342115	877	72	L:210VAL-T:271ARG	REJECT
/scratch/ghaedi/mab/rfantibody_b7h3_rf2_20260926/A/task_269/ab_0_dldesign_0_best.pdb	0.2875308679081238	334	40	L:145GLU-T:263ILE	REJECT
/scratch/ghaedi/mab/rfantibody_b7h3_rf2_20260926/A/task_269/ab_0_dldesign_1_best.pdb	2.132247171413295	30	0	L:168VAL-T:260PHE	PASS
/scratch/ghaedi/mab/rfantibody_b7h3_rf2_20260926/A/task_269/ab_0_dldesign_2_best.pdb	3.1814845591327345	25	0	H:33TYR-T:225ALA	PASS
/scratch/ghaedi/mab/rfantibody_b7h3_rf2_20260926/A/task_269/ab_0_dldesign_3_best.pdb	2.016092755802669	48	0	H:101ALA-T:260PHE	PASS
/scratch/ghaedi/mab/rfantibody_b7h3_rf2_20260926/A/task_27/ab_0_dldesign_0_best.pdb	0.5656058698422413	196	10	L:212LEU-T:270ARG	REJECT
/scratch/ghaedi/mab/rfantibody_b7h3_rf2_20260926/A/task_27/ab_0_dldesign_1_best.pdb	0.7711627584368945	427	28	H:52HIS-T:242LEU	REJECT
/scratch/ghaedi/mab/rfantibody_b7h3_rf2_20260926/A/task_27/ab_0_dldesign_2_best.pdb	0.2837498898678202	437	24	L:213THR-T:244ALA	REJECT
/scratch/ghaedi/mab/rfantibody_b7h3_rf2_20260926/A/task_27/ab_0_dldesign_3_best.pdb	0.7743603812179445	194	10	H:101ALA-T:241ASP	REJECT
/scratch/ghaedi/mab/rfantibody_b7h3_rf2_20260926/A/task_270/ab_0_dldesign_0_best.pdb	0.6229028816757879	701	66	H:55THR-T:226ALA	REJECT
/scratch/ghaedi/mab/rfantibody_b7h3_rf2_20260926/A/task_270/ab_0_dldesign_1_best.pdb	2.134188604598947	71	0	L:163TYR-T:234ASP	PASS
/scratch/ghaedi/mab/rfantibody_b7h3_rf2_20260926/A/task_270/ab_0_dldesign_2_best.pdb	1.0133681463318256	109	5	H:33TYR-T:238GLN	REJECT
/scratch/ghaedi/mab/rfantibody_b7h3_rf2_20260926/A/task_270/ab_0_dldesign_3_best.pdb	0.6062986062989094	438	23	L:163TYR-T:263ARG	REJECT
/scratch/ghaedi/mab/rfantibody_b7h3_rf2_20260926/A/task_271/ab_0_dldesign_0_best.pdb	1.335213091607479	185	7	L:149VAL-T:244GLN	REJECT
/scratch/ghaedi/mab/rfantibody_b7h3_rf2_20260926/A/task_271/ab_0_dldesign_1_best.pdb	0.9622858203257505	77	14	L:152TYR-T:240ASP	REJECT
/scratch/ghaedi/mab/rfantibody_b7h3_rf2_20260926/A/task_271/ab_0_dldesign_2_best.pdb	2.561783948735723	52	0	L:147GLN-T:269ARG	PASS
/scratch/ghaedi/mab/rfantibody_b7h3_rf2_20260926/A/task_271/ab_0_dldesign_3_best.pdb	2.6002980598385252	14	0	L:212ALA-T:244GLN	PASS
/scratch/ghaedi/mab/rfantibody_b7h3_rf2_20260926/A/task_272/ab_0_dldesign_0_best.pdb	0.534120772859474	1275	122	H:100GLY-T:266PHE	REJECT
/scratch/ghaedi/mab/rfantibody_b7h3_rf2_20260926/A/task_272/ab_0_dldesign_1_best.pdb	0.7610019710881164	224	10	L:147PHE-T:266PHE	REJECT
/scratch/ghaedi/mab/rfantibody_b7h3_rf2_20260926/A/task_272/ab_0_dldesign_2_best.pdb	0.5830291587905355	404	30	L:144VAL-T:264ARG	REJECT
/scratch/ghaedi/mab/rfantibody_b7h3_rf2_20260926/A/task_272/ab_0_dldesign_3_best.pdb	1.785778821690974	18	1	L:147TYR-T:270ALA	REJECT
/scratch/ghaedi/mab/rfantibody_b7h3_rf2_20260926/A/task_273/ab_0_dldesign_0_best.pdb	4.7878551565393055	0	0	L:210ALA-T:237PRO	PASS
/scratch/ghaedi/mab/rfantibody_b7h3_rf2_20260926/A/task_273/ab_0_dldesign_1_best.pdb	1.8485943308362704	130	2	L:167ASN-T:238ASP	REJECT
/scratch/ghaedi/mab/rfantibody_b7h3_rf2_20260926/A/task_273/ab_0_dldesign_2_best.pdb	0.48532669409378254	1230	89	H:108HIS-T:266ILE	REJECT
/scratch/ghaedi/mab/rfantibody_b7h3_rf2_20260926/A/task_273/ab_0_dldesign_3_best.pdb	0.6582043755551923	257	16	H:52ARG-T:263PHE	REJECT
/scratch/ghaedi/mab/rfantibody_b7h3_rf2_20260926/A/task_274/ab_0_dldesign_0_best.pdb	2.756886831192026	46	0	H:99PRO-T:262ARG	PASS
/scratch/ghaedi/mab/rfantibody_b7h3_rf2_20260926/A/task_274/ab_0_dldesign_1_best.pdb	0.4206970406361338	843	100	H:57GLU-T:263ASP	REJECT
/scratch/ghaedi/mab/rfantibody_b7h3_rf2_20260926/A/task_274/ab_0_dldesign_2_best.pdb	2.1617331010094656	111	0	H:32ASP-T:266SER	PASS
/scratch/ghaedi/mab/rfantibody_b7h3_rf2_20260926/A/task_274/ab_0_dldesign_3_best.pdb	1.1059014422632782	111	3	L:162TYR-T:260SER	REJECT
/scratch/ghaedi/mab/rfantibody_b7h3_rf2_20260926/A/task_275/ab_0_dldesign_0_best.pdb	0.5525160631149105	1214	120	H:33TYR-T:273PHE	REJECT
/scratch/ghaedi/mab/rfantibody_b7h3_rf2_20260926/A/task_275/ab_0_dldesign_1_best.pdb	3.5865154398106247	10	0	L:149ALA-T:271ARG	PASS
/scratch/ghaedi/mab/rfantibody_b7h3_rf2_20260926/A/task_275/ab_0_dldesign_2_best.pdb	0.44768404036775866	717	72	L:213ILE-T:269SER	REJECT
/scratch/ghaedi/mab/rfantibody_b7h3_rf2_20260926/A/task_275/ab_0_dldesign_3_best.pdb	0.0923309265630968	2029	229	H:107TRP-T:270ILE	REJECT
/scratch/ghaedi/mab/rfantibody_b7h3_rf2_20260926/A/task_276/ab_0_dldesign_0_best.pdb	1.4009528900002315	139	1	L:143ASN-T:264ARG	REJECT
/scratch/ghaedi/mab/rfantibody_b7h3_rf2_20260926/A/task_276/ab_0_dldesign_1_best.pdb	0.6706325372363015	486	48	L:207PRO-T:227ALA	REJECT
/scratch/ghaedi/mab/rfantibody_b7h3_rf2_20260926/A/task_276/ab_0_dldesign_2_best.pdb	2.7376232392350857	118	0	L:207PRO-T:263ILE	PASS
/scratch/ghaedi/mab/rfantibody_b7h3_rf2_20260926/A/task_276/ab_0_dldesign_3_best.pdb	0.7710875436680327	93	21	L:207TRP-T:264ARG	REJECT
/scratch/ghaedi/mab/rfantibody_b7h3_rf2_20260926/A/task_277/ab_0_dldesign_0_best.pdb	0.352896585418448	270	14	L:164ASP-T:233PRO	REJECT
/scratch/ghaedi/mab/rfantibody_b7h3_rf2_20260926/A/task_277/ab_0_dldesign_1_best.pdb	0.8119162518388209	450	29	L:206GLY-T:222GLY	REJECT
/scratch/ghaedi/mab/rfantibody_b7h3_rf2_20260926/A/task_277/ab_0_dldesign_2_best.pdb	2.987166885194063	6	0	H:31THR-T:233PRO	PASS
/scratch/ghaedi/mab/rfantibody_b7h3_rf2_20260926/A/task_277/ab_0_dldesign_3_best.pdb	1.71955488426511	88	3	H:57GLU-T:244ARG	REJECT
/scratch/ghaedi/mab/rfantibody_b7h3_rf2_20260926/A/task_278/ab_0_dldesign_0_best.pdb	0.8688365784196703	140	14	L:206SER-T:238GLN	REJECT
/scratch/ghaedi/mab/rfantibody_b7h3_rf2_20260926/A/task_278/ab_0_dldesign_1_best.pdb	1.2554768018565692	42	4	L:163ARG-T:237ALA	REJECT
/scratch/ghaedi/mab/rfantibody_b7h3_rf2_20260926/A/task_278/ab_0_dldesign_2_best.pdb	0.6479220632143962	725	87	H:52HIS-T:238GLN	REJECT
/scratch/ghaedi/mab/rfantibody_b7h3_rf2_20260926/A/task_278/ab_0_dldesign_3_best.pdb	0.23659458996350594	2913	266	H:102THR-T:241ALA	REJECT
/scratch/ghaedi/mab/rfantibody_b7h3_rf2_20260926/A/task_279/ab_0_dldesign_0_best.pdb	0.3680298900904654	234	6	H:101LEU-T:268ARG	REJECT
/scratch/ghaedi/mab/rfantibody_b7h3_rf2_20260926/A/task_279/ab_0_dldesign_1_best.pdb	2.987633344304485	22	0	H:101LEU-T:264PHE	PASS
/scratch/ghaedi/mab/rfantibody_b7h3_rf2_20260926/A/task_279/ab_0_dldesign_2_best.pdb	0.3166417534059584	1180	118	H:73ASP-T:269ASP	REJECT
/scratch/ghaedi/mab/rfantibody_b7h3_rf2_20260926/A/task_279/ab_0_dldesign_3_best.pdb	0.6365555749500604	125	10	L:168TYR-T:268ARG	REJECT
/scratch/ghaedi/mab/rfantibody_b7h3_rf2_20260926/A/task_28/ab_0_dldesign_0_best.pdb	0.742505218836877	97	6	H:101GLU-T:242ALA	REJECT
/scratch/ghaedi/mab/rfantibody_b7h3_rf2_20260926/A/task_28/ab_0_dldesign_1_best.pdb	1.632239565750077	103	1	L:150TYR-T:243GLN	REJECT
/scratch/ghaedi/mab/rfantibody_b7h3_rf2_20260926/A/task_28/ab_0_dldesign_2_best.pdb	0.4291969244996992	1268	115	H:34ILE-T:267ILE	REJECT
/scratch/ghaedi/mab/rfantibody_b7h3_rf2_20260926/A/task_28/ab_0_dldesign_3_best.pdb	0.707161933364629	57	9	H:101TYR-T:232ASN	REJECT
/scratch/ghaedi/mab/rfantibody_b7h3_rf2_20260926/A/task_280/ab_0_dldesign_0_best.pdb	0.4204164601915594	89	8	L:175THR-T:246GLN	REJECT
/scratch/ghaedi/mab/rfantibody_b7h3_rf2_20260926/A/task_280/ab_0_dldesign_1_best.pdb	0.25173795899704954	1551	141	L:191THR-T:270ILE	REJECT
/scratch/ghaedi/mab/rfantibody_b7h3_rf2_20260926/A/task_280/ab_0_dldesign_2_best.pdb	0.46397198191270117	1156	104	H:98ARG-T:245ALA	REJECT
/scratch/ghaedi/mab/rfantibody_b7h3_rf2_20260926/A/task_280/ab_0_dldesign_3_best.pdb	0.7104371893418856	629	44	L:174THR-T:273PHE	REJECT
/scratch/ghaedi/mab/rfantibody_b7h3_rf2_20260926/A/task_283/ab_0_dldesign_0_best.pdb	3.6411892288097314	6	0	L:144ASN-T:236GLN	PASS
/scratch/ghaedi/mab/rfantibody_b7h3_rf2_20260926/A/task_283/ab_0_dldesign_1_best.pdb	0.2831978107260007	2593	241	H:53PRO-T:253SER	REJECT
/scratch/ghaedi/mab/rfantibody_b7h3_rf2_20260926/A/task_283/ab_0_dldesign_2_best.pdb	0.1514463601411414	1406	118	H:24ALA-T:303GLN	REJECT
/scratch/ghaedi/mab/rfantibody_b7h3_rf2_20260926/A/task_283/ab_0_dldesign_3_best.pdb	0.20502438879313853	2242	171	H:80TYR-T:301SER	REJECT
/scratch/ghaedi/mab/rfantibody_b7h3_rf2_20260926/A/task_284/ab_0_dldesign_0_best.pdb	2.289377644688617	159	0	H:100ALA-T:254ALA	PASS
/scratch/ghaedi/mab/rfantibody_b7h3_rf2_20260926/A/task_284/ab_0_dldesign_1_best.pdb	0.37303887196912944	2968	256	L:167GLY-T:228TYR	REJECT
/scratch/ghaedi/mab/rfantibody_b7h3_rf2_20260926/A/task_284/ab_0_dldesign_2_best.pdb	0.5151863740434138	490	33	L:210THR-T:230ASN	REJECT
/scratch/ghaedi/mab/rfantibody_b7h3_rf2_20260926/A/task_284/ab_0_dldesign_3_best.pdb	0.34907592297378515	773	61	L:121ILE-T:267ASP	REJECT
/scratch/ghaedi/mab/rfantibody_b7h3_rf2_20260926/A/task_285/ab_0_dldesign_0_best.pdb	0.7210908403245752	330	33	L:212LEU-T:269PHE	REJECT
/scratch/ghaedi/mab/rfantibody_b7h3_rf2_20260926/A/task_285/ab_0_dldesign_1_best.pdb	0.46402155122364686	460	52	L:147GLY-T:267ARG	REJECT
/scratch/ghaedi/mab/rfantibody_b7h3_rf2_20260926/A/task_285/ab_0_dldesign_2_best.pdb	0.6008901729933688	234	25	H:33TYR-T:269PHE	REJECT
/scratch/ghaedi/mab/rfantibody_b7h3_rf2_20260926/A/task_285/ab_0_dldesign_3_best.pdb	1.144060313095425	93	9	L:166ASN-T:267ARG	REJECT
/scratch/ghaedi/mab/rfantibody_b7h3_rf2_20260926/A/task_286/ab_0_dldesign_0_best.pdb	1.2070861609678094	256	16	L:211THR-T:245ASN	REJECT
/scratch/ghaedi/mab/rfantibody_b7h3_rf2_20260926/A/task_286/ab_0_dldesign_1_best.pdb	0.6374056792969442	743	40	L:212PHE-T:241LEU	REJECT
/scratch/ghaedi/mab/rfantibody_b7h3_rf2_20260926/A/task_286/ab_0_dldesign_2_best.pdb	0.3171214278474422	263	18	H:57GLU-T:270PHE	REJECT
/scratch/ghaedi/mab/rfantibody_b7h3_rf2_20260926/A/task_286/ab_0_dldesign_3_best.pdb	1.2020690495974016	125	3	L:210VAL-T:242ALA	REJECT
/scratch/ghaedi/mab/rfantibody_b7h3_rf2_20260926/A/task_287/ab_0_dldesign_0_best.pdb	0.388899730007621	230	16	H:31ALA-T:270ARG	REJECT
/scratch/ghaedi/mab/rfantibody_b7h3_rf2_20260926/A/task_287/ab_0_dldesign_1_best.pdb	0.46276667987226594	2035	207	H:33TYR-T:268SER	REJECT
/scratch/ghaedi/mab/rfantibody_b7h3_rf2_20260926/A/task_287/ab_0_dldesign_2_best.pdb	0.43495517010376933	793	63	L:188THR-T:241ASP	REJECT
/scratch/ghaedi/mab/rfantibody_b7h3_rf2_20260926/A/task_287/ab_0_dldesign_3_best.pdb	0.5750478240981364	990	78	H:110TRP-T:244ALA	REJECT
/scratch/ghaedi/mab/rfantibody_b7h3_rf2_20260926/A/task_288/ab_0_dldesign_0_best.pdb	0.08493526947034377	695	63	L:145VAL-T:268ARG	REJECT
/scratch/ghaedi/mab/rfantibody_b7h3_rf2_20260926/A/task_288/ab_0_dldesign_1_best.pdb	0.32967256482758783	398	50	L:166TYR-T:268ARG	REJECT
/scratch/ghaedi/mab/rfantibody_b7h3_rf2_20260926/A/task_288/ab_0_dldesign_2_best.pdb	0.2802106350586987	1428	106	H:74THR-T:238PRO	REJECT
/scratch/ghaedi/mab/rfantibody_b7h3_rf2_20260926/A/task_288/ab_0_dldesign_3_best.pdb	0.4454840064469211	1298	110	H:32VAL-T:276SER	REJECT
/scratch/ghaedi/mab/rfantibody_b7h3_rf2_20260926/A/task_289/ab_0_dldesign_0_best.pdb	0.5316624869219194	726	58	L:165ALA-T:265ARG	REJECT
/scratch/ghaedi/mab/rfantibody_b7h3_rf2_20260926/A/task_289/ab_0_dldesign_1_best.pdb	1.4912095761495097	62	1	L:208GLU-T:263SER	REJECT
/scratch/ghaedi/mab/rfantibody_b7h3_rf2_20260926/A/task_289/ab_0_dldesign_2_best.pdb	0.6719895832525958	364	26	L:181SER-T:267PHE	REJECT
/scratch/ghaedi/mab/rfantibody_b7h3_rf2_20260926/A/task_289/ab_0_dldesign_3_best.pdb	0.44538747175914106	751	59	H:105VAL-T:265ARG	REJECT
/scratch/ghaedi/mab/rfantibody_b7h3_rf2_20260926/A/task_29/ab_0_dldesign_0_best.pdb	2.9890456670984484	34	0	H:52HIS-T:236GLN	PASS
/scratch/ghaedi/mab/rfantibody_b7h3_rf2_20260926/A/task_29/ab_0_dldesign_1_best.pdb	1.0003329445739544	160	10	L:204PRO-T:245ARG	REJECT
/scratch/ghaedi/mab/rfantibody_b7h3_rf2_20260926/A/task_29/ab_0_dldesign_2_best.pdb	0.32545506602294605	755	64	H:32VAL-T:244GLN	REJECT
/scratch/ghaedi/mab/rfantibody_b7h3_rf2_20260926/A/task_29/ab_0_dldesign_3_best.pdb	2.8162608188873417	19	0	H:99ASP-T:232ASP	PASS
/scratch/ghaedi/mab/rfantibody_b7h3_rf2_20260926/A/task_290/ab_0_dldesign_0_best.pdb	0.4900959089810887	1622	133	L:169ASN-T:238PHE	REJECT
/scratch/ghaedi/mab/rfantibody_b7h3_rf2_20260926/A/task_290/ab_0_dldesign_1_best.pdb	0.5045889416148539	490	45	H:106THR-T:271PHE	REJECT
/scratch/ghaedi/mab/rfantibody_b7h3_rf2_20260926/A/task_290/ab_0_dldesign_2_best.pdb	1.93652833699897	29	1	H:101ALA-T:229SER	REJECT
/scratch/ghaedi/mab/rfantibody_b7h3_rf2_20260926/A/task_290/ab_0_dldesign_3_best.pdb	0.3790791474085603	297	21	H:57GLN-T:269ARG	REJECT
/scratch/ghaedi/mab/rfantibody_b7h3_rf2_20260926/A/task_291/ab_0_dldesign_0_best.pdb	0.5345736619026417	188	18	H:104TYR-T:246ALA	REJECT
/scratch/ghaedi/mab/rfantibody_b7h3_rf2_20260926/A/task_291/ab_0_dldesign_1_best.pdb	2.2063512866268593	20	0	H:102THR-T:236ASN	PASS
/scratch/ghaedi/mab/rfantibody_b7h3_rf2_20260926/A/task_291/ab_0_dldesign_2_best.pdb	0.3976958636948592	764	61	H:51ILE-T:243ASP	REJECT
/scratch/ghaedi/mab/rfantibody_b7h3_rf2_20260926/A/task_291/ab_0_dldesign_3_best.pdb	0.32303869737231256	2494	207	L:212TYR-T:245LEU	REJECT
/scratch/ghaedi/mab/rfantibody_b7h3_rf2_20260926/A/task_293/ab_0_dldesign_0_best.pdb	0.18774983355518465	431	15	H:35HIS-T:270ARG	REJECT
/scratch/ghaedi/mab/rfantibody_b7h3_rf2_20260926/A/task_293/ab_0_dldesign_1_best.pdb	0.5223466282077444	157	14	H:50ARG-T:270ARG	REJECT
/scratch/ghaedi/mab/rfantibody_b7h3_rf2_20260926/A/task_293/ab_0_dldesign_2_best.pdb	0.7542340485552222	178	17	H:57ARG-T:241ASP	REJECT
/scratch/ghaedi/mab/rfantibody_b7h3_rf2_20260926/A/task_293/ab_0_dldesign_3_best.pdb	2.294066694758461	27	0	H:101TRP-T:272PHE	PASS
/scratch/ghaedi/mab/rfantibody_b7h3_rf2_20260926/A/task_294/ab_0_dldesign_0_best.pdb	0.4745450452802133	403	32	L:150ALA-T:244GLN	REJECT
/scratch/ghaedi/mab/rfantibody_b7h3_rf2_20260926/A/task_294/ab_0_dldesign_1_best.pdb	0.4733085674272124	892	73	H:30ALA-T:242LEU	REJECT
/scratch/ghaedi/mab/rfantibody_b7h3_rf2_20260926/A/task_294/ab_0_dldesign_2_best.pdb	0.5976596021147829	621	45	H:31LYS-T:229VAL	REJECT
/scratch/ghaedi/mab/rfantibody_b7h3_rf2_20260926/A/task_294/ab_0_dldesign_3_best.pdb	1.4785861489950445	139	8	L:149PRO-T:271PHE	REJECT
/scratch/ghaedi/mab/rfantibody_b7h3_rf2_20260926/A/task_295/ab_0_dldesign_0_best.pdb	1.0989176493259172	176	6	H:55THR-T:262SER	REJECT
/scratch/ghaedi/mab/rfantibody_b7h3_rf2_20260926/A/task_295/ab_0_dldesign_1_best.pdb	0.7130567999816012	359	27	H:31LYS-T:266PHE	REJECT
/scratch/ghaedi/mab/rfantibody_b7h3_rf2_20260926/A/task_295/ab_0_dldesign_2_best.pdb	1.5935074521319306	124	4	H:101TYR-T:228ASN	REJECT
/scratch/ghaedi/mab/rfantibody_b7h3_rf2_20260926/A/task_295/ab_0_dldesign_3_best.pdb	1.820831952707335	52	1	L:181ARG-T:235ASP	REJECT
/scratch/ghaedi/mab/rfantibody_b7h3_rf2_20260926/A/task_296/ab_0_dldesign_0_best.pdb	0.16752611736681533	2383	211	H:71SER-T:245GLN	REJECT
/scratch/ghaedi/mab/rfantibody_b7h3_rf2_20260926/A/task_296/ab_0_dldesign_1_best.pdb	0.4378241656190288	389	33	H:104PRO-T:266PHE	REJECT
/scratch/ghaedi/mab/rfantibody_b7h3_rf2_20260926/A/task_296/ab_0_dldesign_2_best.pdb	1.3484991657394536	188	3	H:103SER-T:244ALA	REJECT
/scratch/ghaedi/mab/rfantibody_b7h3_rf2_20260926/A/task_296/ab_0_dldesign_3_best.pdb	0.47865749759091886	631	38	H:102VAL-T:272PHE	REJECT
/scratch/ghaedi/mab/rfantibody_b7h3_rf2_20260926/A/task_297/ab_0_dldesign_0_best.pdb	0.588317941252857	384	36	H:101GLN-T:239ASP	REJECT
/scratch/ghaedi/mab/rfantibody_b7h3_rf2_20260926/A/task_297/ab_0_dldesign_1_best.pdb	1.8466266541994887	36	1	H:101GLN-T:270PHE	REJECT
/scratch/ghaedi/mab/rfantibody_b7h3_rf2_20260926/A/task_297/ab_0_dldesign_2_best.pdb	0.4535846117319229	356	34	L:149SER-T:243GLN	REJECT
/scratch/ghaedi/mab/rfantibody_b7h3_rf2_20260926/A/task_297/ab_0_dldesign_3_best.pdb	1.4400812477079212	49	1	L:148SER-T:242ALA	REJECT
/scratch/ghaedi/mab/rfantibody_b7h3_rf2_20260926/A/task_298/ab_0_dldesign_0_best.pdb	1.3652402718935606	73	3	L:149ASP-T:240ASP	REJECT
/scratch/ghaedi/mab/rfantibody_b7h3_rf2_20260926/A/task_298/ab_0_dldesign_1_best.pdb	1.7560532452064217	68	1	L:212PRO-T:240ASP	REJECT
/scratch/ghaedi/mab/rfantibody_b7h3_rf2_20260926/A/task_298/ab_0_dldesign_2_best.pdb	2.723995227602281	48	0	L:212PRO-T:233ASN	PASS
/scratch/ghaedi/mab/rfantibody_b7h3_rf2_20260926/A/task_298/ab_0_dldesign_3_best.pdb	0.14409024949662616	4625	386	L:147LEU-T:261SER	REJECT
/scratch/ghaedi/mab/rfantibody_b7h3_rf2_20260926/A/task_299/ab_0_dldesign_0_best.pdb	0.2502518731198628	4214	361	L:213HIS-T:243PRO	REJECT
/scratch/ghaedi/mab/rfantibody_b7h3_rf2_20260926/A/task_299/ab_0_dldesign_1_best.pdb	0.5253960410966177	499	64	H:28ASP-T:273ARG	REJECT
/scratch/ghaedi/mab/rfantibody_b7h3_rf2_20260926/A/task_299/ab_0_dldesign_2_best.pdb	0.4945401904800046	546	45	H:55ASP-T:272ILE	REJECT
/scratch/ghaedi/mab/rfantibody_b7h3_rf2_20260926/A/task_299/ab_0_dldesign_3_best.pdb	0.47056349199656416	465	42	H:103ASN-T:245LEU	REJECT
/scratch/ghaedi/mab/rfantibody_b7h3_rf2_20260926/A/task_3/ab_0_dldesign_0_best.pdb	0.39414971774695	910	46	H:31LYS-T:270ALA	REJECT
/scratch/ghaedi/mab/rfantibody_b7h3_rf2_20260926/A/task_3/ab_0_dldesign_1_best.pdb	0.1401071018899471	1589	144	L:208ALA-T:230ARG	REJECT
/scratch/ghaedi/mab/rfantibody_b7h3_rf2_20260926/A/task_3/ab_0_dldesign_2_best.pdb	0.5151640515408658	994	72	L:143THR-T:267PHE	REJECT
/scratch/ghaedi/mab/rfantibody_b7h3_rf2_20260926/A/task_3/ab_0_dldesign_3_best.pdb	0.602429248957917	430	53	H:101GLU-T:229ASN	REJECT
/scratch/ghaedi/mab/rfantibody_b7h3_rf2_20260926/A/task_30/ab_0_dldesign_0_best.pdb	0.7998787408101302	592	36	L:175GLY-T:284LYS	REJECT
/scratch/ghaedi/mab/rfantibody_b7h3_rf2_20260926/A/task_30/ab_0_dldesign_1_best.pdb	4.807879470203051	0	0	L:168ASN-T:242GLN	PASS
/scratch/ghaedi/mab/rfantibody_b7h3_rf2_20260926/A/task_30/ab_0_dldesign_2_best.pdb	0.2362646820834634	4982	420	L:167TYR-T:256ASP	REJECT
/scratch/ghaedi/mab/rfantibody_b7h3_rf2_20260926/A/task_30/ab_0_dldesign_3_best.pdb	0.8660213623231247	397	17	L:149ASN-T:266ILE	REJECT
/scratch/ghaedi/mab/rfantibody_b7h3_rf2_20260926/A/task_31/ab_0_dldesign_0_best.pdb	0.17939899665271322	1466	140	H:57GLY-T:241ASN	REJECT
/scratch/ghaedi/mab/rfantibody_b7h3_rf2_20260926/A/task_31/ab_0_dldesign_1_best.pdb	0.0921845974119312	3544	347	H:57GLY-T:235ASP	REJECT
/scratch/ghaedi/mab/rfantibody_b7h3_rf2_20260926/A/task_31/ab_0_dldesign_2_best.pdb	0.47497368348151575	338	32	H:31ASP-T:241ASN	REJECT
/scratch/ghaedi/mab/rfantibody_b7h3_rf2_20260926/A/task_31/ab_0_dldesign_3_best.pdb	0.21948348457230274	1036	92	H:31ASP-T:232LEU	REJECT
/scratch/ghaedi/mab/rfantibody_b7h3_rf2_20260926/A/task_32/ab_0_dldesign_0_best.pdb	0.4142245767696558	770	69	L:188THR-T:269ARG	REJECT
/scratch/ghaedi/mab/rfantibody_b7h3_rf2_20260926/A/task_32/ab_0_dldesign_1_best.pdb	0.8690184117727318	389	21	H:101VAL-T:253ARG	REJECT
/scratch/ghaedi/mab/rfantibody_b7h3_rf2_20260926/A/task_32/ab_0_dldesign_2_best.pdb	0.21100947846009085	668	69	H:105GLU-T:272GLY	REJECT
/scratch/ghaedi/mab/rfantibody_b7h3_rf2_20260926/A/task_32/ab_0_dldesign_3_best.pdb	0.23756683270187492	988	81	L:153SER-T:269ARG	REJECT
/scratch/ghaedi/mab/rfantibody_b7h3_rf2_20260926/A/task_33/ab_0_dldesign_0_best.pdb	1.0877485922767254	155	5	H:103TRP-T:231ALA	REJECT
/scratch/ghaedi/mab/rfantibody_b7h3_rf2_20260926/A/task_33/ab_0_dldesign_1_best.pdb	0.3612561418163013	218	19	H:103TRP-T:251ARG	REJECT
/scratch/ghaedi/mab/rfantibody_b7h3_rf2_20260926/A/task_33/ab_0_dldesign_2_best.pdb	2.363250304136234	20	0	L:150SER-T:244ALA	PASS
/scratch/ghaedi/mab/rfantibody_b7h3_rf2_20260926/A/task_33/ab_0_dldesign_3_best.pdb	0.2261150149813134	933	86	L:170TYR-T:268SER	REJECT
/scratch/ghaedi/mab/rfantibody_b7h3_rf2_20260926/A/task_34/ab_0_dldesign_0_best.pdb	0.1837933622305232	625	63	L:207LEU-T:265ASP	REJECT
/scratch/ghaedi/mab/rfantibody_b7h3_rf2_20260926/A/task_34/ab_0_dldesign_1_best.pdb	0.5505751538164434	295	28	H:102THR-T:228ASN	REJECT
/scratch/ghaedi/mab/rfantibody_b7h3_rf2_20260926/A/task_34/ab_0_dldesign_2_best.pdb	0.9675763535762976	235	22	L:146GLU-T:260PHE	REJECT
/scratch/ghaedi/mab/rfantibody_b7h3_rf2_20260926/A/task_34/ab_0_dldesign_3_best.pdb	1.0033533774299066	131	7	H:31LYS-T:223GLY	REJECT
/scratch/ghaedi/mab/rfantibody_b7h3_rf2_20260926/A/task_35/ab_0_dldesign_0_best.pdb	0.850122344136419	73	2	H:102THR-T:243LEU	REJECT
/scratch/ghaedi/mab/rfantibody_b7h3_rf2_20260926/A/task_35/ab_0_dldesign_1_best.pdb	2.4604351241193103	25	0	H:102THR-T:241PRO	PASS
/scratch/ghaedi/mab/rfantibody_b7h3_rf2_20260926/A/task_35/ab_0_dldesign_2_best.pdb	0.22861321046693767	3258	263	L:166LEU-T:268VAL	REJECT
/scratch/ghaedi/mab/rfantibody_b7h3_rf2_20260926/A/task_35/ab_0_dldesign_3_best.pdb	1.6807974297933697	232	3	H:33TYR-T:269SER	REJECT
/scratch/ghaedi/mab/rfantibody_b7h3_rf2_20260926/A/task_36/ab_0_dldesign_0_best.pdb	0.6723414311196362	183	20	H:33TYR-T:271ARG	REJECT
/scratch/ghaedi/mab/rfantibody_b7h3_rf2_20260926/A/task_36/ab_0_dldesign_1_best.pdb	0.28821866698741055	376	29	L:170TYR-T:273PHE	REJECT
/scratch/ghaedi/mab/rfantibody_b7h3_rf2_20260926/A/task_36/ab_0_dldesign_2_best.pdb	2.34396693662688	61	0	L:150SER-T:245ALA	PASS
/scratch/ghaedi/mab/rfantibody_b7h3_rf2_20260926/A/task_36/ab_0_dldesign_3_best.pdb	0.3102337828154774	223	19	L:148VAL-T:271ARG	REJECT
/scratch/ghaedi/mab/rfantibody_b7h3_rf2_20260926/A/task_37/ab_0_dldesign_0_best.pdb	0.17828628662911722	247	12	L:166SER-T:267PHE	REJECT
/scratch/ghaedi/mab/rfantibody_b7h3_rf2_20260926/A/task_37/ab_0_dldesign_1_best.pdb	0.9523854261799696	68	7	H:101PHE-T:235PRO	REJECT
/scratch/ghaedi/mab/rfantibody_b7h3_rf2_20260926/A/task_37/ab_0_dldesign_2_best.pdb	0.7206011379397054	153	12	H:99GLU-T:265ARG	REJECT
/scratch/ghaedi/mab/rfantibody_b7h3_rf2_20260926/A/task_37/ab_0_dldesign_3_best.pdb	0.8230947697561941	93	8	H:99GLU-T:265ARG	REJECT
/scratch/ghaedi/mab/rfantibody_b7h3_rf2_20260926/A/task_38/ab_0_dldesign_0_best.pdb	0.6604104784147509	142	6	H:102GLY-T:261THR	REJECT
/scratch/ghaedi/mab/rfantibody_b7h3_rf2_20260926/A/task_38/ab_0_dldesign_1_best.pdb	0.3332596585247007	468	33	H:101SER-T:263PHE	REJECT
/scratch/ghaedi/mab/rfantibody_b7h3_rf2_20260926/A/task_38/ab_0_dldesign_2_best.pdb	1.6538817974692146	105	3	H:33TYR-T:228ALA	REJECT
/scratch/ghaedi/mab/rfantibody_b7h3_rf2_20260926/A/task_38/ab_0_dldesign_3_best.pdb	1.1793239588849203	336	13	H:56GLY-T:226GLY	REJECT
/scratch/ghaedi/mab/rfantibody_b7h3_rf2_20260926/A/task_39/ab_0_dldesign_0_best.pdb	1.7984287586668544	153	2	H:103LEU-T:271GLY	REJECT
/scratch/ghaedi/mab/rfantibody_b7h3_rf2_20260926/A/task_39/ab_0_dldesign_1_best.pdb	0.536941337577952	523	56	H:57ARG-T:271GLY	REJECT
/scratch/ghaedi/mab/rfantibody_b7h3_rf2_20260926/A/task_39/ab_0_dldesign_2_best.pdb	0.8055519846664151	634	34	H:105TYR-T:243GLN	REJECT
/scratch/ghaedi/mab/rfantibody_b7h3_rf2_20260926/A/task_39/ab_0_dldesign_3_best.pdb	0.45743852045930794	2173	182	H:78THR-T:241LEU	REJECT
/scratch/ghaedi/mab/rfantibody_b7h3_rf2_20260926/A/task_4/ab_0_dldesign_0_best.pdb	0.8111263773296983	307	25	H:52GLN-T:266ASP	REJECT
/scratch/ghaedi/mab/rfantibody_b7h3_rf2_20260926/A/task_4/ab_0_dldesign_1_best.pdb	0.7211719628493615	81	8	H:57GLU-T:265ARG	REJECT
/scratch/ghaedi/mab/rfantibody_b7h3_rf2_20260926/A/task_4/ab_0_dldesign_2_best.pdb	1.267493984206632	161	1	H:100ARG-T:238LEU	REJECT
/scratch/ghaedi/mab/rfantibody_b7h3_rf2_20260926/A/task_4/ab_0_dldesign_3_best.pdb	0.30638048240708865	185	8	H:100ASN-T:240GLN	REJECT
/scratch/ghaedi/mab/rfantibody_b7h3_rf2_20260926/A/task_41/ab_0_dldesign_0_best.pdb	1.4563972672317114	141	2	H:55ASP-T:226ALA	REJECT
/scratch/ghaedi/mab/rfantibody_b7h3_rf2_20260926/A/task_41/ab_0_dldesign_1_best.pdb	1.461680539652905	59	2	L:146ASP-T:229ASN	REJECT
/scratch/ghaedi/mab/rfantibody_b7h3_rf2_20260926/A/task_41/ab_0_dldesign_2_best.pdb	0.7948597360541039	125	17	L:165ARG-T:236ASP	REJECT
/scratch/ghaedi/mab/rfantibody_b7h3_rf2_20260926/A/task_41/ab_0_dldesign_3_best.pdb	0.29717839759982506	940	87	L:186PHE-T:236ASP	REJECT
/scratch/ghaedi/mab/rfantibody_b7h3_rf2_20260926/A/task_42/ab_0_dldesign_0_best.pdb	0.15442150109359568	976	90	H:54ALA-T:269ILE	REJECT
/scratch/ghaedi/mab/rfantibody_b7h3_rf2_20260926/A/task_42/ab_0_dldesign_1_best.pdb	0.36705585406038665	1735	157	H:31LYS-T:247ASN	REJECT
/scratch/ghaedi/mab/rfantibody_b7h3_rf2_20260926/A/task_42/ab_0_dldesign_2_best.pdb	0.5110352238349156	1260	71	H:105MET-T:271ASP	REJECT
/scratch/ghaedi/mab/rfantibody_b7h3_rf2_20260926/A/task_42/ab_0_dldesign_3_best.pdb	0.4384620850199007	1375	113	L:120ILE-T:269ILE	REJECT
/scratch/ghaedi/mab/rfantibody_b7h3_rf2_20260926/A/task_43/ab_0_dldesign_0_best.pdb	3.558597195525226	9	0	L:146ALA-T:261PHE	PASS
/scratch/ghaedi/mab/rfantibody_b7h3_rf2_20260926/A/task_43/ab_0_dldesign_1_best.pdb	1.7040252345549332	53	2	L:207SER-T:265ARG	REJECT
/scratch/ghaedi/mab/rfantibody_b7h3_rf2_20260926/A/task_43/ab_0_dldesign_2_best.pdb	3.200243428241047	17	0	L:146SER-T:266ASP	PASS
/scratch/ghaedi/mab/rfantibody_b7h3_rf2_20260926/A/task_43/ab_0_dldesign_3_best.pdb	0.8849502810892811	200	4	L:182ARG-T:226ALA	REJECT
/scratch/ghaedi/mab/rfantibody_b7h3_rf2_20260926/A/task_44/ab_0_dldesign_0_best.pdb	0.43873796279784216	719	70	H:28VAL-T:242GLY	REJECT
/scratch/ghaedi/mab/rfantibody_b7h3_rf2_20260926/A/task_44/ab_0_dldesign_1_best.pdb	0.35213917703090086	343	25	H:28VAL-T:266ARG	REJECT
/scratch/ghaedi/mab/rfantibody_b7h3_rf2_20260926/A/task_44/ab_0_dldesign_2_best.pdb	0.5518704558136807	191	11	H:33TYR-T:241GLN	REJECT
/scratch/ghaedi/mab/rfantibody_b7h3_rf2_20260926/A/task_44/ab_0_dldesign_3_best.pdb	0.4505385666066783	638	58	H:33TYR-T:268PHE	REJECT
/scratch/ghaedi/mab/rfantibody_b7h3_rf2_20260926/A/task_45/ab_0_dldesign_0_best.pdb	0.3358690220904564	471	41	L:153ASN-T:272PHE	REJECT
/scratch/ghaedi/mab/rfantibody_b7h3_rf2_20260926/A/task_45/ab_0_dldesign_1_best.pdb	1.4139480188465203	58	4	H:102SER-T:241ASP	REJECT
/scratch/ghaedi/mab/rfantibody_b7h3_rf2_20260926/A/task_45/ab_0_dldesign_2_best.pdb	1.6967315639192915	191	1	L:170TYR-T:270ARG	REJECT
/scratch/ghaedi/mab/rfantibody_b7h3_rf2_20260926/A/task_45/ab_0_dldesign_3_best.pdb	0.9435857141775744	125	7	H:104ASN-T:244ALA	REJECT
/scratch/ghaedi/mab/rfantibody_b7h3_rf2_20260926/A/task_46/ab_0_dldesign_0_best.pdb	2.9725164423430854	8	0	L:207PRO-T:239GLN	PASS
/scratch/ghaedi/mab/rfantibody_b7h3_rf2_20260926/A/task_46/ab_0_dldesign_1_best.pdb	0.5622757330705282	431	42	L:205TYR-T:235ASP	REJECT
/scratch/ghaedi/mab/rfantibody_b7h3_rf2_20260926/A/task_46/ab_0_dldesign_2_best.pdb	0.47139898175536976	1140	99	L:160LEU-T:263ILE	REJECT
/scratch/ghaedi/mab/rfantibody_b7h3_rf2_20260926/A/task_46/ab_0_dldesign_3_best.pdb	0.3593744565213273	193	6	L:144GLU-T:234PRO	REJECT
/scratch/ghaedi/mab/rfantibody_b7h3_rf2_20260926/A/task_47/ab_0_dldesign_0_best.pdb	2.5236594461218416	55	0	H:101GLY-T:237LEU	PASS
/scratch/ghaedi/mab/rfantibody_b7h3_rf2_20260926/A/task_47/ab_0_dldesign_1_best.pdb	1.6140662935579833	52	2	H:33TYR-T:236ASP	REJECT
/scratch/ghaedi/mab/rfantibody_b7h3_rf2_20260926/A/task_47/ab_0_dldesign_2_best.pdb	2.79002240134376	26	0	H:52TYR-T:236ASP	PASS
/scratch/ghaedi/mab/rfantibody_b7h3_rf2_20260926/A/task_47/ab_0_dldesign_3_best.pdb	0.8128603816154398	137	8	L:207HIS-T:236ASP	REJECT
/scratch/ghaedi/mab/rfantibody_b7h3_rf2_20260926/A/task_48/ab_0_dldesign_0_best.pdb	0.366487380410295	455	35	L:210PRO-T:265SER	REJECT
/scratch/ghaedi/mab/rfantibody_b7h3_rf2_20260926/A/task_48/ab_0_dldesign_1_best.pdb	1.0163178636627446	234	12	L:211ASN-T:266ILE	REJECT
/scratch/ghaedi/mab/rfantibody_b7h3_rf2_20260926/A/task_48/ab_0_dldesign_2_best.pdb	0.7855564906485072	101	5	L:211ASN-T:241ALA	REJECT
/scratch/ghaedi/mab/rfantibody_b7h3_rf2_20260926/A/task_48/ab_0_dldesign_3_best.pdb	2.1909025537435487	47	0	L:148SER-T:265SER	PASS
/scratch/ghaedi/mab/rfantibody_b7h3_rf2_20260926/A/task_49/ab_0_dldesign_0_best.pdb	1.4861308825268387	50	4	L:211GLN-T:243GLN	REJECT
/scratch/ghaedi/mab/rfantibody_b7h3_rf2_20260926/A/task_49/ab_0_dldesign_1_best.pdb	0.49271797206921475	1110	115	L:149PRO-T:268ARG	REJECT
/scratch/ghaedi/mab/rfantibody_b7h3_rf2_20260926/A/task_49/ab_0_dldesign_2_best.pdb	3.035585116579668	4	0	L:212LEU-T:269ASP	PASS
/scratch/ghaedi/mab/rfantibody_b7h3_rf2_20260926/A/task_49/ab_0_dldesign_3_best.pdb	2.4449055196469254	25	0	H:57GLN-T:268ARG	PASS
/scratch/ghaedi/mab/rfantibody_b7h3_rf2_20260926/A/task_5/ab_0_dldesign_0_best.pdb	0.07549172140042958	452	40	L:165ASN-T:267PHE	REJECT
/scratch/ghaedi/mab/rfantibody_b7h3_rf2_20260926/A/task_5/ab_0_dldesign_1_best.pdb	2.104694989778805	103	0	H:52TYR-T:248GLN	PASS
/scratch/ghaedi/mab/rfantibody_b7h3_rf2_20260926/A/task_5/ab_0_dldesign_2_best.pdb	1.072471911054085	51	2	H:52TYR-T:240GLN	REJECT
/scratch/ghaedi/mab/rfantibody_b7h3_rf2_20260926/A/task_5/ab_0_dldesign_3_best.pdb	1.8416563197296076	23	1	L:208LEU-T:239ALA	REJECT
/scratch/ghaedi/mab/rfantibody_b7h3_rf2_20260926/A/task_50/ab_0_dldesign_0_best.pdb	0.388292415583925	676	70	H:101PRO-T:272ARG	REJECT
/scratch/ghaedi/mab/rfantibody_b7h3_rf2_20260926/A/task_50/ab_0_dldesign_1_best.pdb	0.7222700326055334	461	31	H:103GLY-T:270SER	REJECT
/scratch/ghaedi/mab/rfantibody_b7h3_rf2_20260926/A/task_50/ab_0_dldesign_2_best.pdb	0.49571564429620213	582	41	L:153ASN-T:274PHE	REJECT
/scratch/ghaedi/mab/rfantibody_b7h3_rf2_20260926/A/task_50/ab_0_dldesign_3_best.pdb	0.5458323918566956	361	15	H:104ILE-T:231GLY	REJECT
/scratch/ghaedi/mab/rfantibody_b7h3_rf2_20260926/A/task_51/ab_0_dldesign_0_best.pdb	0.44205655746747907	551	53	H:100THR-T:241ALA	REJECT
/scratch/ghaedi/mab/rfantibody_b7h3_rf2_20260926/A/task_51/ab_0_dldesign_1_best.pdb	1.2059137614274076	41	1	L:146PRO-T:267ARG	REJECT
/scratch/ghaedi/mab/rfantibody_b7h3_rf2_20260926/A/task_51/ab_0_dldesign_2_best.pdb	0.9530986307827746	60	2	L:210PRO-T:242GLN	REJECT
/scratch/ghaedi/mab/rfantibody_b7h3_rf2_20260926/A/task_51/ab_0_dldesign_3_best.pdb	0.33933022264454776	724	54	H:50ARG-T:267ARG	REJECT
/scratch/ghaedi/mab/rfantibody_b7h3_rf2_20260926/A/task_52/ab_0_dldesign_0_best.pdb	0.18098894993894013	3051	279	L:203TYR-T:238GLN	REJECT
/scratch/ghaedi/mab/rfantibody_b7h3_rf2_20260926/A/task_52/ab_0_dldesign_1_best.pdb	0.5225877916675843	393	28	L:178ARG-T:233PRO	REJECT
/scratch/ghaedi/mab/rfantibody_b7h3_rf2_20260926/A/task_52/ab_0_dldesign_2_best.pdb	2.169331002867014	43	0	H:31SER-T:238GLN	PASS
/scratch/ghaedi/mab/rfantibody_b7h3_rf2_20260926/A/task_52/ab_0_dldesign_3_best.pdb	0.41120797657633046	137	3	L:142GLU-T:237ALA	REJECT
/scratch/ghaedi/mab/rfantibody_b7h3_rf2_20260926/A/task_53/ab_0_dldesign_0_best.pdb	1.441155439222293	208	11	L:181ARG-T:265ARG	REJECT
/scratch/ghaedi/mab/rfantibody_b7h3_rf2_20260926/A/task_53/ab_0_dldesign_1_best.pdb	1.4560673061366363	89	3	H:52HIS-T:266ASP	REJECT
/scratch/ghaedi/mab/rfantibody_b7h3_rf2_20260926/A/task_53/ab_0_dldesign_2_best.pdb	0.4123821043643858	474	29	L:207HIS-T:266ASP	REJECT
/scratch/ghaedi/mab/rfantibody_b7h3_rf2_20260926/A/task_53/ab_0_dldesign_3_best.pdb	0.7086480085345611	521	39	L:146ASN-T:264ILE	REJECT
/scratch/ghaedi/mab/rfantibody_b7h3_rf2_20260926/A/task_54/ab_0_dldesign_0_best.pdb	0.7118602390919149	341	24	H:52HIS-T:267ARG	REJECT
/scratch/ghaedi/mab/rfantibody_b7h3_rf2_20260926/A/task_54/ab_0_dldesign_1_best.pdb	2.422037159087365	58	0	H:101ASN-T:238ASP	PASS
/scratch/ghaedi/mab/rfantibody_b7h3_rf2_20260926/A/task_54/ab_0_dldesign_2_best.pdb	0.8642829397830318	216	14	L:150TYR-T:267ARG	REJECT
/scratch/ghaedi/mab/rfantibody_b7h3_rf2_20260926/A/task_54/ab_0_dldesign_3_best.pdb	1.208832080977336	51	3	L:150TYR-T:227SER	REJECT
/scratch/ghaedi/mab/rfantibody_b7h3_rf2_20260926/A/task_55/ab_0_dldesign_0_best.pdb	0.2969073929695938	3816	386	L:204TYR-T:268ILE	REJECT
/scratch/ghaedi/mab/rfantibody_b7h3_rf2_20260926/A/task_55/ab_0_dldesign_1_best.pdb	0.1683478541591779	4680	417	H:28ASP-T:262PHE	REJECT
/scratch/ghaedi/mab/rfantibody_b7h3_rf2_20260926/A/task_55/ab_0_dldesign_2_best.pdb	1.6044241957786602	139	6	H:57GLU-T:229SER	REJECT
/scratch/ghaedi/mab/rfantibody_b7h3_rf2_20260926/A/task_55/ab_0_dldesign_3_best.pdb	0.5404155808264612	231	17	H:101SER-T:240ASP	REJECT
/scratch/ghaedi/mab/rfantibody_b7h3_rf2_20260926/A/task_56/ab_0_dldesign_0_best.pdb	0.6234621079103361	164	7	H:52HIS-T:240GLN	REJECT
/scratch/ghaedi/mab/rfantibody_b7h3_rf2_20260926/A/task_56/ab_0_dldesign_1_best.pdb	0.5352616182765219	520	59	H:32TYR-T:235PRO	REJECT
/scratch/ghaedi/mab/rfantibody_b7h3_rf2_20260926/A/task_56/ab_0_dldesign_2_best.pdb	2.58432718516832	27	0	H:28ASP-T:265ARG	PASS
/scratch/ghaedi/mab/rfantibody_b7h3_rf2_20260926/A/task_56/ab_0_dldesign_3_best.pdb	2.0831353772618835	68	0	H:102ASN-T:236ASP	PASS
/scratch/ghaedi/mab/rfantibody_b7h3_rf2_20260926/A/task_57/ab_0_dldesign_0_best.pdb	0.5900711821466973	657	40	H:31ASP-T:229ALA	REJECT
/scratch/ghaedi/mab/rfantibody_b7h3_rf2_20260926/A/task_57/ab_0_dldesign_1_best.pdb	0.3126419677522509	1955	199	H:101ASN-T:234LEU	REJECT
/scratch/ghaedi/mab/rfantibody_b7h3_rf2_20260926/A/task_57/ab_0_dldesign_2_best.pdb	0.7277375900693879	161	15	L:170LYS-T:268PHE	REJECT
/scratch/ghaedi/mab/rfantibody_b7h3_rf2_20260926/A/task_57/ab_0_dldesign_3_best.pdb	2.577047341435543	42	0	L:170ARG-T:230ASN	PASS
/scratch/ghaedi/mab/rfantibody_b7h3_rf2_20260926/A/task_58/ab_0_dldesign_0_best.pdb	0.5656668630916953	135	9	L:163ASN-T:262ARG	REJECT
/scratch/ghaedi/mab/rfantibody_b7h3_rf2_20260926/A/task_58/ab_0_dldesign_1_best.pdb	1.040264389470294	253	12	L:204ARG-T:263ASP	REJECT
/scratch/ghaedi/mab/rfantibody_b7h3_rf2_20260926/A/task_58/ab_0_dldesign_2_best.pdb	1.325517634737464	52	3	H:2VAL-T:262ARG	REJECT
/scratch/ghaedi/mab/rfantibody_b7h3_rf2_20260926/A/task_58/ab_0_dldesign_3_best.pdb	0.5416502561616671	1154	109	H:33TYR-T:235LEU	REJECT
/scratch/ghaedi/mab/rfantibody_b7h3_rf2_20260926/A/task_59/ab_0_dldesign_0_best.pdb	0.8223448181876024	265	17	L:186ARG-T:271PHE	REJECT
/scratch/ghaedi/mab/rfantibody_b7h3_rf2_20260926/A/task_59/ab_0_dldesign_1_best.pdb	2.0928330081494804	80	0	H:101ASN-T:250ARG	PASS
/scratch/ghaedi/mab/rfantibody_b7h3_rf2_20260926/A/task_59/ab_0_dldesign_2_best.pdb	0.8977961906802676	684	56	H:103ARG-T:271PHE	REJECT
/scratch/ghaedi/mab/rfantibody_b7h3_rf2_20260926/A/task_59/ab_0_dldesign_3_best.pdb	0.4552834282070889	1128	88	H:102ASN-T:228GLY	REJECT
/scratch/ghaedi/mab/rfantibody_b7h3_rf2_20260926/A/task_6/ab_0_dldesign_0_best.pdb	0.8202645914581459	470	32	H:27PHE-T:272ARG	REJECT
/scratch/ghaedi/mab/rfantibody_b7h3_rf2_20260926/A/task_6/ab_0_dldesign_1_best.pdb	1.7493090064365406	37	3	H:102GLY-T:247GLN	REJECT
/scratch/ghaedi/mab/rfantibody_b7h3_rf2_20260926/A/task_6/ab_0_dldesign_2_best.pdb	1.3882730279019322	186	4	L:172ASN-T:276SER	REJECT
/scratch/ghaedi/mab/rfantibody_b7h3_rf2_20260926/A/task_6/ab_0_dldesign_3_best.pdb	0.5986935777173512	899	62	L:216SER-T:272ARG	REJECT
/scratch/ghaedi/mab/rfantibody_b7h3_rf2_20260926/A/task_60/ab_0_dldesign_0_best.pdb	1.7899377084133423	97	2	L:164TYR-T:266ARG	REJECT
/scratch/ghaedi/mab/rfantibody_b7h3_rf2_20260926/A/task_60/ab_0_dldesign_1_best.pdb	3.728858002123438	4	0	L:146THR-T:241GLN	PASS
/scratch/ghaedi/mab/rfantibody_b7h3_rf2_20260926/A/task_60/ab_0_dldesign_2_best.pdb	1.9792746146000038	108	1	L:165ASP-T:265ILE	REJECT
/scratch/ghaedi/mab/rfantibody_b7h3_rf2_20260926/A/task_60/ab_0_dldesign_3_best.pdb	0.36910973977937606	1846	144	H:33TYR-T:238LEU	REJECT
/scratch/ghaedi/mab/rfantibody_b7h3_rf2_20260926/A/task_61/ab_0_dldesign_0_best.pdb	1.0104840424271948	91	2	H:30ASP-T:269ARG	REJECT
/scratch/ghaedi/mab/rfantibody_b7h3_rf2_20260926/A/task_61/ab_0_dldesign_1_best.pdb	0.3666346955758555	1025	87	H:98ARG-T:271PHE	REJECT
/scratch/ghaedi/mab/rfantibody_b7h3_rf2_20260926/A/task_61/ab_0_dldesign_2_best.pdb	0.2942787793912433	1490	122	L:152TYR-T:271PHE	REJECT
/scratch/ghaedi/mab/rfantibody_b7h3_rf2_20260926/A/task_61/ab_0_dldesign_3_best.pdb	0.6034326805866602	439	32	H:52HIS-T:271PHE	REJECT
/scratch/ghaedi/mab/rfantibody_b7h3_rf2_20260926/A/task_62/ab_0_dldesign_0_best.pdb	1.714903495827098	24	1	H:33TYR-T:235ASP	REJECT
/scratch/ghaedi/mab/rfantibody_b7h3_rf2_20260926/A/task_62/ab_0_dldesign_1_best.pdb	0.19300259065618644	253	18	L:165THR-T:264ARG	REJECT
/scratch/ghaedi/mab/rfantibody_b7h3_rf2_20260926/A/task_62/ab_0_dldesign_2_best.pdb	0.9692904621422825	184	11	L:162TYR-T:236LEU	REJECT
/scratch/ghaedi/mab/rfantibody_b7h3_rf2_20260926/A/task_62/ab_0_dldesign_3_best.pdb	1.1298482198950441	97	10	L:204TYR-T:239GLN	REJECT
/scratch/ghaedi/mab/rfantibody_b7h3_rf2_20260926/A/task_63/ab_0_dldesign_0_best.pdb	0.4777760981882623	474	42	H:33TYR-T:267PHE	REJECT
/scratch/ghaedi/mab/rfantibody_b7h3_rf2_20260926/A/task_63/ab_0_dldesign_1_best.pdb	1.6838672750546584	70	1	L:166ASN-T:240GLN	REJECT
/scratch/ghaedi/mab/rfantibody_b7h3_rf2_20260926/A/task_63/ab_0_dldesign_2_best.pdb	0.6776769141707581	106	5	L:146ASP-T:225SER	REJECT
/scratch/ghaedi/mab/rfantibody_b7h3_rf2_20260926/A/task_63/ab_0_dldesign_3_best.pdb	0.4552427923646897	398	38	H:52HIS-T:267PHE	REJECT
/scratch/ghaedi/mab/rfantibody_b7h3_rf2_20260926/A/task_64/ab_0_dldesign_0_best.pdb	0.7104336703732442	91	11	H:31ASP-T:240ASP	REJECT
/scratch/ghaedi/mab/rfantibody_b7h3_rf2_20260926/A/task_64/ab_0_dldesign_1_best.pdb	0.8032365778523759	351	28	H:54ALA-T:269ARG	REJECT
/scratch/ghaedi/mab/rfantibody_b7h3_rf2_20260926/A/task_64/ab_0_dldesign_2_best.pdb	0.21601851772475336	554	39	H:51ILE-T:269ARG	REJECT
/scratch/ghaedi/mab/rfantibody_b7h3_rf2_20260926/A/task_64/ab_0_dldesign_3_best.pdb	0.648876721727632	608	53	H:31ASN-T:271PHE	REJECT
/scratch/ghaedi/mab/rfantibody_b7h3_rf2_20260926/A/task_65/ab_0_dldesign_0_best.pdb	0.5988764480258031	845	89	H:57GLU-T:266ILE	REJECT
/scratch/ghaedi/mab/rfantibody_b7h3_rf2_20260926/A/task_65/ab_0_dldesign_1_best.pdb	0.6578092428660464	936	79	L:164LEU-T:242GLN	REJECT
/scratch/ghaedi/mab/rfantibody_b7h3_rf2_20260926/A/task_65/ab_0_dldesign_2_best.pdb	1.2272057692172083	409	11	L:170THR-T:251ARG	REJECT
/scratch/ghaedi/mab/rfantibody_b7h3_rf2_20260926/A/task_65/ab_0_dldesign_3_best.pdb	0.20316003544004366	3285	337	H:107LEU-T:242GLN	REJECT
/scratch/ghaedi/mab/rfantibody_b7h3_rf2_20260926/A/task_66/ab_0_dldesign_0_best.pdb	1.8749106645384468	58	1	L:209TYR-T:243GLN	REJECT
/scratch/ghaedi/mab/rfantibody_b7h3_rf2_20260926/A/task_66/ab_0_dldesign_1_best.pdb	0.2761086742570746	583	40	H:102ASN-T:242ALA	REJECT
/scratch/ghaedi/mab/rfantibody_b7h3_rf2_20260926/A/task_66/ab_0_dldesign_2_best.pdb	0.6204949637184838	779	57	L:150ASN-T:240LEU	REJECT
/scratch/ghaedi/mab/rfantibody_b7h3_rf2_20260926/A/task_66/ab_0_dldesign_3_best.pdb	0.7782274731722078	215	19	L:167TYR-T:268ARG	REJECT
/scratch/ghaedi/mab/rfantibody_b7h3_rf2_20260926/A/task_67/ab_0_dldesign_0_best.pdb	0.5947192615007506	204	15	H:101TYR-T:268ASP	REJECT
/scratch/ghaedi/mab/rfantibody_b7h3_rf2_20260926/A/task_67/ab_0_dldesign_1_best.pdb	0.680212466807246	357	28	L:148TYR-T:242GLN	REJECT
/scratch/ghaedi/mab/rfantibody_b7h3_rf2_20260926/A/task_67/ab_0_dldesign_2_best.pdb	0.7467690406009091	338	26	L:169THR-T:266ILE	REJECT
/scratch/ghaedi/mab/rfantibody_b7h3_rf2_20260926/A/task_67/ab_0_dldesign_3_best.pdb	1.2902019221811736	109	2	H:101TYR-T:266ILE	REJECT
/scratch/ghaedi/mab/rfantibody_b7h3_rf2_20260926/A/task_68/ab_0_dldesign_0_best.pdb	0.5421927701472995	1410	127	L:173SER-T:273PHE	REJECT
/scratch/ghaedi/mab/rfantibody_b7h3_rf2_20260926/A/task_68/ab_0_dldesign_1_best.pdb	0.9814535139271756	161	13	H:103LEU-T:231SER	REJECT
/scratch/ghaedi/mab/rfantibody_b7h3_rf2_20260926/A/task_68/ab_0_dldesign_2_best.pdb	1.8737259671574176	106	1	H:103LEU-T:269SER	REJECT
/scratch/ghaedi/mab/rfantibody_b7h3_rf2_20260926/A/task_68/ab_0_dldesign_3_best.pdb	0.5951377991692337	1007	75	H:60TYR-T:274GLY	REJECT
/scratch/ghaedi/mab/rfantibody_b7h3_rf2_20260926/A/task_69/ab_0_dldesign_0_best.pdb	0.5538059226841096	466	45	L:207PRO-T:262SER	REJECT
/scratch/ghaedi/mab/rfantibody_b7h3_rf2_20260926/A/task_69/ab_0_dldesign_1_best.pdb	1.4324894414968656	141	6	L:207PRO-T:250ARG	REJECT
/scratch/ghaedi/mab/rfantibody_b7h3_rf2_20260926/A/task_69/ab_0_dldesign_2_best.pdb	2.2922425700610307	63	0	L:167ARG-T:234PRO	PASS
/scratch/ghaedi/mab/rfantibody_b7h3_rf2_20260926/A/task_69/ab_0_dldesign_3_best.pdb	0.27857853470790017	120	13	L:163ASN-T:264ARG	REJECT
/scratch/ghaedi/mab/rfantibody_b7h3_rf2_20260926/A/task_7/ab_0_dldesign_0_best.pdb	0.34224844776857566	638	41	H:58THR-T:268ASP	REJECT
/scratch/ghaedi/mab/rfantibody_b7h3_rf2_20260926/A/task_7/ab_0_dldesign_1_best.pdb	0.5607468234417404	893	73	H:101GLY-T:269PHE	REJECT
/scratch/ghaedi/mab/rfantibody_b7h3_rf2_20260926/A/task_7/ab_0_dldesign_2_best.pdb	0.7750832213382005	351	21	L:209ALA-T:231ASN	REJECT
/scratch/ghaedi/mab/rfantibody_b7h3_rf2_20260926/A/task_7/ab_0_dldesign_3_best.pdb	1.8366385055312324	120	3	L:209TYR-T:226GLY	REJECT
/scratch/ghaedi/mab/rfantibody_b7h3_rf2_20260926/A/task_70/ab_0_dldesign_0_best.pdb	0.8006946983713572	122	5	H:105ARG-T:228SER	REJECT
/scratch/ghaedi/mab/rfantibody_b7h3_rf2_20260926/A/task_70/ab_0_dldesign_1_best.pdb	1.6522533098771517	137	1	H:105ARG-T:268ARG	REJECT
/scratch/ghaedi/mab/rfantibody_b7h3_rf2_20260926/A/task_70/ab_0_dldesign_2_best.pdb	1.7502131298787604	21	1	L:185ARG-T:268ARG	REJECT
/scratch/ghaedi/mab/rfantibody_b7h3_rf2_20260926/A/task_70/ab_0_dldesign_3_best.pdb	0.5360037313302952	631	49	L:211GLY-T:268ARG	REJECT
/scratch/ghaedi/mab/rfantibody_b7h3_rf2_20260926/A/task_71/ab_0_dldesign_0_best.pdb	0.5442361619738252	1391	129	H:101ASP-T:242ASP	REJECT
/scratch/ghaedi/mab/rfantibody_b7h3_rf2_20260926/A/task_71/ab_0_dldesign_1_best.pdb	0.9724628527609668	276	16	H:100TYR-T:272ASP	REJECT
/scratch/ghaedi/mab/rfantibody_b7h3_rf2_20260926/A/task_71/ab_0_dldesign_2_best.pdb	0.7485693020689542	658	46	H:27PHE-T:245ALA	REJECT
/scratch/ghaedi/mab/rfantibody_b7h3_rf2_20260926/A/task_71/ab_0_dldesign_3_best.pdb	0.923267025296582	88	5	L:153ARG-T:242ASP	REJECT
/scratch/ghaedi/mab/rfantibody_b7h3_rf2_20260926/A/task_72/ab_0_dldesign_0_best.pdb	0.5337096588970459	550	36	H:52ASN-T:273ARG	REJECT
/scratch/ghaedi/mab/rfantibody_b7h3_rf2_20260926/A/task_72/ab_0_dldesign_1_best.pdb	0.35105982396167307	430	37	H:104LEU-T:242PHE	REJECT
/scratch/ghaedi/mab/rfantibody_b7h3_rf2_20260926/A/task_72/ab_0_dldesign_2_best.pdb	1.0251370640065662	372	19	H:27LEU-T:273ARG	REJECT
/scratch/ghaedi/mab/rfantibody_b7h3_rf2_20260926/A/task_72/ab_0_dldesign_3_best.pdb	0.5445190538447687	188	10	H:28ASP-T:273ARG	REJECT
/scratch/ghaedi/mab/rfantibody_b7h3_rf2_20260926/A/task_73/ab_0_dldesign_0_best.pdb	0.3678776970679244	1123	101	L:173TYR-T:245LEU	REJECT
/scratch/ghaedi/mab/rfantibody_b7h3_rf2_20260926/A/task_73/ab_0_dldesign_1_best.pdb	4.620760218838455	0	0	H:104GLY-T:232GLY	PASS
/scratch/ghaedi/mab/rfantibody_b7h3_rf2_20260926/A/task_73/ab_0_dldesign_2_best.pdb	0.4288706098580307	337	15	L:153ASP-T:272ILE	REJECT
/scratch/ghaedi/mab/rfantibody_b7h3_rf2_20260926/A/task_73/ab_0_dldesign_3_best.pdb	0.3748199567792498	2799	269	H:50ARG-T:278ALA	REJECT
/scratch/ghaedi/mab/rfantibody_b7h3_rf2_20260926/A/task_74/ab_0_dldesign_0_best.pdb	0.3312733010672604	2632	244	H:45LEU-T:239ASP	REJECT
/scratch/ghaedi/mab/rfantibody_b7h3_rf2_20260926/A/task_74/ab_0_dldesign_1_best.pdb	0.5687196145729464	1410	116	L:207TYR-T:269ASP	REJECT
/scratch/ghaedi/mab/rfantibody_b7h3_rf2_20260926/A/task_74/ab_0_dldesign_2_best.pdb	0.29664962497869435	1560	139	L:210HIS-T:264PHE	REJECT
/scratch/ghaedi/mab/rfantibody_b7h3_rf2_20260926/A/task_74/ab_0_dldesign_3_best.pdb	0.40523573386363754	193	16	H:101PHE-T:270PHE	REJECT
/scratch/ghaedi/mab/rfantibody_b7h3_rf2_20260926/A/task_75/ab_0_dldesign_0_best.pdb	0.36251620653427397	633	42	L:150SER-T:242ALA	REJECT
/scratch/ghaedi/mab/rfantibody_b7h3_rf2_20260926/A/task_75/ab_0_dldesign_1_best.pdb	0.631388153198965	251	28	L:150SER-T:268ARG	REJECT
/scratch/ghaedi/mab/rfantibody_b7h3_rf2_20260926/A/task_75/ab_0_dldesign_2_best.pdb	0.6858432765581366	576	53	H:105TYR-T:241LEU	REJECT
/scratch/ghaedi/mab/rfantibody_b7h3_rf2_20260926/A/task_75/ab_0_dldesign_3_best.pdb	0.9279552790948473	231	30	L:210TYR-T:268ARG	REJECT
/scratch/ghaedi/mab/rfantibody_b7h3_rf2_20260926/A/task_76/ab_0_dldesign_0_best.pdb	1.2762139319095376	187	3	L:175PRO-T:268ILE	REJECT
/scratch/ghaedi/mab/rfantibody_b7h3_rf2_20260926/A/task_76/ab_0_dldesign_1_best.pdb	0.5282243841399223	749	60	H:100ILE-T:243ALA	REJECT
/scratch/ghaedi/mab/rfantibody_b7h3_rf2_20260926/A/task_76/ab_0_dldesign_2_best.pdb	0.35159209319892365	452	25	H:57THR-T:269ARG	REJECT
/scratch/ghaedi/mab/rfantibody_b7h3_rf2_20260926/A/task_76/ab_0_dldesign_3_best.pdb	1.3357975145956813	318	5	L:169GLY-T:228GLY	REJECT
/scratch/ghaedi/mab/rfantibody_b7h3_rf2_20260926/A/task_77/ab_0_dldesign_0_best.pdb	0.6646939145200593	618	41	H:104TYR-T:236TYR	REJECT
/scratch/ghaedi/mab/rfantibody_b7h3_rf2_20260926/A/task_77/ab_0_dldesign_1_best.pdb	0.2804353757998447	1119	116	H:104VAL-T:243PHE	REJECT
/scratch/ghaedi/mab/rfantibody_b7h3_rf2_20260926/A/task_77/ab_0_dldesign_2_best.pdb	0.6153381184357111	259	17	H:103ASN-T:253SER	REJECT
/scratch/ghaedi/mab/rfantibody_b7h3_rf2_20260926/A/task_77/ab_0_dldesign_3_best.pdb	0.42821840222017593	1333	132	H:105PHE-T:270PHE	REJECT
/scratch/ghaedi/mab/rfantibody_b7h3_rf2_20260926/A/task_78/ab_0_dldesign_0_best.pdb	2.467020267448162	59	0	H:52TYR-T:228ASN	PASS
/scratch/ghaedi/mab/rfantibody_b7h3_rf2_20260926/A/task_78/ab_0_dldesign_1_best.pdb	2.82543837306709	17	0	L:147PHE-T:260PHE	PASS
/scratch/ghaedi/mab/rfantibody_b7h3_rf2_20260926/A/task_78/ab_0_dldesign_2_best.pdb	3.4817209825027633	4	0	L:147PHE-T:225ALA	PASS
/scratch/ghaedi/mab/rfantibody_b7h3_rf2_20260926/A/task_78/ab_0_dldesign_3_best.pdb	3.0461705467685163	10	0	L:147PHE-T:235ASP	PASS
/scratch/ghaedi/mab/rfantibody_b7h3_rf2_20260926/A/task_79/ab_0_dldesign_0_best.pdb	1.6763132165559032	93	1	L:212ASP-T:241ASP	REJECT
/scratch/ghaedi/mab/rfantibody_b7h3_rf2_20260926/A/task_79/ab_0_dldesign_1_best.pdb	0.2381050188467271	4165	329	H:109TYR-T:229GLY	REJECT
/scratch/ghaedi/mab/rfantibody_b7h3_rf2_20260926/A/task_79/ab_0_dldesign_2_best.pdb	0.25510978029076065	547	55	H:102ILE-T:242LEU	REJECT
/scratch/ghaedi/mab/rfantibody_b7h3_rf2_20260926/A/task_79/ab_0_dldesign_3_best.pdb	0.7229868601848852	360	20	L:212SER-T:269ILE	REJECT
/scratch/ghaedi/mab/rfantibody_b7h3_rf2_20260926/A/task_8/ab_0_dldesign_0_best.pdb	0.6923503448399507	362	18	H:105THR-T:269PHE	REJECT
/scratch/ghaedi/mab/rfantibody_b7h3_rf2_20260926/A/task_8/ab_0_dldesign_1_best.pdb	0.44255847071319276	627	46	H:106LEU-T:254ARG	REJECT
/scratch/ghaedi/mab/rfantibody_b7h3_rf2_20260926/A/task_8/ab_0_dldesign_2_best.pdb	1.5447617939345855	207	6	H:102PHE-T:235TYR	REJECT
/scratch/ghaedi/mab/rfantibody_b7h3_rf2_20260926/A/task_8/ab_0_dldesign_3_best.pdb	1.9281581885312225	85	1	H:54ALA-T:233SER	REJECT
/scratch/ghaedi/mab/rfantibody_b7h3_rf2_20260926/A/task_80/ab_0_dldesign_0_best.pdb	0.42015473340187626	319	37	L:146PRO-T:237LEU	REJECT
/scratch/ghaedi/mab/rfantibody_b7h3_rf2_20260926/A/task_80/ab_0_dldesign_1_best.pdb	0.34085334089605185	288	31	L:166ASN-T:249ARG	REJECT
/scratch/ghaedi/mab/rfantibody_b7h3_rf2_20260926/A/task_80/ab_0_dldesign_2_best.pdb	0.36435559553820435	459	39	L:182ARG-T:265ARG	REJECT
/scratch/ghaedi/mab/rfantibody_b7h3_rf2_20260926/A/task_80/ab_0_dldesign_3_best.pdb	1.6476191914395755	28	1	L:146PRO-T:246ARG	REJECT
/scratch/ghaedi/mab/rfantibody_b7h3_rf2_20260926/A/task_81/ab_0_dldesign_0_best.pdb	0.18539417466576288	164	14	H:57GLU-T:268ARG	REJECT
/scratch/ghaedi/mab/rfantibody_b7h3_rf2_20260926/A/task_81/ab_0_dldesign_1_best.pdb	0.8875364781235774	350	18	L:148ASN-T:238PRO	REJECT
/scratch/ghaedi/mab/rfantibody_b7h3_rf2_20260926/A/task_81/ab_0_dldesign_2_best.pdb	0.19884416008523	756	69	H:55THR-T:238PRO	REJECT
/scratch/ghaedi/mab/rfantibody_b7h3_rf2_20260926/A/task_81/ab_0_dldesign_3_best.pdb	1.0082350916328993	49	6	H:57GLU-T:243GLN	REJECT
/scratch/ghaedi/mab/rfantibody_b7h3_rf2_20260926/A/task_82/ab_0_dldesign_0_best.pdb	0.2756465127658972	1476	131	L:150SER-T:266SER	REJECT
/scratch/ghaedi/mab/rfantibody_b7h3_rf2_20260926/A/task_82/ab_0_dldesign_1_best.pdb	3.4773855121340804	10	0	L:149PRO-T:264PHE	PASS
/scratch/ghaedi/mab/rfantibody_b7h3_rf2_20260926/A/task_82/ab_0_dldesign_2_best.pdb	0.23530830839560354	961	86	H:28ASN-T:230TYR	REJECT
/scratch/ghaedi/mab/rfantibody_b7h3_rf2_20260926/A/task_82/ab_0_dldesign_3_best.pdb	1.3381334014215467	86	1	L:184ARG-T:270PHE	REJECT
/scratch/ghaedi/mab/rfantibody_b7h3_rf2_20260926/A/task_83/ab_0_dldesign_0_best.pdb	0.36604098131220325	1359	117	L:171ARG-T:267ASP	REJECT
/scratch/ghaedi/mab/rfantibody_b7h3_rf2_20260926/A/task_83/ab_0_dldesign_1_best.pdb	0.27847621083317003	98	10	L:166TYR-T:267ASP	REJECT
/scratch/ghaedi/mab/rfantibody_b7h3_rf2_20260926/A/task_83/ab_0_dldesign_2_best.pdb	0.3434574209418102	288	20	H:101LEU-T:240ALA	REJECT
/scratch/ghaedi/mab/rfantibody_b7h3_rf2_20260926/A/task_83/ab_0_dldesign_3_best.pdb	0.7456936368241318	362	41	L:172ALA-T:266ARG	REJECT
/scratch/ghaedi/mab/rfantibody_b7h3_rf2_20260926/A/task_84/ab_0_dldesign_0_best.pdb	0.6937586035502549	886	60	H:62ASP-T:271ARG	REJECT
/scratch/ghaedi/mab/rfantibody_b7h3_rf2_20260926/A/task_84/ab_0_dldesign_1_best.pdb	0.5562607302335849	492	45	H:101TRP-T:272ASP	REJECT
/scratch/ghaedi/mab/rfantibody_b7h3_rf2_20260926/A/task_84/ab_0_dldesign_2_best.pdb	1.0283156130293862	170	10	L:215THR-T:272ASP	REJECT
/scratch/ghaedi/mab/rfantibody_b7h3_rf2_20260926/A/task_84/ab_0_dldesign_3_best.pdb	3.1222162000732756	14	0	H:103GLU-T:237THR	PASS
/scratch/ghaedi/mab/rfantibody_b7h3_rf2_20260926/A/task_85/ab_0_dldesign_0_best.pdb	1.7395416062859783	135	4	H:101GLY-T:266ARG	REJECT
/scratch/ghaedi/mab/rfantibody_b7h3_rf2_20260926/A/task_85/ab_0_dldesign_1_best.pdb	1.114054307473383	249	4	H:35HIS-T:266ARG	REJECT
/scratch/ghaedi/mab/rfantibody_b7h3_rf2_20260926/A/task_85/ab_0_dldesign_2_best.pdb	1.2781568761306283	183	2	L:172SER-T:240ALA	REJECT
/scratch/ghaedi/mab/rfantibody_b7h3_rf2_20260926/A/task_85/ab_0_dldesign_3_best.pdb	1.1875108420557672	233	10	L:146ALA-T:265ILE	REJECT
/scratch/ghaedi/mab/rfantibody_b7h3_rf2_20260926/A/task_86/ab_0_dldesign_0_best.pdb	3.6445028467542753	19	0	L:147SER-T:267ILE	PASS
/scratch/ghaedi/mab/rfantibody_b7h3_rf2_20260926/A/task_86/ab_0_dldesign_1_best.pdb	0.43379488240411557	4821	463	H:96CYS-T:284SER	REJECT
/scratch/ghaedi/mab/rfantibody_b7h3_rf2_20260926/A/task_86/ab_0_dldesign_2_best.pdb	0.1484924240491747	4416	405	L:186GLY-T:274ALA	REJECT
/scratch/ghaedi/mab/rfantibody_b7h3_rf2_20260926/A/task_86/ab_0_dldesign_3_best.pdb	0.7745095222138977	154	14	L:148ASN-T:243GLN	REJECT
/scratch/ghaedi/mab/rfantibody_b7h3_rf2_20260926/A/task_87/ab_0_dldesign_0_best.pdb	0.24220239470327284	1327	143	L:208GLN-T:257THR	REJECT
/scratch/ghaedi/mab/rfantibody_b7h3_rf2_20260926/A/task_87/ab_0_dldesign_1_best.pdb	0.44796093579686264	919	80	L:146VAL-T:265PHE	REJECT
/scratch/ghaedi/mab/rfantibody_b7h3_rf2_20260926/A/task_87/ab_0_dldesign_2_best.pdb	0.6551892856266798	177	6	L:206PRO-T:261SER	REJECT
/scratch/ghaedi/mab/rfantibody_b7h3_rf2_20260926/A/task_87/ab_0_dldesign_3_best.pdb	0.18456435192095053	2343	242	H:32TYR-T:240ASN	REJECT
/scratch/ghaedi/mab/rfantibody_b7h3_rf2_20260926/A/task_88/ab_0_dldesign_0_best.pdb	0.5001009898010607	698	71	L:163ASN-T:239GLN	REJECT
/scratch/ghaedi/mab/rfantibody_b7h3_rf2_20260926/A/task_88/ab_0_dldesign_1_best.pdb	0.25224392956025676	3637	307	H:102THR-T:240GLY	REJECT
/scratch/ghaedi/mab/rfantibody_b7h3_rf2_20260926/A/task_88/ab_0_dldesign_2_best.pdb	0.5453595144489566	177	13	L:162TYR-T:264ARG	REJECT
/scratch/ghaedi/mab/rfantibody_b7h3_rf2_20260926/A/task_88/ab_0_dldesign_3_best.pdb	0.48106340538436254	247	23	L:162TYR-T:264ARG	REJECT
/scratch/ghaedi/mab/rfantibody_b7h3_rf2_20260926/A/task_89/ab_0_dldesign_0_best.pdb	2.777812448672514	34	0	L:169ASN-T:271PHE	PASS
/scratch/ghaedi/mab/rfantibody_b7h3_rf2_20260926/A/task_89/ab_0_dldesign_1_best.pdb	0.21044951888754615	484	47	L:169ASN-T:271PHE	REJECT
/scratch/ghaedi/mab/rfantibody_b7h3_rf2_20260926/A/task_89/ab_0_dldesign_2_best.pdb	0.3451651778496786	1031	101	H:28ASP-T:237LEU	REJECT
/scratch/ghaedi/mab/rfantibody_b7h3_rf2_20260926/A/task_89/ab_0_dldesign_3_best.pdb	3.96231775606147	3	0	H:55ASN-T:253ARG	PASS
/scratch/ghaedi/mab/rfantibody_b7h3_rf2_20260926/A/task_9/ab_0_dldesign_0_best.pdb	1.7781678773389196	90	1	H:101TRP-T:246ARG	REJECT
/scratch/ghaedi/mab/rfantibody_b7h3_rf2_20260926/A/task_9/ab_0_dldesign_1_best.pdb	0.5526427417418944	258	27	H:102ASN-T:266ASP	REJECT
/scratch/ghaedi/mab/rfantibody_b7h3_rf2_20260926/A/task_9/ab_0_dldesign_2_best.pdb	1.2080873312803206	109	2	H:101TRP-T:264ILE	REJECT
/scratch/ghaedi/mab/rfantibody_b7h3_rf2_20260926/A/task_9/ab_0_dldesign_3_best.pdb	4.436512368967318	1	0	H:33TYR-T:236ASP	PASS
/scratch/ghaedi/mab/rfantibody_b7h3_rf2_20260926/A/task_90/ab_0_dldesign_0_best.pdb	0.616124987319943	488	39	H:103PRO-T:249SER	REJECT
/scratch/ghaedi/mab/rfantibody_b7h3_rf2_20260926/A/task_90/ab_0_dldesign_1_best.pdb	0.39913406269072205	744	66	H:33TYR-T:272PHE	REJECT
/scratch/ghaedi/mab/rfantibody_b7h3_rf2_20260926/A/task_90/ab_0_dldesign_2_best.pdb	1.7736064952519752	75	1	H:104PHE-T:238LEU	REJECT
/scratch/ghaedi/mab/rfantibody_b7h3_rf2_20260926/A/task_90/ab_0_dldesign_3_best.pdb	1.0321245079931007	158	7	H:103PRO-T:239PHE	REJECT
/scratch/ghaedi/mab/rfantibody_b7h3_rf2_20260926/A/task_91/ab_0_dldesign_0_best.pdb	0.5958154076557627	376	29	H:102ASN-T:246ASN	REJECT
/scratch/ghaedi/mab/rfantibody_b7h3_rf2_20260926/A/task_91/ab_0_dldesign_1_best.pdb	0.30111459612579505	510	42	L:211HIS-T:268ILE	REJECT
/scratch/ghaedi/mab/rfantibody_b7h3_rf2_20260926/A/task_91/ab_0_dldesign_2_best.pdb	0.31624199594614183	186	8	H:99GLN-T:269ARG	REJECT
/scratch/ghaedi/mab/rfantibody_b7h3_rf2_20260926/A/task_91/ab_0_dldesign_3_best.pdb	0.4212433975743713	4684	401	L:185SER-T:234ARG	REJECT
/scratch/ghaedi/mab/rfantibody_b7h3_rf2_20260926/A/task_92/ab_0_dldesign_0_best.pdb	0.8546818121382959	224	13	H:59ARG-T:238PRO	REJECT
/scratch/ghaedi/mab/rfantibody_b7h3_rf2_20260926/A/task_92/ab_0_dldesign_1_best.pdb	0.6256085037785204	563	45	H:102GLU-T:269ASP	REJECT
/scratch/ghaedi/mab/rfantibody_b7h3_rf2_20260926/A/task_92/ab_0_dldesign_2_best.pdb	0.7806855961268915	532	50	H:103TRP-T:269ASP	REJECT
/scratch/ghaedi/mab/rfantibody_b7h3_rf2_20260926/A/task_92/ab_0_dldesign_3_best.pdb	2.4271691329612777	16	0	H:57TYR-T:227GLY	PASS
/scratch/ghaedi/mab/rfantibody_b7h3_rf2_20260926/A/task_93/ab_0_dldesign_0_best.pdb	0.6486801985570412	676	50	H:102GLY-T:268ILE	REJECT
/scratch/ghaedi/mab/rfantibody_b7h3_rf2_20260926/A/task_93/ab_0_dldesign_1_best.pdb	0.3849857140206621	1126	95	H:31SER-T:242LEU	REJECT
/scratch/ghaedi/mab/rfantibody_b7h3_rf2_20260926/A/task_93/ab_0_dldesign_2_best.pdb	0.5888234030675068	1130	89	H:51ILE-T:268ILE	REJECT
/scratch/ghaedi/mab/rfantibody_b7h3_rf2_20260926/A/task_93/ab_0_dldesign_3_best.pdb	0.7294175758781781	170	15	L:149ASP-T:240ASP	REJECT
/scratch/ghaedi/mab/rfantibody_b7h3_rf2_20260926/A/task_94/ab_0_dldesign_0_best.pdb	0.7520246006614418	236	11	L:173ALA-T:272PHE	REJECT
/scratch/ghaedi/mab/rfantibody_b7h3_rf2_20260926/A/task_94/ab_0_dldesign_1_best.pdb	2.038221038062358	61	0	H:101ILE-T:244ALA	PASS
/scratch/ghaedi/mab/rfantibody_b7h3_rf2_20260926/A/task_94/ab_0_dldesign_2_best.pdb	0.26350332066218873	1129	100	L:185SER-T:267VAL	REJECT
/scratch/ghaedi/mab/rfantibody_b7h3_rf2_20260926/A/task_94/ab_0_dldesign_3_best.pdb	0.6810411147647398	285	17	H:33TYR-T:269ILE	REJECT
/scratch/ghaedi/mab/rfantibody_b7h3_rf2_20260926/A/task_95/ab_0_dldesign_0_best.pdb	2.27324151818499	28	0	H:101ALA-T:243GLN	PASS
/scratch/ghaedi/mab/rfantibody_b7h3_rf2_20260926/A/task_95/ab_0_dldesign_1_best.pdb	0.8149515323011541	527	39	H:52HIS-T:239ASP	REJECT
/scratch/ghaedi/mab/rfantibody_b7h3_rf2_20260926/A/task_95/ab_0_dldesign_2_best.pdb	1.5195413781796157	112	4	L:210ASP-T:268ARG	REJECT
/scratch/ghaedi/mab/rfantibody_b7h3_rf2_20260926/A/task_95/ab_0_dldesign_3_best.pdb	0.3720013440835928	669	57	L:167SER-T:267ILE	REJECT
/scratch/ghaedi/mab/rfantibody_b7h3_rf2_20260926/A/task_96/ab_0_dldesign_0_best.pdb	0.48500824735255826	229	15	H:52ILE-T:272ARG	REJECT
/scratch/ghaedi/mab/rfantibody_b7h3_rf2_20260926/A/task_96/ab_0_dldesign_1_best.pdb	1.9371135743677992	146	2	L:150GLU-T:272ARG	REJECT
/scratch/ghaedi/mab/rfantibody_b7h3_rf2_20260926/A/task_96/ab_0_dldesign_2_best.pdb	0.5092121365403609	338	20	L:214THR-T:246ALA	REJECT
/scratch/ghaedi/mab/rfantibody_b7h3_rf2_20260926/A/task_96/ab_0_dldesign_3_best.pdb	0.47309829845392615	318	28	H:103PHE-T:236ASN	REJECT
/scratch/ghaedi/mab/rfantibody_b7h3_rf2_20260926/A/task_97/ab_0_dldesign_0_best.pdb	1.318596602452776	73	3	H:102HIS-T:227GLY	REJECT
/scratch/ghaedi/mab/rfantibody_b7h3_rf2_20260926/A/task_97/ab_0_dldesign_1_best.pdb	0.30205628614547925	2838	280	H:56GLY-T:237PHE	REJECT
/scratch/ghaedi/mab/rfantibody_b7h3_rf2_20260926/A/task_97/ab_0_dldesign_2_best.pdb	2.4163809716185063	31	0	H:102TYR-T:231ALA	PASS
/scratch/ghaedi/mab/rfantibody_b7h3_rf2_20260926/A/task_97/ab_0_dldesign_3_best.pdb	1.3839107630190624	140	5	H:103SER-T:238PRO	REJECT
/scratch/ghaedi/mab/rfantibody_b7h3_rf2_20260926/A/task_98/ab_0_dldesign_0_best.pdb	0.17378434912269844	634	65	H:59ARG-T:261ALA	REJECT
/scratch/ghaedi/mab/rfantibody_b7h3_rf2_20260926/A/task_98/ab_0_dldesign_1_best.pdb	1.8767575762468638	66	3	L:174THR-T:248GLN	REJECT
/scratch/ghaedi/mab/rfantibody_b7h3_rf2_20260926/A/task_98/ab_0_dldesign_2_best.pdb	3.447255575091583	18	0	L:215VAL-T:243PRO	PASS
/scratch/ghaedi/mab/rfantibody_b7h3_rf2_20260926/A/task_98/ab_0_dldesign_3_best.pdb	0.3381552897708383	185	12	L:216GLU-T:244ASP	REJECT
/scratch/ghaedi/mab/rfantibody_b7h3_rf2_20260926/A/task_99/ab_0_dldesign_0_best.pdb	0.6988991343534486	197	17	H:55ASP-T:272SER	REJECT
/scratch/ghaedi/mab/rfantibody_b7h3_rf2_20260926/A/task_99/ab_0_dldesign_1_best.pdb	0.553354316871208	818	86	H:53PRO-T:248ALA	REJECT
/scratch/ghaedi/mab/rfantibody_b7h3_rf2_20260926/A/task_99/ab_0_dldesign_2_best.pdb	0.5116502711814002	303	13	H:103GLY-T:233GLY	REJECT
/scratch/ghaedi/mab/rfantibody_b7h3_rf2_20260926/A/task_99/ab_0_dldesign_3_best.pdb	0.6453262740660722	245	8	H:55ASP-T:245ASP	REJECT
