file	min_hl_t_angstrom	contacts_lt_4_5	overlaps_lt_2_0	closest_pair	status
/scratch/ghaedi/mab/rfantibody_b7h3_rf2_20260926/B/task_0/ab_0_dldesign_0_best.pdb	0.21052553289328146	3153	314	L:143GLU-T:266ALA	REJECT
/scratch/ghaedi/mab/rfantibody_b7h3_rf2_20260926/B/task_0/ab_0_dldesign_1_best.pdb	1.1291629643235739	118	5	L:207ASN-T:264GLN	REJECT
/scratch/ghaedi/mab/rfantibody_b7h3_rf2_20260926/B/task_0/ab_0_dldesign_2_best.pdb	0.5829879930152938	456	37	H:33TYR-T:265ASP	REJECT
/scratch/ghaedi/mab/rfantibody_b7h3_rf2_20260926/B/task_0/ab_0_dldesign_3_best.pdb	1.1369454692288457	176	5	L:207LYS-T:262LEU	REJECT
/scratch/ghaedi/mab/rfantibody_b7h3_rf2_20260926/B/task_1/ab_0_dldesign_0_best.pdb	0.3898935752227776	1575	133	L:181ASP-T:268ILE	REJECT
/scratch/ghaedi/mab/rfantibody_b7h3_rf2_20260926/B/task_1/ab_0_dldesign_1_best.pdb	0.7797756087490801	597	41	H:99GLY-T:230GLN	REJECT
/scratch/ghaedi/mab/rfantibody_b7h3_rf2_20260926/B/task_1/ab_0_dldesign_2_best.pdb	0.37194219981066934	2920	258	L:175GLY-T:240ARG	REJECT
/scratch/ghaedi/mab/rfantibody_b7h3_rf2_20260926/B/task_1/ab_0_dldesign_3_best.pdb	0.6033846202879222	607	56	H:100SER-T:230GLN	REJECT
/scratch/ghaedi/mab/rfantibody_b7h3_rf2_20260926/B/task_10/ab_0_dldesign_0_best.pdb	0.12131364309095613	2756	275	H:48VAL-T:273ILE	REJECT
/scratch/ghaedi/mab/rfantibody_b7h3_rf2_20260926/B/task_10/ab_0_dldesign_1_best.pdb	1.9102130771199322	80	1	L:207ASN-T:276GLN	REJECT
/scratch/ghaedi/mab/rfantibody_b7h3_rf2_20260926/B/task_10/ab_0_dldesign_2_best.pdb	3.4210165155988372	11	0	H:33TYR-T:268HIS	PASS
/scratch/ghaedi/mab/rfantibody_b7h3_rf2_20260926/B/task_10/ab_0_dldesign_3_best.pdb	1.5037320239989562	144	1	H:28ASP-T:234GLU	REJECT
/scratch/ghaedi/mab/rfantibody_b7h3_rf2_20260926/B/task_100/ab_0_dldesign_0_best.pdb	0.8877798150442485	64	7	H:105GLU-T:270GLN	REJECT
/scratch/ghaedi/mab/rfantibody_b7h3_rf2_20260926/B/task_100/ab_0_dldesign_1_best.pdb	0.2758369083353424	429	44	L:213ARG-T:273HIS	REJECT
/scratch/ghaedi/mab/rfantibody_b7h3_rf2_20260926/B/task_100/ab_0_dldesign_2_best.pdb	0.2883574171059234	951	91	H:101PRO-T:287ALA	REJECT
/scratch/ghaedi/mab/rfantibody_b7h3_rf2_20260926/B/task_100/ab_0_dldesign_3_best.pdb	1.90965022975413	71	1	L:149GLU-T:273HIS	REJECT
/scratch/ghaedi/mab/rfantibody_b7h3_rf2_20260926/B/task_101/ab_0_dldesign_0_best.pdb	1.0361052070132653	222	6	H:33TYR-T:274THR	REJECT
/scratch/ghaedi/mab/rfantibody_b7h3_rf2_20260926/B/task_101/ab_0_dldesign_1_best.pdb	0.4980471865195101	1170	100	L:165TYR-T:247VAL	REJECT
/scratch/ghaedi/mab/rfantibody_b7h3_rf2_20260926/B/task_101/ab_0_dldesign_2_best.pdb	4.084501928020111	8	0	H:33TYR-T:265GLN	PASS
/scratch/ghaedi/mab/rfantibody_b7h3_rf2_20260926/B/task_101/ab_0_dldesign_3_best.pdb	0.6366050581011737	355	34	H:52ASN-T:264GLN	REJECT
/scratch/ghaedi/mab/rfantibody_b7h3_rf2_20260926/B/task_102/ab_0_dldesign_0_best.pdb	0.14213022197970532	760	65	H:33TYR-T:273ASP	REJECT
/scratch/ghaedi/mab/rfantibody_b7h3_rf2_20260926/B/task_102/ab_0_dldesign_1_best.pdb	0.562879205513937	317	21	H:69THR-T:297ASP	REJECT
/scratch/ghaedi/mab/rfantibody_b7h3_rf2_20260926/B/task_102/ab_0_dldesign_2_best.pdb	0.8165714910526813	188	16	H:100LEU-T:270LEU	REJECT
/scratch/ghaedi/mab/rfantibody_b7h3_rf2_20260926/B/task_102/ab_0_dldesign_3_best.pdb	0.5968869239646645	358	26	H:50ARG-T:242GLN	REJECT
/scratch/ghaedi/mab/rfantibody_b7h3_rf2_20260926/B/task_103/ab_0_dldesign_0_best.pdb	1.064601803492743	208	12	H:101HIS-T:278ARG	REJECT
/scratch/ghaedi/mab/rfantibody_b7h3_rf2_20260926/B/task_103/ab_0_dldesign_1_best.pdb	0.22141815643709134	5208	497	H:104SER-T:249LEU	REJECT
/scratch/ghaedi/mab/rfantibody_b7h3_rf2_20260926/B/task_103/ab_0_dldesign_2_best.pdb	0.5130155943048909	372	44	L:208SER-T:267ASP	REJECT
/scratch/ghaedi/mab/rfantibody_b7h3_rf2_20260926/B/task_103/ab_0_dldesign_3_best.pdb	0.09896969233052856	1027	97	L:184THR-T:265GLN	REJECT
/scratch/ghaedi/mab/rfantibody_b7h3_rf2_20260926/B/task_104/ab_0_dldesign_0_best.pdb	0.8531682131912797	482	35	H:55SER-T:266ARG	REJECT
/scratch/ghaedi/mab/rfantibody_b7h3_rf2_20260926/B/task_104/ab_0_dldesign_1_best.pdb	0.6363717467015646	147	12	L:151GLU-T:275HIS	REJECT
/scratch/ghaedi/mab/rfantibody_b7h3_rf2_20260926/B/task_104/ab_0_dldesign_2_best.pdb	0.6477414607696496	958	68	H:33TYR-T:264LEU	REJECT
/scratch/ghaedi/mab/rfantibody_b7h3_rf2_20260926/B/task_104/ab_0_dldesign_3_best.pdb	0.38369388840584895	650	34	L:151GLU-T:278VAL	REJECT
/scratch/ghaedi/mab/rfantibody_b7h3_rf2_20260926/B/task_105/ab_0_dldesign_0_best.pdb	3.429402863473465	29	0	H:102ASP-T:276ILE	PASS
/scratch/ghaedi/mab/rfantibody_b7h3_rf2_20260926/B/task_105/ab_0_dldesign_1_best.pdb	0.40586697328065546	144	12	L:150ASP-T:238GLN	REJECT
/scratch/ghaedi/mab/rfantibody_b7h3_rf2_20260926/B/task_105/ab_0_dldesign_2_best.pdb	0.6677192523808197	779	51	H:1GLU-T:263ASN	REJECT
/scratch/ghaedi/mab/rfantibody_b7h3_rf2_20260926/B/task_105/ab_0_dldesign_3_best.pdb	0.5556023758048552	515	31	L:148PRO-T:240LEU	REJECT
/scratch/ghaedi/mab/rfantibody_b7h3_rf2_20260926/B/task_106/ab_0_dldesign_0_best.pdb	0.650177668026208	335	15	L:214THR-T:272ALA	REJECT
/scratch/ghaedi/mab/rfantibody_b7h3_rf2_20260926/B/task_106/ab_0_dldesign_1_best.pdb	0.10675204916066074	3457	343	L:152ALA-T:254GLY	REJECT
/scratch/ghaedi/mab/rfantibody_b7h3_rf2_20260926/B/task_106/ab_0_dldesign_2_best.pdb	1.9764275853164983	38	1	L:149GLU-T:244ASP	REJECT
/scratch/ghaedi/mab/rfantibody_b7h3_rf2_20260926/B/task_106/ab_0_dldesign_3_best.pdb	1.006556009370566	166	11	H:104PHE-T:260SER	REJECT
/scratch/ghaedi/mab/rfantibody_b7h3_rf2_20260926/B/task_107/ab_0_dldesign_0_best.pdb	0.5338735805413122	734	58	H:71SER-T:287PRO	REJECT
/scratch/ghaedi/mab/rfantibody_b7h3_rf2_20260926/B/task_107/ab_0_dldesign_1_best.pdb	0.5578297231234615	1051	73	H:50ARG-T:264GLN	REJECT
/scratch/ghaedi/mab/rfantibody_b7h3_rf2_20260926/B/task_107/ab_0_dldesign_2_best.pdb	1.5676491954515848	89	1	L:146ALA-T:268SER	REJECT
/scratch/ghaedi/mab/rfantibody_b7h3_rf2_20260926/B/task_107/ab_0_dldesign_3_best.pdb	0.302342520992335	800	51	L:169ARG-T:240HIS	REJECT
/scratch/ghaedi/mab/rfantibody_b7h3_rf2_20260926/B/task_108/ab_0_dldesign_0_best.pdb	0.4529459128858545	178	17	L:148ASN-T:270GLN	REJECT
/scratch/ghaedi/mab/rfantibody_b7h3_rf2_20260926/B/task_108/ab_0_dldesign_1_best.pdb	0.8874147846413197	114	6	L:150ASN-T:273HIS	REJECT
/scratch/ghaedi/mab/rfantibody_b7h3_rf2_20260926/B/task_108/ab_0_dldesign_2_best.pdb	0.824042474633439	154	8	L:185ARG-T:270GLN	REJECT
/scratch/ghaedi/mab/rfantibody_b7h3_rf2_20260926/B/task_108/ab_0_dldesign_3_best.pdb	0.8363791006475485	299	26	L:212SER-T:273HIS	REJECT
/scratch/ghaedi/mab/rfantibody_b7h3_rf2_20260926/B/task_109/ab_0_dldesign_0_best.pdb	0.1938814070508047	1362	116	H:53PRO-T:267ASP	REJECT
/scratch/ghaedi/mab/rfantibody_b7h3_rf2_20260926/B/task_109/ab_0_dldesign_1_best.pdb	2.2356361510764677	33	0	L:169VAL-T:240ASP	PASS
/scratch/ghaedi/mab/rfantibody_b7h3_rf2_20260926/B/task_109/ab_0_dldesign_2_best.pdb	1.903365965861531	41	2	L:165TYR-T:236GLN	REJECT
/scratch/ghaedi/mab/rfantibody_b7h3_rf2_20260926/B/task_109/ab_0_dldesign_3_best.pdb	1.2548246889506118	43	1	H:30THR-T:277GLN	REJECT
/scratch/ghaedi/mab/rfantibody_b7h3_rf2_20260926/B/task_11/ab_0_dldesign_0_best.pdb	0.14888250400903527	2809	283	L:191THR-T:232MET	REJECT
/scratch/ghaedi/mab/rfantibody_b7h3_rf2_20260926/B/task_11/ab_0_dldesign_1_best.pdb	0.6211416907598466	784	55	H:55THR-T:262PRO	REJECT
/scratch/ghaedi/mab/rfantibody_b7h3_rf2_20260926/B/task_11/ab_0_dldesign_2_best.pdb	0.7063681759535888	440	41	L:147GLU-T:252ASN	REJECT
/scratch/ghaedi/mab/rfantibody_b7h3_rf2_20260926/B/task_11/ab_0_dldesign_3_best.pdb	1.564732884552504	121	1	L:173PRO-T:260ARG	REJECT
/scratch/ghaedi/mab/rfantibody_b7h3_rf2_20260926/B/task_110/ab_0_dldesign_0_best.pdb	0.4299627890876139	1178	104	H:52HIS-T:271HIS	REJECT
/scratch/ghaedi/mab/rfantibody_b7h3_rf2_20260926/B/task_110/ab_0_dldesign_1_best.pdb	0.8416709570847742	269	19	H:31GLU-T:275THR	REJECT
/scratch/ghaedi/mab/rfantibody_b7h3_rf2_20260926/B/task_110/ab_0_dldesign_2_best.pdb	1.4624722219584203	218	5	L:171THR-T:244HIS	REJECT
/scratch/ghaedi/mab/rfantibody_b7h3_rf2_20260926/B/task_110/ab_0_dldesign_3_best.pdb	2.628218788457306	45	0	L:187GLY-T:236ASN	PASS
/scratch/ghaedi/mab/rfantibody_b7h3_rf2_20260926/B/task_111/ab_0_dldesign_0_best.pdb	1.9078943891106754	42	3	H:55ASN-T:232GLN	REJECT
/scratch/ghaedi/mab/rfantibody_b7h3_rf2_20260926/B/task_111/ab_0_dldesign_1_best.pdb	1.9000497361911342	38	1	L:205GLY-T:265HIS	REJECT
/scratch/ghaedi/mab/rfantibody_b7h3_rf2_20260926/B/task_111/ab_0_dldesign_2_best.pdb	0.6345187152480212	563	31	L:178ARG-T:265HIS	REJECT
/scratch/ghaedi/mab/rfantibody_b7h3_rf2_20260926/B/task_111/ab_0_dldesign_3_best.pdb	1.529597986400349	124	2	L:207GLU-T:263ASP	REJECT
/scratch/ghaedi/mab/rfantibody_b7h3_rf2_20260926/B/task_112/ab_0_dldesign_0_best.pdb	3.007870675411428	25	0	H:33TYR-T:269SER	PASS
/scratch/ghaedi/mab/rfantibody_b7h3_rf2_20260926/B/task_112/ab_0_dldesign_1_best.pdb	0.7095315355923232	330	23	H:75SER-T:287PRO	REJECT
/scratch/ghaedi/mab/rfantibody_b7h3_rf2_20260926/B/task_112/ab_0_dldesign_2_best.pdb	0.7095082804308916	450	32	L:207GLY-T:264GLN	REJECT
/scratch/ghaedi/mab/rfantibody_b7h3_rf2_20260926/B/task_112/ab_0_dldesign_3_best.pdb	2.0678010058997436	103	0	L:207GLY-T:264GLN	PASS
/scratch/ghaedi/mab/rfantibody_b7h3_rf2_20260926/B/task_113/ab_0_dldesign_0_best.pdb	0.5189431568100684	870	51	L:182ARG-T:267ASP	REJECT
/scratch/ghaedi/mab/rfantibody_b7h3_rf2_20260926/B/task_113/ab_0_dldesign_1_best.pdb	0.35478021365346585	2957	274	L:134THR-T:262PRO	REJECT
/scratch/ghaedi/mab/rfantibody_b7h3_rf2_20260926/B/task_113/ab_0_dldesign_2_best.pdb	0.5809457806026314	826	64	L:145SER-T:255TYR	REJECT
/scratch/ghaedi/mab/rfantibody_b7h3_rf2_20260926/B/task_113/ab_0_dldesign_3_best.pdb	0.4103717826556799	994	82	L:175PRO-T:260ARG	REJECT
/scratch/ghaedi/mab/rfantibody_b7h3_rf2_20260926/B/task_114/ab_0_dldesign_0_best.pdb	0.7651078355369244	155	6	L:152PRO-T:275GLN	REJECT
/scratch/ghaedi/mab/rfantibody_b7h3_rf2_20260926/B/task_114/ab_0_dldesign_1_best.pdb	4.116916321714592	1	0	H:104PRO-T:278HIS	PASS
/scratch/ghaedi/mab/rfantibody_b7h3_rf2_20260926/B/task_114/ab_0_dldesign_2_best.pdb	0.08527602242131146	2380	228	H:104PRO-T:285PRO	REJECT
/scratch/ghaedi/mab/rfantibody_b7h3_rf2_20260926/B/task_114/ab_0_dldesign_3_best.pdb	0.5059219307363528	104	7	H:104TYR-T:278HIS	REJECT
/scratch/ghaedi/mab/rfantibody_b7h3_rf2_20260926/B/task_115/ab_0_dldesign_0_best.pdb	0.276830272911039	3807	353	H:43LYS-T:231ASN	REJECT
/scratch/ghaedi/mab/rfantibody_b7h3_rf2_20260926/B/task_115/ab_0_dldesign_1_best.pdb	0.3508019384210967	1405	131	H:100SER-T:265ALA	REJECT
/scratch/ghaedi/mab/rfantibody_b7h3_rf2_20260926/B/task_115/ab_0_dldesign_2_best.pdb	0.2118041548223258	2707	235	H:35HIS-T:249ASN	REJECT
/scratch/ghaedi/mab/rfantibody_b7h3_rf2_20260926/B/task_115/ab_0_dldesign_3_best.pdb	0.42732072264284093	558	44	L:180ARG-T:239HIS	REJECT
/scratch/ghaedi/mab/rfantibody_b7h3_rf2_20260926/B/task_116/ab_0_dldesign_0_best.pdb	0.25121703763877146	1813	163	H:4LEU-T:277PRO	REJECT
/scratch/ghaedi/mab/rfantibody_b7h3_rf2_20260926/B/task_116/ab_0_dldesign_1_best.pdb	2.4657627623110883	133	0	L:143GLY-T:237ASP	PASS
/scratch/ghaedi/mab/rfantibody_b7h3_rf2_20260926/B/task_116/ab_0_dldesign_2_best.pdb	0.47766934169988495	309	28	L:142ASP-T:263GLN	REJECT
/scratch/ghaedi/mab/rfantibody_b7h3_rf2_20260926/B/task_116/ab_0_dldesign_3_best.pdb	2.5507820369447494	44	0	H:101LEU-T:249ASN	PASS
/scratch/ghaedi/mab/rfantibody_b7h3_rf2_20260926/B/task_117/ab_0_dldesign_0_best.pdb	0.27551043537405295	1995	176	H:64VAL-T:232GLY	REJECT
/scratch/ghaedi/mab/rfantibody_b7h3_rf2_20260926/B/task_117/ab_0_dldesign_1_best.pdb	0.6091026186120028	589	28	H:31SER-T:275ALA	REJECT
/scratch/ghaedi/mab/rfantibody_b7h3_rf2_20260926/B/task_117/ab_0_dldesign_2_best.pdb	0.6045494189890517	531	39	L:151LEU-T:261THR	REJECT
/scratch/ghaedi/mab/rfantibody_b7h3_rf2_20260926/B/task_117/ab_0_dldesign_3_best.pdb	0.6208453913817847	179	14	H:57GLU-T:276HIS	REJECT
/scratch/ghaedi/mab/rfantibody_b7h3_rf2_20260926/B/task_118/ab_0_dldesign_0_best.pdb	0.19322008177205607	1363	121	H:55THR-T:257ARG	REJECT
/scratch/ghaedi/mab/rfantibody_b7h3_rf2_20260926/B/task_118/ab_0_dldesign_1_best.pdb	1.7338460139239582	22	1	H:52TYR-T:263GLN	REJECT
/scratch/ghaedi/mab/rfantibody_b7h3_rf2_20260926/B/task_118/ab_0_dldesign_2_best.pdb	1.5774048307267228	80	1	L:142ASN-T:261LEU	REJECT
/scratch/ghaedi/mab/rfantibody_b7h3_rf2_20260926/B/task_118/ab_0_dldesign_3_best.pdb	0.5992044726134823	493	46	L:207ASP-T:266HIS	REJECT
/scratch/ghaedi/mab/rfantibody_b7h3_rf2_20260926/B/task_119/ab_0_dldesign_0_best.pdb	0.3016637200592738	3240	276	H:52GLN-T:278PRO	REJECT
/scratch/ghaedi/mab/rfantibody_b7h3_rf2_20260926/B/task_119/ab_0_dldesign_1_best.pdb	1.1807285886265317	85	1	L:170LYS-T:268GLN	REJECT
/scratch/ghaedi/mab/rfantibody_b7h3_rf2_20260926/B/task_119/ab_0_dldesign_2_best.pdb	0.8339514374350586	847	64	L:166TYR-T:254ASN	REJECT
/scratch/ghaedi/mab/rfantibody_b7h3_rf2_20260926/B/task_119/ab_0_dldesign_3_best.pdb	0.6291462469092539	702	37	H:102PRO-T:256THR	REJECT
/scratch/ghaedi/mab/rfantibody_b7h3_rf2_20260926/B/task_12/ab_0_dldesign_0_best.pdb	0.5682165080319319	780	73	L:145VAL-T:258LEU	REJECT
/scratch/ghaedi/mab/rfantibody_b7h3_rf2_20260926/B/task_12/ab_0_dldesign_1_best.pdb	0.698717396377105	595	42	L:185GLY-T:269HIS	REJECT
/scratch/ghaedi/mab/rfantibody_b7h3_rf2_20260926/B/task_12/ab_0_dldesign_2_best.pdb	0.5146192767473831	1736	149	L:184SER-T:247VAL	REJECT
/scratch/ghaedi/mab/rfantibody_b7h3_rf2_20260926/B/task_12/ab_0_dldesign_3_best.pdb	0.5230764762441535	213	11	L:144SER-T:264LEU	REJECT
/scratch/ghaedi/mab/rfantibody_b7h3_rf2_20260926/B/task_120/ab_0_dldesign_0_best.pdb	0.6584086876705088	207	19	L:211PRO-T:244HIS	REJECT
/scratch/ghaedi/mab/rfantibody_b7h3_rf2_20260926/B/task_120/ab_0_dldesign_1_best.pdb	0.6908473058498524	87	6	L:148ASN-T:272SER	REJECT
/scratch/ghaedi/mab/rfantibody_b7h3_rf2_20260926/B/task_120/ab_0_dldesign_2_best.pdb	0.4294380048388818	561	38	L:184ARG-T:267GLN	REJECT
/scratch/ghaedi/mab/rfantibody_b7h3_rf2_20260926/B/task_120/ab_0_dldesign_3_best.pdb	0.8032620991930356	73	3	L:148ASN-T:268GLN	REJECT
/scratch/ghaedi/mab/rfantibody_b7h3_rf2_20260926/B/task_121/ab_0_dldesign_0_best.pdb	1.400905778416236	147	7	H:52HIS-T:265HIS	REJECT
/scratch/ghaedi/mab/rfantibody_b7h3_rf2_20260926/B/task_121/ab_0_dldesign_1_best.pdb	0.2785318653224434	3684	333	H:50ARG-T:277THR	REJECT
/scratch/ghaedi/mab/rfantibody_b7h3_rf2_20260926/B/task_121/ab_0_dldesign_2_best.pdb	0.8529214500761493	203	19	H:59ARG-T:261GLN	REJECT
/scratch/ghaedi/mab/rfantibody_b7h3_rf2_20260926/B/task_121/ab_0_dldesign_3_best.pdb	0.20433550841691728	439	45	H:57THR-T:263ASP	REJECT
/scratch/ghaedi/mab/rfantibody_b7h3_rf2_20260926/B/task_122/ab_0_dldesign_0_best.pdb	0.49080546044232265	995	77	L:118ASP-T:271THR	REJECT
/scratch/ghaedi/mab/rfantibody_b7h3_rf2_20260926/B/task_122/ab_0_dldesign_1_best.pdb	1.4436322246334068	100	1	H:54SER-T:276ARG	REJECT
/scratch/ghaedi/mab/rfantibody_b7h3_rf2_20260926/B/task_122/ab_0_dldesign_2_best.pdb	0.33042548327875626	1736	167	H:98ARG-T:289ASP	REJECT
/scratch/ghaedi/mab/rfantibody_b7h3_rf2_20260926/B/task_122/ab_0_dldesign_3_best.pdb	2.6315565735890987	39	0	L:180ARG-T:238ASP	PASS
/scratch/ghaedi/mab/rfantibody_b7h3_rf2_20260926/B/task_123/ab_0_dldesign_0_best.pdb	0.5540117327277435	194	14	L:172LEU-T:269GLN	REJECT
/scratch/ghaedi/mab/rfantibody_b7h3_rf2_20260926/B/task_123/ab_0_dldesign_1_best.pdb	1.0717555691481162	105	2	L:212ALA-T:241LEU	REJECT
/scratch/ghaedi/mab/rfantibody_b7h3_rf2_20260926/B/task_123/ab_0_dldesign_2_best.pdb	0.3036198280745163	1112	112	H:55THR-T:260CYS	REJECT
/scratch/ghaedi/mab/rfantibody_b7h3_rf2_20260926/B/task_123/ab_0_dldesign_3_best.pdb	1.1547233434896889	149	7	H:57LYS-T:238GLU	REJECT
/scratch/ghaedi/mab/rfantibody_b7h3_rf2_20260926/B/task_124/ab_0_dldesign_0_best.pdb	0.3411407334224384	609	44	H:28ASP-T:286VAL	REJECT
/scratch/ghaedi/mab/rfantibody_b7h3_rf2_20260926/B/task_124/ab_0_dldesign_1_best.pdb	1.2244998979175137	227	6	H:102ASP-T:269ASP	REJECT
/scratch/ghaedi/mab/rfantibody_b7h3_rf2_20260926/B/task_124/ab_0_dldesign_2_best.pdb	4.5347523636908775	0	0	H:30THR-T:279GLN	PASS
/scratch/ghaedi/mab/rfantibody_b7h3_rf2_20260926/B/task_124/ab_0_dldesign_3_best.pdb	0.33442188923573757	2383	196	H:57SER-T:281SER	REJECT
/scratch/ghaedi/mab/rfantibody_b7h3_rf2_20260926/B/task_125/ab_0_dldesign_0_best.pdb	0.6686725656104038	724	56	L:213GLN-T:272SER	REJECT
/scratch/ghaedi/mab/rfantibody_b7h3_rf2_20260926/B/task_125/ab_0_dldesign_1_best.pdb	1.266880815230857	369	16	L:150ASN-T:271HIS	REJECT
/scratch/ghaedi/mab/rfantibody_b7h3_rf2_20260926/B/task_125/ab_0_dldesign_2_best.pdb	0.38120073452185493	1000	86	H:77ASN-T:266LEU	REJECT
/scratch/ghaedi/mab/rfantibody_b7h3_rf2_20260926/B/task_125/ab_0_dldesign_3_best.pdb	0.5915953008603093	1190	118	H:53PRO-T:266LEU	REJECT
/scratch/ghaedi/mab/rfantibody_b7h3_rf2_20260926/B/task_126/ab_0_dldesign_0_best.pdb	0.33553092256899353	121	7	L:169GLN-T:253THR	REJECT
/scratch/ghaedi/mab/rfantibody_b7h3_rf2_20260926/B/task_126/ab_0_dldesign_1_best.pdb	0.6820469192071743	497	33	L:165TYR-T:268HIS	REJECT
/scratch/ghaedi/mab/rfantibody_b7h3_rf2_20260926/B/task_126/ab_0_dldesign_2_best.pdb	0.4273956012876126	3465	294	H:101GLY-T:251ASN	REJECT
/scratch/ghaedi/mab/rfantibody_b7h3_rf2_20260926/B/task_126/ab_0_dldesign_3_best.pdb	0.26111108747044703	634	52	H:57SER-T:283VAL	REJECT
/scratch/ghaedi/mab/rfantibody_b7h3_rf2_20260926/B/task_127/ab_0_dldesign_0_best.pdb	0.37548102482016393	855	91	H:30ALA-T:271ASP	REJECT
/scratch/ghaedi/mab/rfantibody_b7h3_rf2_20260926/B/task_127/ab_0_dldesign_1_best.pdb	0.40414601321799526	1203	79	L:171SER-T:275SER	REJECT
/scratch/ghaedi/mab/rfantibody_b7h3_rf2_20260926/B/task_127/ab_0_dldesign_2_best.pdb	0.2697220791852239	1156	101	H:98ARG-T:272ALA	REJECT
/scratch/ghaedi/mab/rfantibody_b7h3_rf2_20260926/B/task_127/ab_0_dldesign_3_best.pdb	3.278174644523993	27	0	H:101ASN-T:274SER	PASS
/scratch/ghaedi/mab/rfantibody_b7h3_rf2_20260926/B/task_128/ab_0_dldesign_0_best.pdb	2.5717824558076434	65	0	H:52PHE-T:263GLN	PASS
/scratch/ghaedi/mab/rfantibody_b7h3_rf2_20260926/B/task_128/ab_0_dldesign_1_best.pdb	0.38578880232583174	689	44	L:143GLU-T:232ASN	REJECT
/scratch/ghaedi/mab/rfantibody_b7h3_rf2_20260926/B/task_128/ab_0_dldesign_2_best.pdb	0.5460521953073716	1052	78	L:206HIS-T:242ILE	REJECT
/scratch/ghaedi/mab/rfantibody_b7h3_rf2_20260926/B/task_128/ab_0_dldesign_3_best.pdb	0.15319595294915606	606	58	H:31ASP-T:271THR	REJECT
/scratch/ghaedi/mab/rfantibody_b7h3_rf2_20260926/B/task_129/ab_0_dldesign_0_best.pdb	0.45567642028088334	276	22	H:31SER-T:282ALA	REJECT
/scratch/ghaedi/mab/rfantibody_b7h3_rf2_20260926/B/task_129/ab_0_dldesign_1_best.pdb	0.3366971933354953	778	59	H:56GLY-T:267ALA	REJECT
/scratch/ghaedi/mab/rfantibody_b7h3_rf2_20260926/B/task_129/ab_0_dldesign_2_best.pdb	0.695365371585327	222	8	L:163TYR-T:309GLU	REJECT
/scratch/ghaedi/mab/rfantibody_b7h3_rf2_20260926/B/task_129/ab_0_dldesign_3_best.pdb	0.6496183494945326	455	53	L:209ASP-T:253THR	REJECT
/scratch/ghaedi/mab/rfantibody_b7h3_rf2_20260926/B/task_13/ab_0_dldesign_0_best.pdb	0.29895484608883677	3945	335	H:46GLU-T:273THR	REJECT
/scratch/ghaedi/mab/rfantibody_b7h3_rf2_20260926/B/task_13/ab_0_dldesign_1_best.pdb	0.3371260891713964	3451	244	H:103VAL-T:279SER	REJECT
/scratch/ghaedi/mab/rfantibody_b7h3_rf2_20260926/B/task_13/ab_0_dldesign_2_best.pdb	1.2673334210064842	28	1	H:33TYR-T:269HIS	REJECT
/scratch/ghaedi/mab/rfantibody_b7h3_rf2_20260926/B/task_13/ab_0_dldesign_3_best.pdb	0.33660213903063774	1207	132	H:72ALA-T:266GLN	REJECT
/scratch/ghaedi/mab/rfantibody_b7h3_rf2_20260926/B/task_130/ab_0_dldesign_0_best.pdb	0.8275705407999985	90	5	L:137ARG-T:293ASP	REJECT
/scratch/ghaedi/mab/rfantibody_b7h3_rf2_20260926/B/task_130/ab_0_dldesign_1_best.pdb	0.5181891546530091	742	58	L:211PRO-T:268GLN	REJECT
/scratch/ghaedi/mab/rfantibody_b7h3_rf2_20260926/B/task_130/ab_0_dldesign_2_best.pdb	1.6165859086358512	107	2	L:171LYS-T:271HIS	REJECT
/scratch/ghaedi/mab/rfantibody_b7h3_rf2_20260926/B/task_130/ab_0_dldesign_3_best.pdb	0.4365959230226523	216	11	L:184ARG-T:267GLN	REJECT
/scratch/ghaedi/mab/rfantibody_b7h3_rf2_20260926/B/task_131/ab_0_dldesign_0_best.pdb	0.27291390583845543	910	74	L:145GLY-T:233ASN	REJECT
/scratch/ghaedi/mab/rfantibody_b7h3_rf2_20260926/B/task_131/ab_0_dldesign_1_best.pdb	3.5123018093552276	11	0	H:101TYR-T:272THR	PASS
/scratch/ghaedi/mab/rfantibody_b7h3_rf2_20260926/B/task_131/ab_0_dldesign_2_best.pdb	0.3738662862575322	843	74	L:172GLY-T:234GLU	REJECT
/scratch/ghaedi/mab/rfantibody_b7h3_rf2_20260926/B/task_131/ab_0_dldesign_3_best.pdb	0.45596600750494504	1132	73	L:161LEU-T:235GLN	REJECT
/scratch/ghaedi/mab/rfantibody_b7h3_rf2_20260926/B/task_132/ab_0_dldesign_0_best.pdb	0.43302886739800645	226	18	H:55ASP-T:284THR	REJECT
/scratch/ghaedi/mab/rfantibody_b7h3_rf2_20260926/B/task_132/ab_0_dldesign_1_best.pdb	0.37416707498121765	791	55	H:59ARG-T:269GLN	REJECT
/scratch/ghaedi/mab/rfantibody_b7h3_rf2_20260926/B/task_132/ab_0_dldesign_2_best.pdb	0.8303529370093171	170	4	L:148ASP-T:272HIS	REJECT
/scratch/ghaedi/mab/rfantibody_b7h3_rf2_20260926/B/task_132/ab_0_dldesign_3_best.pdb	1.4995919444969008	173	4	L:212PRO-T:272HIS	REJECT
/scratch/ghaedi/mab/rfantibody_b7h3_rf2_20260926/B/task_133/ab_0_dldesign_0_best.pdb	0.6699037244261306	479	41	H:52HIS-T:271HIS	REJECT
/scratch/ghaedi/mab/rfantibody_b7h3_rf2_20260926/B/task_133/ab_0_dldesign_1_best.pdb	0.7738791895380034	78	10	L:211PRO-T:268GLN	REJECT
/scratch/ghaedi/mab/rfantibody_b7h3_rf2_20260926/B/task_133/ab_0_dldesign_2_best.pdb	0.48723300380823864	381	26	H:59ARG-T:267GLN	REJECT
/scratch/ghaedi/mab/rfantibody_b7h3_rf2_20260926/B/task_133/ab_0_dldesign_3_best.pdb	0.5059456492549376	797	80	L:210ASP-T:267GLN	REJECT
/scratch/ghaedi/mab/rfantibody_b7h3_rf2_20260926/B/task_134/ab_0_dldesign_0_best.pdb	1.639764007410824	126	2	L:163TYR-T:235LEU	REJECT
/scratch/ghaedi/mab/rfantibody_b7h3_rf2_20260926/B/task_134/ab_0_dldesign_1_best.pdb	0.25584565659787967	5225	487	L:150TYR-T:247GLY	REJECT
/scratch/ghaedi/mab/rfantibody_b7h3_rf2_20260926/B/task_134/ab_0_dldesign_2_best.pdb	0.37713658003434347	1232	103	L:171GLY-T:301ARG	REJECT
/scratch/ghaedi/mab/rfantibody_b7h3_rf2_20260926/B/task_134/ab_0_dldesign_3_best.pdb	0.182543145584817	778	57	L:119ILE-T:243ARG	REJECT
/scratch/ghaedi/mab/rfantibody_b7h3_rf2_20260926/B/task_135/ab_0_dldesign_0_best.pdb	1.1345144335794055	80	8	H:102THR-T:278ARG	REJECT
/scratch/ghaedi/mab/rfantibody_b7h3_rf2_20260926/B/task_135/ab_0_dldesign_1_best.pdb	3.597549860669063	24	0	H:101ASP-T:252ASN	PASS
/scratch/ghaedi/mab/rfantibody_b7h3_rf2_20260926/B/task_135/ab_0_dldesign_2_best.pdb	0.6277849950420921	320	32	H:101ASP-T:281THR	REJECT
/scratch/ghaedi/mab/rfantibody_b7h3_rf2_20260926/B/task_135/ab_0_dldesign_3_best.pdb	1.5052112808506315	57	3	H:102THR-T:254THR	REJECT
/scratch/ghaedi/mab/rfantibody_b7h3_rf2_20260926/B/task_136/ab_0_dldesign_0_best.pdb	0.22741371990273626	666	72	H:102GLY-T:274HIS	REJECT
/scratch/ghaedi/mab/rfantibody_b7h3_rf2_20260926/B/task_136/ab_0_dldesign_1_best.pdb	0.38836838182323835	1529	136	L:125GLN-T:250LEU	REJECT
/scratch/ghaedi/mab/rfantibody_b7h3_rf2_20260926/B/task_136/ab_0_dldesign_2_best.pdb	0.5224040581771945	240	28	H:55THR-T:261SER	REJECT
/scratch/ghaedi/mab/rfantibody_b7h3_rf2_20260926/B/task_136/ab_0_dldesign_3_best.pdb	2.3182547314736577	110	0	H:106ASN-T:274HIS	PASS
/scratch/ghaedi/mab/rfantibody_b7h3_rf2_20260926/B/task_137/ab_0_dldesign_0_best.pdb	0.2374257778759497	494	49	L:172PRO-T:247VAL	REJECT
/scratch/ghaedi/mab/rfantibody_b7h3_rf2_20260926/B/task_137/ab_0_dldesign_1_best.pdb	0.3169700301290328	4101	373	L:197GLU-T:266ASP	REJECT
/scratch/ghaedi/mab/rfantibody_b7h3_rf2_20260926/B/task_137/ab_0_dldesign_2_best.pdb	0.4901285545650245	2357	240	H:80TYR-T:259ARG	REJECT
/scratch/ghaedi/mab/rfantibody_b7h3_rf2_20260926/B/task_137/ab_0_dldesign_3_best.pdb	0.40218652389158865	1210	114	L:194LEU-T:245ARG	REJECT
/scratch/ghaedi/mab/rfantibody_b7h3_rf2_20260926/B/task_138/ab_0_dldesign_0_best.pdb	1.1784167344365053	71	3	H:28ASN-T:235GLN	REJECT
/scratch/ghaedi/mab/rfantibody_b7h3_rf2_20260926/B/task_138/ab_0_dldesign_1_best.pdb	2.732278536313602	17	0	L:148ASP-T:251ASN	PASS
/scratch/ghaedi/mab/rfantibody_b7h3_rf2_20260926/B/task_138/ab_0_dldesign_2_best.pdb	0.5355501843898469	73	9	H:100TRP-T:268HIS	REJECT
/scratch/ghaedi/mab/rfantibody_b7h3_rf2_20260926/B/task_138/ab_0_dldesign_3_best.pdb	0.8434838469111303	121	6	L:165TYR-T:268HIS	REJECT
/scratch/ghaedi/mab/rfantibody_b7h3_rf2_20260926/B/task_139/ab_0_dldesign_0_best.pdb	1.531061396548159	192	1	L:161ASN-T:273ARG	REJECT
/scratch/ghaedi/mab/rfantibody_b7h3_rf2_20260926/B/task_139/ab_0_dldesign_1_best.pdb	1.6466383938193598	190	3	L:161ASN-T:261GLN	REJECT
/scratch/ghaedi/mab/rfantibody_b7h3_rf2_20260926/B/task_139/ab_0_dldesign_2_best.pdb	0.09386160024206039	1133	116	H:55THR-T:255ARG	REJECT
/scratch/ghaedi/mab/rfantibody_b7h3_rf2_20260926/B/task_139/ab_0_dldesign_3_best.pdb	0.6084283030891958	164	18	H:55THR-T:233LEU	REJECT
/scratch/ghaedi/mab/rfantibody_b7h3_rf2_20260926/B/task_14/ab_0_dldesign_0_best.pdb	0.5315740776223011	393	25	L:145GLU-T:267GLN	REJECT
/scratch/ghaedi/mab/rfantibody_b7h3_rf2_20260926/B/task_14/ab_0_dldesign_1_best.pdb	0.9984132410980929	201	19	L:147GLY-T:270HIS	REJECT
/scratch/ghaedi/mab/rfantibody_b7h3_rf2_20260926/B/task_14/ab_0_dldesign_2_best.pdb	0.42629801782321236	2727	225	L:121MET-T:249VAL	REJECT
/scratch/ghaedi/mab/rfantibody_b7h3_rf2_20260926/B/task_14/ab_0_dldesign_3_best.pdb	0.41283047368139	718	58	L:210PRO-T:253ASN	REJECT
/scratch/ghaedi/mab/rfantibody_b7h3_rf2_20260926/B/task_140/ab_0_dldesign_0_best.pdb	1.4487142575401117	130	5	L:209PHE-T:256SER	REJECT
/scratch/ghaedi/mab/rfantibody_b7h3_rf2_20260926/B/task_140/ab_0_dldesign_1_best.pdb	1.3275488691569888	153	1	L:142PRO-T:267ASP	REJECT
/scratch/ghaedi/mab/rfantibody_b7h3_rf2_20260926/B/task_140/ab_0_dldesign_2_best.pdb	0.4353366513400861	1427	106	L:146SER-T:277GLN	REJECT
/scratch/ghaedi/mab/rfantibody_b7h3_rf2_20260926/B/task_140/ab_0_dldesign_3_best.pdb	0.19069609330030837	4667	418	H:5VAL-T:307PHE	REJECT
/scratch/ghaedi/mab/rfantibody_b7h3_rf2_20260926/B/task_141/ab_0_dldesign_0_best.pdb	1.340342493544094	249	8	H:50ARG-T:248ARG	REJECT
/scratch/ghaedi/mab/rfantibody_b7h3_rf2_20260926/B/task_141/ab_0_dldesign_1_best.pdb	1.9201275999266303	123	1	H:52TYR-T:266LEU	REJECT
/scratch/ghaedi/mab/rfantibody_b7h3_rf2_20260926/B/task_141/ab_0_dldesign_2_best.pdb	0.5400907331180568	438	51	H:104ILE-T:273SER	REJECT
/scratch/ghaedi/mab/rfantibody_b7h3_rf2_20260926/B/task_141/ab_0_dldesign_3_best.pdb	0.6572252277568175	521	31	H:55THR-T:236ASN	REJECT
/scratch/ghaedi/mab/rfantibody_b7h3_rf2_20260926/B/task_142/ab_0_dldesign_0_best.pdb	0.40759906771237847	247	26	H:105GLN-T:281THR	REJECT
/scratch/ghaedi/mab/rfantibody_b7h3_rf2_20260926/B/task_142/ab_0_dldesign_1_best.pdb	1.312713601666411	208	7	H:31SER-T:273ASP	REJECT
/scratch/ghaedi/mab/rfantibody_b7h3_rf2_20260926/B/task_142/ab_0_dldesign_2_best.pdb	0.7086557697500258	437	32	H:102PRO-T:272GLN	REJECT
/scratch/ghaedi/mab/rfantibody_b7h3_rf2_20260926/B/task_142/ab_0_dldesign_3_best.pdb	1.7375065467502568	103	1	H:103VAL-T:267ASN	REJECT
/scratch/ghaedi/mab/rfantibody_b7h3_rf2_20260926/B/task_143/ab_0_dldesign_0_best.pdb	0.2908023383674904	2933	279	L:148GLY-T:270ASP	REJECT
/scratch/ghaedi/mab/rfantibody_b7h3_rf2_20260926/B/task_143/ab_0_dldesign_1_best.pdb	1.6936637800933216	59	3	H:101ARG-T:245HIS	REJECT
/scratch/ghaedi/mab/rfantibody_b7h3_rf2_20260926/B/task_143/ab_0_dldesign_2_best.pdb	0.432867185173466	1195	84	H:1GLU-T:265PRO	REJECT
/scratch/ghaedi/mab/rfantibody_b7h3_rf2_20260926/B/task_143/ab_0_dldesign_3_best.pdb	0.8352634314993085	269	7	L:184ARG-T:272HIS	REJECT
/scratch/ghaedi/mab/rfantibody_b7h3_rf2_20260926/B/task_144/ab_0_dldesign_0_best.pdb	0.40484194446722027	2622	230	L:189ARG-T:278VAL	REJECT
/scratch/ghaedi/mab/rfantibody_b7h3_rf2_20260926/B/task_144/ab_0_dldesign_1_best.pdb	0.4062043820541575	526	42	H:55THR-T:286PRO	REJECT
/scratch/ghaedi/mab/rfantibody_b7h3_rf2_20260926/B/task_144/ab_0_dldesign_2_best.pdb	0.24496122142086083	2357	217	H:20LEU-T:279THR	REJECT
/scratch/ghaedi/mab/rfantibody_b7h3_rf2_20260926/B/task_144/ab_0_dldesign_3_best.pdb	0.2938860323322631	2445	213	L:215GLY-T:280ILE	REJECT
/scratch/ghaedi/mab/rfantibody_b7h3_rf2_20260926/B/task_145/ab_0_dldesign_0_best.pdb	1.2289613500838819	235	8	L:173THR-T:265ARG	REJECT
/scratch/ghaedi/mab/rfantibody_b7h3_rf2_20260926/B/task_145/ab_0_dldesign_1_best.pdb	0.6756596776484445	314	30	H:102ASP-T:269LEU	REJECT
/scratch/ghaedi/mab/rfantibody_b7h3_rf2_20260926/B/task_145/ab_0_dldesign_2_best.pdb	0.39986247635906	536	48	H:31ASP-T:230GLY	REJECT
/scratch/ghaedi/mab/rfantibody_b7h3_rf2_20260926/B/task_145/ab_0_dldesign_3_best.pdb	0.3269801217199589	970	96	L:173THR-T:273ALA	REJECT
/scratch/ghaedi/mab/rfantibody_b7h3_rf2_20260926/B/task_146/ab_0_dldesign_0_best.pdb	1.8219278251346858	113	1	H:59ARG-T:264ASP	REJECT
/scratch/ghaedi/mab/rfantibody_b7h3_rf2_20260926/B/task_146/ab_0_dldesign_1_best.pdb	0.47993541232128323	677	57	H:33TYR-T:263GLN	REJECT
/scratch/ghaedi/mab/rfantibody_b7h3_rf2_20260926/B/task_146/ab_0_dldesign_2_best.pdb	0.16408839081421914	1208	81	H:30SER-T:282GLU	REJECT
/scratch/ghaedi/mab/rfantibody_b7h3_rf2_20260926/B/task_146/ab_0_dldesign_3_best.pdb	0.5253389382103704	733	72	H:31ASP-T:257ARG	REJECT
/scratch/ghaedi/mab/rfantibody_b7h3_rf2_20260926/B/task_147/ab_0_dldesign_0_best.pdb	0.50260720249515	302	19	H:55SER-T:261ARG	REJECT
/scratch/ghaedi/mab/rfantibody_b7h3_rf2_20260926/B/task_147/ab_0_dldesign_1_best.pdb	1.4076253052570484	127	1	L:168ALA-T:266GLN	REJECT
/scratch/ghaedi/mab/rfantibody_b7h3_rf2_20260926/B/task_147/ab_0_dldesign_2_best.pdb	1.7939534553605334	26	1	H:31LYS-T:237GLN	REJECT
/scratch/ghaedi/mab/rfantibody_b7h3_rf2_20260926/B/task_147/ab_0_dldesign_3_best.pdb	0.3929401990125202	2617	241	H:22CYS-T:292ASP	REJECT
/scratch/ghaedi/mab/rfantibody_b7h3_rf2_20260926/B/task_148/ab_0_dldesign_0_best.pdb	0.45728984244131254	1225	136	H:54SER-T:265ASN	REJECT
/scratch/ghaedi/mab/rfantibody_b7h3_rf2_20260926/B/task_148/ab_0_dldesign_1_best.pdb	0.5277584674829949	403	36	L:147GLN-T:277THR	REJECT
/scratch/ghaedi/mab/rfantibody_b7h3_rf2_20260926/B/task_148/ab_0_dldesign_2_best.pdb	0.16662832892398638	2629	237	H:57SER-T:276VAL	REJECT
/scratch/ghaedi/mab/rfantibody_b7h3_rf2_20260926/B/task_148/ab_0_dldesign_3_best.pdb	0.3775897244364574	452	39	H:55SER-T:258THR	REJECT
/scratch/ghaedi/mab/rfantibody_b7h3_rf2_20260926/B/task_149/ab_0_dldesign_0_best.pdb	1.5177450378769135	103	2	H:54ALA-T:242ASP	REJECT
/scratch/ghaedi/mab/rfantibody_b7h3_rf2_20260926/B/task_149/ab_0_dldesign_1_best.pdb	1.3416784264494979	168	9	H:102ALA-T:268GLN	REJECT
/scratch/ghaedi/mab/rfantibody_b7h3_rf2_20260926/B/task_149/ab_0_dldesign_2_best.pdb	0.3431675975379951	230	12	H:103ASP-T:255GLY	REJECT
/scratch/ghaedi/mab/rfantibody_b7h3_rf2_20260926/B/task_149/ab_0_dldesign_3_best.pdb	0.22758075489812504	3410	313	L:166ILE-T:233GLN	REJECT
/scratch/ghaedi/mab/rfantibody_b7h3_rf2_20260926/B/task_15/ab_0_dldesign_0_best.pdb	0.3593508035332609	2203	201	L:160LEU-T:239ASP	REJECT
/scratch/ghaedi/mab/rfantibody_b7h3_rf2_20260926/B/task_15/ab_0_dldesign_1_best.pdb	1.2054646407091334	185	10	L:180ARG-T:268HIS	REJECT
/scratch/ghaedi/mab/rfantibody_b7h3_rf2_20260926/B/task_15/ab_0_dldesign_2_best.pdb	0.5844458914219539	160	19	L:180ARG-T:268HIS	REJECT
/scratch/ghaedi/mab/rfantibody_b7h3_rf2_20260926/B/task_15/ab_0_dldesign_3_best.pdb	1.215060080819051	91	4	H:30SER-T:276GLN	REJECT
/scratch/ghaedi/mab/rfantibody_b7h3_rf2_20260926/B/task_150/ab_0_dldesign_0_best.pdb	0.324896906725809	97	6	H:102GLY-T:268HIS	REJECT
/scratch/ghaedi/mab/rfantibody_b7h3_rf2_20260926/B/task_150/ab_0_dldesign_1_best.pdb	0.32880389292099427	2527	228	L:214PHE-T:235GLN	REJECT
/scratch/ghaedi/mab/rfantibody_b7h3_rf2_20260926/B/task_150/ab_0_dldesign_2_best.pdb	1.1922495544138407	94	3	L:172PRO-T:235GLN	REJECT
/scratch/ghaedi/mab/rfantibody_b7h3_rf2_20260926/B/task_150/ab_0_dldesign_3_best.pdb	0.6566726734073842	208	18	L:146SER-T:241HIS	REJECT
/scratch/ghaedi/mab/rfantibody_b7h3_rf2_20260926/B/task_151/ab_0_dldesign_0_best.pdb	0.6084973294929081	768	52	L:146GLU-T:275SER	REJECT
/scratch/ghaedi/mab/rfantibody_b7h3_rf2_20260926/B/task_151/ab_0_dldesign_1_best.pdb	0.39856994367362947	1097	115	H:61ALA-T:275SER	REJECT
/scratch/ghaedi/mab/rfantibody_b7h3_rf2_20260926/B/task_151/ab_0_dldesign_2_best.pdb	2.048361540353655	27	0	H:102GLU-T:273HIS	PASS
/scratch/ghaedi/mab/rfantibody_b7h3_rf2_20260926/B/task_151/ab_0_dldesign_3_best.pdb	1.5755234050943205	93	4	L:168TYR-T:270GLN	REJECT
/scratch/ghaedi/mab/rfantibody_b7h3_rf2_20260926/B/task_152/ab_0_dldesign_0_best.pdb	3.1783602690695707	30	0	L:208PRO-T:255SER	PASS
/scratch/ghaedi/mab/rfantibody_b7h3_rf2_20260926/B/task_152/ab_0_dldesign_1_best.pdb	1.3027129384480698	233	11	H:102LEU-T:266ASP	REJECT
/scratch/ghaedi/mab/rfantibody_b7h3_rf2_20260926/B/task_152/ab_0_dldesign_2_best.pdb	0.17144678474675396	320	41	H:55THR-T:257LEU	REJECT
/scratch/ghaedi/mab/rfantibody_b7h3_rf2_20260926/B/task_152/ab_0_dldesign_3_best.pdb	1.43236168616729	190	2	H:33TYR-T:253THR	REJECT
/scratch/ghaedi/mab/rfantibody_b7h3_rf2_20260926/B/task_153/ab_0_dldesign_0_best.pdb	1.868415371377575	78	1	L:214ASP-T:274HIS	REJECT
/scratch/ghaedi/mab/rfantibody_b7h3_rf2_20260926/B/task_153/ab_0_dldesign_1_best.pdb	0.592325923795338	449	24	H:98ARG-T:278THR	REJECT
/scratch/ghaedi/mab/rfantibody_b7h3_rf2_20260926/B/task_153/ab_0_dldesign_2_best.pdb	0.1311640194565559	1594	164	H:52HIS-T:266ASN	REJECT
/scratch/ghaedi/mab/rfantibody_b7h3_rf2_20260926/B/task_153/ab_0_dldesign_3_best.pdb	0.30939457008809845	1313	107	L:149GLU-T:268VAL	REJECT
/scratch/ghaedi/mab/rfantibody_b7h3_rf2_20260926/B/task_154/ab_0_dldesign_0_best.pdb	0.5278456213704927	757	60	L:187SER-T:246ASP	REJECT
/scratch/ghaedi/mab/rfantibody_b7h3_rf2_20260926/B/task_154/ab_0_dldesign_1_best.pdb	2.778359767920634	40	0	L:149VAL-T:275HIS	PASS
/scratch/ghaedi/mab/rfantibody_b7h3_rf2_20260926/B/task_154/ab_0_dldesign_2_best.pdb	0.14832734070291906	2183	187	H:53PRO-T:265VAL	REJECT
/scratch/ghaedi/mab/rfantibody_b7h3_rf2_20260926/B/task_154/ab_0_dldesign_3_best.pdb	0.4615658132921035	866	102	H:33TYR-T:272GLN	REJECT
/scratch/ghaedi/mab/rfantibody_b7h3_rf2_20260926/B/task_155/ab_0_dldesign_0_best.pdb	2.981367639188433	12	0	L:146GLU-T:231MET	PASS
/scratch/ghaedi/mab/rfantibody_b7h3_rf2_20260926/B/task_155/ab_0_dldesign_1_best.pdb	0.5719694047761653	219	18	L:168SER-T:265GLN	REJECT
/scratch/ghaedi/mab/rfantibody_b7h3_rf2_20260926/B/task_155/ab_0_dldesign_2_best.pdb	0.5169235920327083	1420	97	L:141CYS-T:268HIS	REJECT
/scratch/ghaedi/mab/rfantibody_b7h3_rf2_20260926/B/task_155/ab_0_dldesign_3_best.pdb	0.38506233261642125	247	25	L:165TYR-T:268HIS	REJECT
/scratch/ghaedi/mab/rfantibody_b7h3_rf2_20260926/B/task_156/ab_0_dldesign_0_best.pdb	0.3425711604907796	1016	81	L:191SER-T:292VAL	REJECT
/scratch/ghaedi/mab/rfantibody_b7h3_rf2_20260926/B/task_156/ab_0_dldesign_1_best.pdb	0.30997257943243983	1687	141	L:142ARG-T:270VAL	REJECT
/scratch/ghaedi/mab/rfantibody_b7h3_rf2_20260926/B/task_156/ab_0_dldesign_2_best.pdb	0.5345259582097025	470	32	H:54GLY-T:279THR	REJECT
/scratch/ghaedi/mab/rfantibody_b7h3_rf2_20260926/B/task_156/ab_0_dldesign_3_best.pdb	0.5974822173086002	358	30	L:164ASN-T:234GLN	REJECT
/scratch/ghaedi/mab/rfantibody_b7h3_rf2_20260926/B/task_157/ab_0_dldesign_0_best.pdb	1.9514092343739693	79	1	L:170THR-T:238GLN	REJECT
/scratch/ghaedi/mab/rfantibody_b7h3_rf2_20260926/B/task_157/ab_0_dldesign_1_best.pdb	0.3274629750063361	388	25	L:171HIS-T:268GLN	REJECT
/scratch/ghaedi/mab/rfantibody_b7h3_rf2_20260926/B/task_157/ab_0_dldesign_2_best.pdb	0.8769087751870203	132	12	L:181SER-T:238GLN	REJECT
/scratch/ghaedi/mab/rfantibody_b7h3_rf2_20260926/B/task_157/ab_0_dldesign_3_best.pdb	0.5362611304206183	483	39	H:31ASP-T:256THR	REJECT
/scratch/ghaedi/mab/rfantibody_b7h3_rf2_20260926/B/task_158/ab_0_dldesign_0_best.pdb	0.23977280913397944	356	33	H:56GLY-T:267ARG	REJECT
/scratch/ghaedi/mab/rfantibody_b7h3_rf2_20260926/B/task_158/ab_0_dldesign_1_best.pdb	2.359274676675016	47	0	H:103SER-T:276HIS	PASS
/scratch/ghaedi/mab/rfantibody_b7h3_rf2_20260926/B/task_158/ab_0_dldesign_2_best.pdb	0.7719676159010813	476	44	H:75SER-T:297GLU	REJECT
/scratch/ghaedi/mab/rfantibody_b7h3_rf2_20260926/B/task_158/ab_0_dldesign_3_best.pdb	4.808424690062225	0	0	L:216PRO-T:277SER	PASS
/scratch/ghaedi/mab/rfantibody_b7h3_rf2_20260926/B/task_159/ab_0_dldesign_0_best.pdb	0.26055517649818377	4501	372	L:158LYS-T:251TYR	REJECT
/scratch/ghaedi/mab/rfantibody_b7h3_rf2_20260926/B/task_159/ab_0_dldesign_1_best.pdb	0.29849790619031186	1206	77	L:170GLY-T:222ASN	REJECT
/scratch/ghaedi/mab/rfantibody_b7h3_rf2_20260926/B/task_159/ab_0_dldesign_2_best.pdb	0.18028033725284626	2524	237	L:212GLY-T:269THR	REJECT
/scratch/ghaedi/mab/rfantibody_b7h3_rf2_20260926/B/task_159/ab_0_dldesign_3_best.pdb	1.6332917681786077	104	2	H:50ARG-T:265HIS	REJECT
/scratch/ghaedi/mab/rfantibody_b7h3_rf2_20260926/B/task_16/ab_0_dldesign_0_best.pdb	0.8182084086588208	285	12	L:148SER-T:254GLY	REJECT
/scratch/ghaedi/mab/rfantibody_b7h3_rf2_20260926/B/task_16/ab_0_dldesign_1_best.pdb	0.3845737900585538	146	10	L:146PRO-T:270HIS	REJECT
/scratch/ghaedi/mab/rfantibody_b7h3_rf2_20260926/B/task_16/ab_0_dldesign_2_best.pdb	0.28208154849262973	850	91	L:148SER-T:270HIS	REJECT
/scratch/ghaedi/mab/rfantibody_b7h3_rf2_20260926/B/task_16/ab_0_dldesign_3_best.pdb	0.35719042540359286	1416	126	H:57GLU-T:262ASN	REJECT
/scratch/ghaedi/mab/rfantibody_b7h3_rf2_20260926/B/task_160/ab_0_dldesign_0_best.pdb	1.4878134963764775	140	2	L:216PRO-T:274GLN	REJECT
/scratch/ghaedi/mab/rfantibody_b7h3_rf2_20260926/B/task_160/ab_0_dldesign_1_best.pdb	2.312475945820842	41	0	H:104ASN-T:281THR	PASS
/scratch/ghaedi/mab/rfantibody_b7h3_rf2_20260926/B/task_160/ab_0_dldesign_2_best.pdb	0.2615607004119696	851	89	L:153SER-T:281THR	REJECT
/scratch/ghaedi/mab/rfantibody_b7h3_rf2_20260926/B/task_160/ab_0_dldesign_3_best.pdb	0.6395138778791278	528	41	L:217ALA-T:278SER	REJECT
/scratch/ghaedi/mab/rfantibody_b7h3_rf2_20260926/B/task_161/ab_0_dldesign_0_best.pdb	0.7801031983013529	275	19	H:57SER-T:270HIS	REJECT
/scratch/ghaedi/mab/rfantibody_b7h3_rf2_20260926/B/task_161/ab_0_dldesign_1_best.pdb	0.8736601169791369	343	20	H:102ALA-T:270HIS	REJECT
/scratch/ghaedi/mab/rfantibody_b7h3_rf2_20260926/B/task_161/ab_0_dldesign_2_best.pdb	2.246667309594369	170	0	L:183ARG-T:267GLN	PASS
/scratch/ghaedi/mab/rfantibody_b7h3_rf2_20260926/B/task_161/ab_0_dldesign_3_best.pdb	0.6798043836281141	464	49	L:147LEU-T:272SER	REJECT
/scratch/ghaedi/mab/rfantibody_b7h3_rf2_20260926/B/task_162/ab_0_dldesign_0_best.pdb	2.0845176900184845	50	0	H:55ASP-T:239LEU	PASS
/scratch/ghaedi/mab/rfantibody_b7h3_rf2_20260926/B/task_162/ab_0_dldesign_1_best.pdb	0.4914895726259135	191	22	L:210TYR-T:235ASN	REJECT
/scratch/ghaedi/mab/rfantibody_b7h3_rf2_20260926/B/task_162/ab_0_dldesign_2_best.pdb	2.269799991188653	27	0	L:210TYR-T:267GLN	PASS
/scratch/ghaedi/mab/rfantibody_b7h3_rf2_20260926/B/task_162/ab_0_dldesign_3_best.pdb	1.2226029608994085	93	4	H:56ARG-T:237GLN	REJECT
/scratch/ghaedi/mab/rfantibody_b7h3_rf2_20260926/B/task_163/ab_0_dldesign_0_best.pdb	1.8905250593419807	104	2	H:57LEU-T:276THR	REJECT
/scratch/ghaedi/mab/rfantibody_b7h3_rf2_20260926/B/task_163/ab_0_dldesign_1_best.pdb	0.48494226460476747	606	36	H:103SER-T:278THR	REJECT
/scratch/ghaedi/mab/rfantibody_b7h3_rf2_20260926/B/task_163/ab_0_dldesign_2_best.pdb	1.1499395636293244	167	2	H:59ARG-T:263ARG	REJECT
/scratch/ghaedi/mab/rfantibody_b7h3_rf2_20260926/B/task_163/ab_0_dldesign_3_best.pdb	0.16705687654209325	3408	317	H:103SER-T:279PRO	REJECT
/scratch/ghaedi/mab/rfantibody_b7h3_rf2_20260926/B/task_164/ab_0_dldesign_0_best.pdb	2.61368513788482	28	0	L:149PRO-T:244ASP	PASS
/scratch/ghaedi/mab/rfantibody_b7h3_rf2_20260926/B/task_164/ab_0_dldesign_1_best.pdb	0.5047266586975566	1545	166	L:149PRO-T:251VAL	REJECT
/scratch/ghaedi/mab/rfantibody_b7h3_rf2_20260926/B/task_164/ab_0_dldesign_2_best.pdb	1.979529489550486	65	1	L:213ALA-T:273HIS	REJECT
/scratch/ghaedi/mab/rfantibody_b7h3_rf2_20260926/B/task_164/ab_0_dldesign_3_best.pdb	0.5211966999128063	1238	100	H:50ARG-T:281GLN	REJECT
/scratch/ghaedi/mab/rfantibody_b7h3_rf2_20260926/B/task_165/ab_0_dldesign_0_best.pdb	1.2386113191796697	197	4	H:101LYS-T:277THR	REJECT
/scratch/ghaedi/mab/rfantibody_b7h3_rf2_20260926/B/task_165/ab_0_dldesign_1_best.pdb	0.8398535586636509	182	8	H:102VAL-T:270GLN	REJECT
/scratch/ghaedi/mab/rfantibody_b7h3_rf2_20260926/B/task_165/ab_0_dldesign_2_best.pdb	1.8526688856889673	102	1	L:213LEU-T:276VAL	REJECT
/scratch/ghaedi/mab/rfantibody_b7h3_rf2_20260926/B/task_165/ab_0_dldesign_3_best.pdb	0.1640640118977946	1273	107	L:143THR-T:294GLU	REJECT
/scratch/ghaedi/mab/rfantibody_b7h3_rf2_20260926/B/task_166/ab_0_dldesign_0_best.pdb	0.7906541595413258	178	7	L:152ASP-T:271ASP	REJECT
/scratch/ghaedi/mab/rfantibody_b7h3_rf2_20260926/B/task_166/ab_0_dldesign_1_best.pdb	2.181574660652255	69	0	H:102ASN-T:277THR	PASS
/scratch/ghaedi/mab/rfantibody_b7h3_rf2_20260926/B/task_166/ab_0_dldesign_2_best.pdb	0.4126087735373544	3550	330	L:171ASN-T:253LEU	REJECT
/scratch/ghaedi/mab/rfantibody_b7h3_rf2_20260926/B/task_166/ab_0_dldesign_3_best.pdb	0.4535614622077146	1104	81	H:74THR-T:262LEU	REJECT
/scratch/ghaedi/mab/rfantibody_b7h3_rf2_20260926/B/task_167/ab_0_dldesign_0_best.pdb	0.7672294311351717	195	21	H:52HIS-T:232GLU	REJECT
/scratch/ghaedi/mab/rfantibody_b7h3_rf2_20260926/B/task_167/ab_0_dldesign_1_best.pdb	2.0954801359115764	113	0	H:101LEU-T:269VAL	PASS
/scratch/ghaedi/mab/rfantibody_b7h3_rf2_20260926/B/task_167/ab_0_dldesign_2_best.pdb	0.2524955445151451	203	24	L:180ARG-T:233GLN	REJECT
/scratch/ghaedi/mab/rfantibody_b7h3_rf2_20260926/B/task_167/ab_0_dldesign_3_best.pdb	0.6307146740008517	240	10	L:180ARG-T:266HIS	REJECT
/scratch/ghaedi/mab/rfantibody_b7h3_rf2_20260926/B/task_168/ab_0_dldesign_0_best.pdb	0.5107504282915488	240	25	H:102ALA-T:269LEU	REJECT
/scratch/ghaedi/mab/rfantibody_b7h3_rf2_20260926/B/task_168/ab_0_dldesign_1_best.pdb	0.3466078475741713	1006	80	L:151THR-T:249ILE	REJECT
/scratch/ghaedi/mab/rfantibody_b7h3_rf2_20260926/B/task_168/ab_0_dldesign_2_best.pdb	1.5374150383029335	186	1	L:172ASN-T:245ASP	REJECT
/scratch/ghaedi/mab/rfantibody_b7h3_rf2_20260926/B/task_168/ab_0_dldesign_3_best.pdb	0.6223704684510672	289	12	L:214GLU-T:271GLN	REJECT
/scratch/ghaedi/mab/rfantibody_b7h3_rf2_20260926/B/task_169/ab_0_dldesign_0_best.pdb	0.40325922184123686	966	100	L:179VAL-T:271GLN	REJECT
/scratch/ghaedi/mab/rfantibody_b7h3_rf2_20260926/B/task_169/ab_0_dldesign_1_best.pdb	0.4050234561108783	405	24	L:214THR-T:270LEU	REJECT
/scratch/ghaedi/mab/rfantibody_b7h3_rf2_20260926/B/task_169/ab_0_dldesign_2_best.pdb	1.03978603568234	194	11	L:215GLU-T:273ASP	REJECT
/scratch/ghaedi/mab/rfantibody_b7h3_rf2_20260926/B/task_169/ab_0_dldesign_3_best.pdb	0.6474944015202004	138	13	H:55ASP-T:241GLU	REJECT
/scratch/ghaedi/mab/rfantibody_b7h3_rf2_20260926/B/task_17/ab_0_dldesign_0_best.pdb	0.5047979793937364	944	76	H:26GLY-T:247ARG	REJECT
/scratch/ghaedi/mab/rfantibody_b7h3_rf2_20260926/B/task_17/ab_0_dldesign_1_best.pdb	0.44635523969143687	567	53	L:148GLU-T:264VAL	REJECT
/scratch/ghaedi/mab/rfantibody_b7h3_rf2_20260926/B/task_17/ab_0_dldesign_2_best.pdb	0.9449190441514025	395	16	L:148VAL-T:235ASN	REJECT
/scratch/ghaedi/mab/rfantibody_b7h3_rf2_20260926/B/task_17/ab_0_dldesign_3_best.pdb	1.605591168386275	129	2	L:210SER-T:267GLN	REJECT
/scratch/ghaedi/mab/rfantibody_b7h3_rf2_20260926/B/task_171/ab_0_dldesign_0_best.pdb	1.4336390759183433	279	10	H:33TYR-T:271HIS	REJECT
/scratch/ghaedi/mab/rfantibody_b7h3_rf2_20260926/B/task_171/ab_0_dldesign_1_best.pdb	2.474652500857444	71	0	H:102SER-T:275THR	PASS
/scratch/ghaedi/mab/rfantibody_b7h3_rf2_20260926/B/task_171/ab_0_dldesign_2_best.pdb	0.6553922489624067	201	18	H:105PRO-T:268GLN	REJECT
/scratch/ghaedi/mab/rfantibody_b7h3_rf2_20260926/B/task_171/ab_0_dldesign_3_best.pdb	4.052598549079343	11	0	L:211ASN-T:277THR	PASS
/scratch/ghaedi/mab/rfantibody_b7h3_rf2_20260926/B/task_172/ab_0_dldesign_0_best.pdb	1.4048807778598158	123	3	H:31THR-T:269SER	REJECT
/scratch/ghaedi/mab/rfantibody_b7h3_rf2_20260926/B/task_172/ab_0_dldesign_1_best.pdb	2.09083978343631	133	0	L:207ILE-T:267HIS	PASS
/scratch/ghaedi/mab/rfantibody_b7h3_rf2_20260926/B/task_172/ab_0_dldesign_2_best.pdb	0.41484213865035324	255	14	L:145THR-T:264GLN	REJECT
/scratch/ghaedi/mab/rfantibody_b7h3_rf2_20260926/B/task_172/ab_0_dldesign_3_best.pdb	0.8611213619461547	498	46	L:207ILE-T:269SER	REJECT
/scratch/ghaedi/mab/rfantibody_b7h3_rf2_20260926/B/task_173/ab_0_dldesign_0_best.pdb	0.19883158702781606	1442	145	H:77ASN-T:232ASN	REJECT
/scratch/ghaedi/mab/rfantibody_b7h3_rf2_20260926/B/task_173/ab_0_dldesign_1_best.pdb	0.33908406037441435	653	81	L:153TYR-T:275HIS	REJECT
/scratch/ghaedi/mab/rfantibody_b7h3_rf2_20260926/B/task_173/ab_0_dldesign_2_best.pdb	1.9733879496946374	131	1	H:65LYS-T:246ASP	REJECT
/scratch/ghaedi/mab/rfantibody_b7h3_rf2_20260926/B/task_173/ab_0_dldesign_3_best.pdb	0.43338897078721345	448	41	L:214PRO-T:284ARG	REJECT
/scratch/ghaedi/mab/rfantibody_b7h3_rf2_20260926/B/task_174/ab_0_dldesign_0_best.pdb	2.604005568350422	60	0	H:31ASP-T:276ARG	PASS
/scratch/ghaedi/mab/rfantibody_b7h3_rf2_20260926/B/task_174/ab_0_dldesign_1_best.pdb	0.205924743535107	4547	419	L:145GLU-T:237PHE	REJECT
/scratch/ghaedi/mab/rfantibody_b7h3_rf2_20260926/B/task_174/ab_0_dldesign_2_best.pdb	0.33865764423677114	3784	413	H:109GLN-T:263GLN	REJECT
/scratch/ghaedi/mab/rfantibody_b7h3_rf2_20260926/B/task_174/ab_0_dldesign_3_best.pdb	0.7823899283605331	109	3	L:165ASN-T:252THR	REJECT
/scratch/ghaedi/mab/rfantibody_b7h3_rf2_20260926/B/task_175/ab_0_dldesign_0_best.pdb	3.3831667118248836	5	0	H:102GLY-T:268ALA	PASS
/scratch/ghaedi/mab/rfantibody_b7h3_rf2_20260926/B/task_175/ab_0_dldesign_1_best.pdb	3.668602594994448	12	0	L:171ARG-T:235GLU	PASS
/scratch/ghaedi/mab/rfantibody_b7h3_rf2_20260926/B/task_175/ab_0_dldesign_2_best.pdb	2.819656184714724	15	0	L:170THR-T:269HIS	PASS
/scratch/ghaedi/mab/rfantibody_b7h3_rf2_20260926/B/task_175/ab_0_dldesign_3_best.pdb	2.6772063797921897	22	0	H:100GLU-T:269HIS	PASS
/scratch/ghaedi/mab/rfantibody_b7h3_rf2_20260926/B/task_176/ab_0_dldesign_0_best.pdb	0.3349671625697066	936	82	L:207HIS-T:250ALA	REJECT
/scratch/ghaedi/mab/rfantibody_b7h3_rf2_20260926/B/task_176/ab_0_dldesign_1_best.pdb	1.1386013349719912	94	3	L:207HIS-T:268HIS	REJECT
/scratch/ghaedi/mab/rfantibody_b7h3_rf2_20260926/B/task_176/ab_0_dldesign_2_best.pdb	0.5290198483989047	627	36	L:207ARG-T:253THR	REJECT
/scratch/ghaedi/mab/rfantibody_b7h3_rf2_20260926/B/task_176/ab_0_dldesign_3_best.pdb	0.5351140065444003	85	8	H:30THR-T:276GLN	REJECT
/scratch/ghaedi/mab/rfantibody_b7h3_rf2_20260926/B/task_177/ab_0_dldesign_0_best.pdb	0.6275515915046348	86	6	L:209PRO-T:273THR	REJECT
/scratch/ghaedi/mab/rfantibody_b7h3_rf2_20260926/B/task_177/ab_0_dldesign_1_best.pdb	1.1198897267141956	160	3	H:59ARG-T:267ASP	REJECT
/scratch/ghaedi/mab/rfantibody_b7h3_rf2_20260926/B/task_177/ab_0_dldesign_2_best.pdb	0.27531254965947427	2607	219	H:52HIS-T:287GLN	REJECT
/scratch/ghaedi/mab/rfantibody_b7h3_rf2_20260926/B/task_177/ab_0_dldesign_3_best.pdb	1.7534383365262671	114	2	L:209PRO-T:269HIS	REJECT
/scratch/ghaedi/mab/rfantibody_b7h3_rf2_20260926/B/task_178/ab_0_dldesign_0_best.pdb	0.5991952937064832	352	20	L:188ARG-T:274HIS	REJECT
/scratch/ghaedi/mab/rfantibody_b7h3_rf2_20260926/B/task_178/ab_0_dldesign_1_best.pdb	0.49907614649470045	164	6	L:188ARG-T:274HIS	REJECT
/scratch/ghaedi/mab/rfantibody_b7h3_rf2_20260926/B/task_178/ab_0_dldesign_2_best.pdb	2.455847307957071	57	0	L:172ALA-T:259THR	PASS
/scratch/ghaedi/mab/rfantibody_b7h3_rf2_20260926/B/task_178/ab_0_dldesign_3_best.pdb	0.6998635581311556	96	8	L:150GLU-T:245ASP	REJECT
/scratch/ghaedi/mab/rfantibody_b7h3_rf2_20260926/B/task_179/ab_0_dldesign_0_best.pdb	0.2712084069493429	1145	75	L:148ARG-T:271ASP	REJECT
/scratch/ghaedi/mab/rfantibody_b7h3_rf2_20260926/B/task_179/ab_0_dldesign_1_best.pdb	0.4373659794725697	200	13	H:104ASP-T:282ARG	REJECT
/scratch/ghaedi/mab/rfantibody_b7h3_rf2_20260926/B/task_179/ab_0_dldesign_2_best.pdb	0.2032166331775057	4451	431	L:194THR-T:275SER	REJECT
/scratch/ghaedi/mab/rfantibody_b7h3_rf2_20260926/B/task_179/ab_0_dldesign_3_best.pdb	2.0108301768175263	90	0	L:188GLY-T:273HIS	PASS
/scratch/ghaedi/mab/rfantibody_b7h3_rf2_20260926/B/task_18/ab_0_dldesign_0_best.pdb	0.32917016875774363	2601	211	L:194SER-T:318GLN	REJECT
/scratch/ghaedi/mab/rfantibody_b7h3_rf2_20260926/B/task_18/ab_0_dldesign_1_best.pdb	0.8170226435050625	596	35	L:147GLU-T:259LEU	REJECT
/scratch/ghaedi/mab/rfantibody_b7h3_rf2_20260926/B/task_18/ab_0_dldesign_2_best.pdb	1.4896180718560044	35	1	H:102ASP-T:279ARG	REJECT
/scratch/ghaedi/mab/rfantibody_b7h3_rf2_20260926/B/task_18/ab_0_dldesign_3_best.pdb	1.8499105383774646	142	5	H:32TYR-T:270HIS	REJECT
/scratch/ghaedi/mab/rfantibody_b7h3_rf2_20260926/B/task_180/ab_0_dldesign_0_best.pdb	0.2185268862176917	2781	261	H:33TYR-T:270VAL	REJECT
/scratch/ghaedi/mab/rfantibody_b7h3_rf2_20260926/B/task_180/ab_0_dldesign_1_best.pdb	0.756008597834707	480	41	L:145ASP-T:265ASP	REJECT
/scratch/ghaedi/mab/rfantibody_b7h3_rf2_20260926/B/task_180/ab_0_dldesign_2_best.pdb	0.21827963716297527	1688	155	L:210PRO-T:267HIS	REJECT
/scratch/ghaedi/mab/rfantibody_b7h3_rf2_20260926/B/task_180/ab_0_dldesign_3_best.pdb	0.7275919185917348	461	35	H:55ASP-T:268SER	REJECT
/scratch/ghaedi/mab/rfantibody_b7h3_rf2_20260926/B/task_181/ab_0_dldesign_0_best.pdb	0.10256705123966514	1094	115	L:151SER-T:281ARG	REJECT
/scratch/ghaedi/mab/rfantibody_b7h3_rf2_20260926/B/task_181/ab_0_dldesign_1_best.pdb	0.41084546973284275	1102	116	L:171ALA-T:276THR	REJECT
/scratch/ghaedi/mab/rfantibody_b7h3_rf2_20260926/B/task_181/ab_0_dldesign_2_best.pdb	0.717498432054036	312	21	L:147VAL-T:267LEU	REJECT
/scratch/ghaedi/mab/rfantibody_b7h3_rf2_20260926/B/task_181/ab_0_dldesign_3_best.pdb	0.4250435271828056	927	71	H:30SER-T:294ASP	REJECT
/scratch/ghaedi/mab/rfantibody_b7h3_rf2_20260926/B/task_182/ab_0_dldesign_0_best.pdb	0.4410294774728786	1911	160	H:58THR-T:259ASN	REJECT
/scratch/ghaedi/mab/rfantibody_b7h3_rf2_20260926/B/task_182/ab_0_dldesign_1_best.pdb	0.16695508378003837	1991	153	L:221ARG-T:279VAL	REJECT
/scratch/ghaedi/mab/rfantibody_b7h3_rf2_20260926/B/task_182/ab_0_dldesign_2_best.pdb	2.488037580102037	44	0	L:152ALA-T:280THR	PASS
/scratch/ghaedi/mab/rfantibody_b7h3_rf2_20260926/B/task_182/ab_0_dldesign_3_best.pdb	0.40114336589304317	557	45	H:31SER-T:280THR	REJECT
/scratch/ghaedi/mab/rfantibody_b7h3_rf2_20260926/B/task_183/ab_0_dldesign_0_best.pdb	0.15571127126833395	4124	381	L:156LYS-T:268ASP	REJECT
/scratch/ghaedi/mab/rfantibody_b7h3_rf2_20260926/B/task_183/ab_0_dldesign_1_best.pdb	0.2590926475220774	1046	79	H:19ARG-T:290PRO	REJECT
/scratch/ghaedi/mab/rfantibody_b7h3_rf2_20260926/B/task_183/ab_0_dldesign_2_best.pdb	0.9167164228920539	360	12	H:59ARG-T:261ARG	REJECT
/scratch/ghaedi/mab/rfantibody_b7h3_rf2_20260926/B/task_183/ab_0_dldesign_3_best.pdb	0.2646903851672747	4154	428	L:139LYS-T:256TYR	REJECT
/scratch/ghaedi/mab/rfantibody_b7h3_rf2_20260926/B/task_184/ab_0_dldesign_0_best.pdb	0.21292721761202835	3257	312	H:28ASP-T:255ASN	REJECT
/scratch/ghaedi/mab/rfantibody_b7h3_rf2_20260926/B/task_184/ab_0_dldesign_1_best.pdb	0.23763206854294672	386	40	L:150ASN-T:272HIS	REJECT
/scratch/ghaedi/mab/rfantibody_b7h3_rf2_20260926/B/task_184/ab_0_dldesign_2_best.pdb	2.8894231258159473	34	0	L:150ASN-T:278THR	PASS
/scratch/ghaedi/mab/rfantibody_b7h3_rf2_20260926/B/task_184/ab_0_dldesign_3_best.pdb	0.7780629794560333	600	42	H:60TYR-T:263ARG	REJECT
/scratch/ghaedi/mab/rfantibody_b7h3_rf2_20260926/B/task_185/ab_0_dldesign_0_best.pdb	0.1798221343439115	3441	282	H:79ALA-T:245HIS	REJECT
/scratch/ghaedi/mab/rfantibody_b7h3_rf2_20260926/B/task_185/ab_0_dldesign_1_best.pdb	0.46703961288096235	142	10	H:55ASN-T:284THR	REJECT
/scratch/ghaedi/mab/rfantibody_b7h3_rf2_20260926/B/task_185/ab_0_dldesign_2_best.pdb	1.4502313608524677	121	2	H:103ASN-T:259SER	REJECT
/scratch/ghaedi/mab/rfantibody_b7h3_rf2_20260926/B/task_185/ab_0_dldesign_3_best.pdb	3.0280492069978004	31	0	L:184ARG-T:243ASP	PASS
/scratch/ghaedi/mab/rfantibody_b7h3_rf2_20260926/B/task_186/ab_0_dldesign_0_best.pdb	0.8984286282170681	189	10	H:102THR-T:271SER	REJECT
/scratch/ghaedi/mab/rfantibody_b7h3_rf2_20260926/B/task_186/ab_0_dldesign_1_best.pdb	1.1736119460878038	116	5	L:146ASP-T:266GLN	REJECT
/scratch/ghaedi/mab/rfantibody_b7h3_rf2_20260926/B/task_186/ab_0_dldesign_2_best.pdb	2.5970308045920443	15	0	H:102THR-T:273THR	PASS
/scratch/ghaedi/mab/rfantibody_b7h3_rf2_20260926/B/task_186/ab_0_dldesign_3_best.pdb	1.6195496287548579	36	1	L:210HIS-T:252ASN	REJECT
/scratch/ghaedi/mab/rfantibody_b7h3_rf2_20260926/B/task_187/ab_0_dldesign_0_best.pdb	1.3582407739425288	110	1	L:149ASP-T:257THR	REJECT
/scratch/ghaedi/mab/rfantibody_b7h3_rf2_20260926/B/task_187/ab_0_dldesign_1_best.pdb	0.5831946501812236	502	45	L:149ASP-T:277ILE	REJECT
/scratch/ghaedi/mab/rfantibody_b7h3_rf2_20260926/B/task_187/ab_0_dldesign_2_best.pdb	0.4385954856128821	3910	319	H:72ALA-T:255ASN	REJECT
/scratch/ghaedi/mab/rfantibody_b7h3_rf2_20260926/B/task_187/ab_0_dldesign_3_best.pdb	0.646193469481083	262	19	H:59ARG-T:269GLN	REJECT
/scratch/ghaedi/mab/rfantibody_b7h3_rf2_20260926/B/task_188/ab_0_dldesign_0_best.pdb	1.6948362752785293	38	3	L:145PRO-T:246HIS	REJECT
/scratch/ghaedi/mab/rfantibody_b7h3_rf2_20260926/B/task_188/ab_0_dldesign_1_best.pdb	0.8141074867608088	635	47	H:59ARG-T:270GLN	REJECT
/scratch/ghaedi/mab/rfantibody_b7h3_rf2_20260926/B/task_188/ab_0_dldesign_2_best.pdb	0.38102755805846883	383	28	L:179SER-T:229GLY	REJECT
/scratch/ghaedi/mab/rfantibody_b7h3_rf2_20260926/B/task_188/ab_0_dldesign_3_best.pdb	0.21933308004038046	552	56	L:213SER-T:277THR	REJECT
/scratch/ghaedi/mab/rfantibody_b7h3_rf2_20260926/B/task_189/ab_0_dldesign_0_best.pdb	0.20793749060715258	5093	480	H:80TYR-T:291GLU	REJECT
/scratch/ghaedi/mab/rfantibody_b7h3_rf2_20260926/B/task_189/ab_0_dldesign_1_best.pdb	0.46710705411072473	407	38	H:54ILE-T:278GLN	REJECT
/scratch/ghaedi/mab/rfantibody_b7h3_rf2_20260926/B/task_189/ab_0_dldesign_2_best.pdb	0.36379939527162564	117	11	H:54LEU-T:239LEU	REJECT
/scratch/ghaedi/mab/rfantibody_b7h3_rf2_20260926/B/task_189/ab_0_dldesign_3_best.pdb	1.8524742913195844	73	1	L:149GLU-T:270HIS	REJECT
/scratch/ghaedi/mab/rfantibody_b7h3_rf2_20260926/B/task_19/ab_0_dldesign_0_best.pdb	1.8921754675505122	22	1	H:28ASP-T:278GLN	REJECT
/scratch/ghaedi/mab/rfantibody_b7h3_rf2_20260926/B/task_19/ab_0_dldesign_1_best.pdb	0.7744113893790564	426	33	L:146PRO-T:255THR	REJECT
/scratch/ghaedi/mab/rfantibody_b7h3_rf2_20260926/B/task_19/ab_0_dldesign_2_best.pdb	0.6892902146411187	198	16	L:145ARG-T:270HIS	REJECT
/scratch/ghaedi/mab/rfantibody_b7h3_rf2_20260926/B/task_19/ab_0_dldesign_3_best.pdb	0.9278491256664518	223	8	H:101GLU-T:253ASN	REJECT
/scratch/ghaedi/mab/rfantibody_b7h3_rf2_20260926/B/task_190/ab_0_dldesign_0_best.pdb	0.9421953088399462	194	8	H:100VAL-T:253ASN	REJECT
/scratch/ghaedi/mab/rfantibody_b7h3_rf2_20260926/B/task_190/ab_0_dldesign_1_best.pdb	2.582272255204705	22	0	H:102LYS-T:279ARG	PASS
/scratch/ghaedi/mab/rfantibody_b7h3_rf2_20260926/B/task_190/ab_0_dldesign_2_best.pdb	0.4523593704125074	3549	333	L:142THR-T:251GLY	REJECT
/scratch/ghaedi/mab/rfantibody_b7h3_rf2_20260926/B/task_190/ab_0_dldesign_3_best.pdb	1.3727221131751297	37	2	L:167TYR-T:267GLN	REJECT
/scratch/ghaedi/mab/rfantibody_b7h3_rf2_20260926/B/task_191/ab_0_dldesign_0_best.pdb	1.8593270287929449	88	1	L:149ASN-T:276SER	REJECT
/scratch/ghaedi/mab/rfantibody_b7h3_rf2_20260926/B/task_191/ab_0_dldesign_1_best.pdb	0.3384361091845843	859	74	L:213THR-T:279ILE	REJECT
/scratch/ghaedi/mab/rfantibody_b7h3_rf2_20260926/B/task_191/ab_0_dldesign_2_best.pdb	0.14788170948430407	1007	62	H:52ASN-T:276SER	REJECT
/scratch/ghaedi/mab/rfantibody_b7h3_rf2_20260926/B/task_191/ab_0_dldesign_3_best.pdb	2.773294971689812	28	0	H:57GLU-T:230GLY	PASS
/scratch/ghaedi/mab/rfantibody_b7h3_rf2_20260926/B/task_192/ab_0_dldesign_0_best.pdb	0.48281362863945726	317	19	L:163TYR-T:249ASN	REJECT
/scratch/ghaedi/mab/rfantibody_b7h3_rf2_20260926/B/task_192/ab_0_dldesign_1_best.pdb	0.5285499030366001	374	27	L:180ARG-T:266HIS	REJECT
/scratch/ghaedi/mab/rfantibody_b7h3_rf2_20260926/B/task_192/ab_0_dldesign_2_best.pdb	3.800984477737313	6	0	H:59ARG-T:267SER	PASS
/scratch/ghaedi/mab/rfantibody_b7h3_rf2_20260926/B/task_192/ab_0_dldesign_3_best.pdb	0.4499044342968845	434	39	L:167THR-T:247GLY	REJECT
/scratch/ghaedi/mab/rfantibody_b7h3_rf2_20260926/B/task_193/ab_0_dldesign_0_best.pdb	1.4936763370958253	148	5	L:145GLU-T:248ALA	REJECT
/scratch/ghaedi/mab/rfantibody_b7h3_rf2_20260926/B/task_193/ab_0_dldesign_1_best.pdb	0.9363631774050059	291	7	H:33TYR-T:257ARG	REJECT
/scratch/ghaedi/mab/rfantibody_b7h3_rf2_20260926/B/task_193/ab_0_dldesign_2_best.pdb	0.5474531943463291	1145	74	H:2VAL-T:256VAL	REJECT
/scratch/ghaedi/mab/rfantibody_b7h3_rf2_20260926/B/task_193/ab_0_dldesign_3_best.pdb	0.22423648231275956	435	54	H:31SER-T:264ASP	REJECT
/scratch/ghaedi/mab/rfantibody_b7h3_rf2_20260926/B/task_194/ab_0_dldesign_0_best.pdb	2.347242424633638	71	0	L:213ASN-T:273HIS	PASS
/scratch/ghaedi/mab/rfantibody_b7h3_rf2_20260926/B/task_194/ab_0_dldesign_1_best.pdb	0.5950336124959668	155	18	L:213ASN-T:273HIS	REJECT
/scratch/ghaedi/mab/rfantibody_b7h3_rf2_20260926/B/task_194/ab_0_dldesign_2_best.pdb	2.0086552715685193	122	0	L:213ASN-T:273HIS	PASS
/scratch/ghaedi/mab/rfantibody_b7h3_rf2_20260926/B/task_194/ab_0_dldesign_3_best.pdb	0.9930000000000002	181	7	L:185ARG-T:258THR	REJECT
/scratch/ghaedi/mab/rfantibody_b7h3_rf2_20260926/B/task_195/ab_0_dldesign_0_best.pdb	0.2965956843920696	789	56	H:33TYR-T:278GLN	REJECT
/scratch/ghaedi/mab/rfantibody_b7h3_rf2_20260926/B/task_195/ab_0_dldesign_1_best.pdb	1.6254519371547103	89	1	L:210ALA-T:268ASP	REJECT
/scratch/ghaedi/mab/rfantibody_b7h3_rf2_20260926/B/task_195/ab_0_dldesign_2_best.pdb	1.2256418726528562	242	6	L:211ASP-T:250LEU	REJECT
/scratch/ghaedi/mab/rfantibody_b7h3_rf2_20260926/B/task_195/ab_0_dldesign_3_best.pdb	0.37677314129327166	763	65	H:57LEU-T:268ASP	REJECT
/scratch/ghaedi/mab/rfantibody_b7h3_rf2_20260926/B/task_196/ab_0_dldesign_0_best.pdb	1.7068769727194757	115	2	H:31SER-T:250ALA	REJECT
/scratch/ghaedi/mab/rfantibody_b7h3_rf2_20260926/B/task_196/ab_0_dldesign_1_best.pdb	0.6382429004697195	280	20	L:208GLU-T:274THR	REJECT
/scratch/ghaedi/mab/rfantibody_b7h3_rf2_20260926/B/task_196/ab_0_dldesign_2_best.pdb	0.663995481912339	610	44	L:146TYR-T:277ARG	REJECT
/scratch/ghaedi/mab/rfantibody_b7h3_rf2_20260926/B/task_196/ab_0_dldesign_3_best.pdb	1.2168212687161595	175	5	L:167ASN-T:265GLN	REJECT
/scratch/ghaedi/mab/rfantibody_b7h3_rf2_20260926/B/task_197/ab_0_dldesign_0_best.pdb	0.23160310878742413	2631	225	L:119ILE-T:252ASN	REJECT
/scratch/ghaedi/mab/rfantibody_b7h3_rf2_20260926/B/task_197/ab_0_dldesign_1_best.pdb	0.3800802546831404	554	52	L:135ARG-T:267ASP	REJECT
/scratch/ghaedi/mab/rfantibody_b7h3_rf2_20260926/B/task_197/ab_0_dldesign_2_best.pdb	2.310529376571527	61	0	L:166TYR-T:256SER	PASS
/scratch/ghaedi/mab/rfantibody_b7h3_rf2_20260926/B/task_197/ab_0_dldesign_3_best.pdb	0.4188842322169698	1325	114	L:134ASP-T:294VAL	REJECT
/scratch/ghaedi/mab/rfantibody_b7h3_rf2_20260926/B/task_198/ab_0_dldesign_0_best.pdb	0.43154837504038823	729	67	H:100ASP-T:276ARG	REJECT
/scratch/ghaedi/mab/rfantibody_b7h3_rf2_20260926/B/task_198/ab_0_dldesign_1_best.pdb	0.8337583582789444	135	10	L:181ARG-T:238ASP	REJECT
/scratch/ghaedi/mab/rfantibody_b7h3_rf2_20260926/B/task_198/ab_0_dldesign_2_best.pdb	0.2308549328041306	1698	138	L:169LEU-T:237PHE	REJECT
/scratch/ghaedi/mab/rfantibody_b7h3_rf2_20260926/B/task_198/ab_0_dldesign_3_best.pdb	0.5550981895124498	619	44	L:147ALA-T:232ASN	REJECT
/scratch/ghaedi/mab/rfantibody_b7h3_rf2_20260926/B/task_199/ab_0_dldesign_0_best.pdb	0.5055037091852059	1080	67	L:187SER-T:295GLU	REJECT
/scratch/ghaedi/mab/rfantibody_b7h3_rf2_20260926/B/task_199/ab_0_dldesign_1_best.pdb	0.8418580640464286	208	9	H:59ARG-T:274HIS	REJECT
/scratch/ghaedi/mab/rfantibody_b7h3_rf2_20260926/B/task_199/ab_0_dldesign_2_best.pdb	0.995793151211634	232	9	H:57GLU-T:265ARG	REJECT
/scratch/ghaedi/mab/rfantibody_b7h3_rf2_20260926/B/task_199/ab_0_dldesign_3_best.pdb	1.571604594037572	102	2	H:55THR-T:283ARG	REJECT
/scratch/ghaedi/mab/rfantibody_b7h3_rf2_20260926/B/task_2/ab_0_dldesign_0_best.pdb	0.05514526271584914	2744	224	H:112TRP-T:275VAL	REJECT
/scratch/ghaedi/mab/rfantibody_b7h3_rf2_20260926/B/task_2/ab_0_dldesign_1_best.pdb	0.8188443075457015	464	35	L:173ARG-T:269GLN	REJECT
/scratch/ghaedi/mab/rfantibody_b7h3_rf2_20260926/B/task_2/ab_0_dldesign_2_best.pdb	1.4593782922875067	111	1	H:54ALA-T:255ASN	REJECT
/scratch/ghaedi/mab/rfantibody_b7h3_rf2_20260926/B/task_2/ab_0_dldesign_3_best.pdb	1.6511356697739892	57	5	H:104PRO-T:257THR	REJECT
/scratch/ghaedi/mab/rfantibody_b7h3_rf2_20260926/B/task_20/ab_0_dldesign_0_best.pdb	1.0647051234966431	99	4	H:31SER-T:244HIS	REJECT
/scratch/ghaedi/mab/rfantibody_b7h3_rf2_20260926/B/task_20/ab_0_dldesign_1_best.pdb	0.8696786762937191	286	12	H:31LYS-T:265VAL	REJECT
/scratch/ghaedi/mab/rfantibody_b7h3_rf2_20260926/B/task_20/ab_0_dldesign_2_best.pdb	1.9454336277550062	77	2	H:33TYR-T:268GLN	REJECT
/scratch/ghaedi/mab/rfantibody_b7h3_rf2_20260926/B/task_20/ab_0_dldesign_3_best.pdb	3.2391262710799023	16	0	H:55THR-T:273SER	PASS
/scratch/ghaedi/mab/rfantibody_b7h3_rf2_20260926/B/task_200/ab_0_dldesign_0_best.pdb	1.8712370240031049	111	1	H:102ASP-T:279PRO	REJECT
/scratch/ghaedi/mab/rfantibody_b7h3_rf2_20260926/B/task_200/ab_0_dldesign_1_best.pdb	0.776170728641579	676	34	L:211LEU-T:273SER	REJECT
/scratch/ghaedi/mab/rfantibody_b7h3_rf2_20260926/B/task_200/ab_0_dldesign_2_best.pdb	1.0595937900912773	94	6	L:147GLU-T:272HIS	REJECT
/scratch/ghaedi/mab/rfantibody_b7h3_rf2_20260926/B/task_200/ab_0_dldesign_3_best.pdb	2.4619735985586844	30	0	L:149ASP-T:257THR	PASS
/scratch/ghaedi/mab/rfantibody_b7h3_rf2_20260926/B/task_201/ab_0_dldesign_0_best.pdb	1.2280855019093744	89	1	H:54GLN-T:276GLN	REJECT
/scratch/ghaedi/mab/rfantibody_b7h3_rf2_20260926/B/task_201/ab_0_dldesign_1_best.pdb	0.4064615602981421	318	20	H:28ASP-T:265GLN	REJECT
/scratch/ghaedi/mab/rfantibody_b7h3_rf2_20260926/B/task_201/ab_0_dldesign_2_best.pdb	0.46282718156996816	942	96	H:31SER-T:250ALA	REJECT
/scratch/ghaedi/mab/rfantibody_b7h3_rf2_20260926/B/task_201/ab_0_dldesign_3_best.pdb	1.3953103597407992	199	5	H:54GLN-T:309GLU	REJECT
/scratch/ghaedi/mab/rfantibody_b7h3_rf2_20260926/B/task_202/ab_0_dldesign_0_best.pdb	0.4927210163977177	87	11	H:103SER-T:269GLN	REJECT
/scratch/ghaedi/mab/rfantibody_b7h3_rf2_20260926/B/task_202/ab_0_dldesign_1_best.pdb	0.05479963503528111	1312	119	H:102TYR-T:282SER	REJECT
/scratch/ghaedi/mab/rfantibody_b7h3_rf2_20260926/B/task_202/ab_0_dldesign_2_best.pdb	0.3830874573775578	730	61	H:74THR-T:293GLU	REJECT
/scratch/ghaedi/mab/rfantibody_b7h3_rf2_20260926/B/task_202/ab_0_dldesign_3_best.pdb	0.9388604795175901	100	8	H:57LYS-T:263ARG	REJECT
/scratch/ghaedi/mab/rfantibody_b7h3_rf2_20260926/B/task_203/ab_0_dldesign_0_best.pdb	0.9237104524687376	212	13	H:103LEU-T:276SER	REJECT
/scratch/ghaedi/mab/rfantibody_b7h3_rf2_20260926/B/task_203/ab_0_dldesign_1_best.pdb	1.5281524793030312	107	4	H:103ASN-T:275HIS	REJECT
/scratch/ghaedi/mab/rfantibody_b7h3_rf2_20260926/B/task_203/ab_0_dldesign_2_best.pdb	0.734787724448359	139	2	H:52LEU-T:270LEU	REJECT
/scratch/ghaedi/mab/rfantibody_b7h3_rf2_20260926/B/task_203/ab_0_dldesign_3_best.pdb	0.33193071566216886	222	13	L:151ASP-T:260THR	REJECT
/scratch/ghaedi/mab/rfantibody_b7h3_rf2_20260926/B/task_204/ab_0_dldesign_0_best.pdb	0.9157892770719694	720	33	L:213SER-T:264ARG	REJECT
/scratch/ghaedi/mab/rfantibody_b7h3_rf2_20260926/B/task_204/ab_0_dldesign_1_best.pdb	0.5692749774933016	343	36	L:173LEU-T:269GLN	REJECT
/scratch/ghaedi/mab/rfantibody_b7h3_rf2_20260926/B/task_204/ab_0_dldesign_2_best.pdb	0.4754723966751386	152	14	H:101GLU-T:273HIS	REJECT
/scratch/ghaedi/mab/rfantibody_b7h3_rf2_20260926/B/task_204/ab_0_dldesign_3_best.pdb	0.12274363527287241	4190	382	L:170ALA-T:262LEU	REJECT
/scratch/ghaedi/mab/rfantibody_b7h3_rf2_20260926/B/task_205/ab_0_dldesign_0_best.pdb	1.5293819012921517	41	1	L:149GLU-T:256THR	REJECT
/scratch/ghaedi/mab/rfantibody_b7h3_rf2_20260926/B/task_205/ab_0_dldesign_1_best.pdb	1.746667970737427	78	3	L:171VAL-T:272SER	REJECT
/scratch/ghaedi/mab/rfantibody_b7h3_rf2_20260926/B/task_205/ab_0_dldesign_2_best.pdb	3.0855412815258196	28	0	L:149GLU-T:271HIS	PASS
/scratch/ghaedi/mab/rfantibody_b7h3_rf2_20260926/B/task_205/ab_0_dldesign_3_best.pdb	0.4201452129918892	3380	304	H:70ILE-T:245SER	REJECT
/scratch/ghaedi/mab/rfantibody_b7h3_rf2_20260926/B/task_206/ab_0_dldesign_0_best.pdb	0.643721989681881	347	12	L:179ARG-T:271THR	REJECT
/scratch/ghaedi/mab/rfantibody_b7h3_rf2_20260926/B/task_206/ab_0_dldesign_1_best.pdb	0.8013245285151319	212	11	L:206THR-T:265HIS	REJECT
/scratch/ghaedi/mab/rfantibody_b7h3_rf2_20260926/B/task_206/ab_0_dldesign_2_best.pdb	0.8222317191643733	254	24	L:141SER-T:232GLN	REJECT
/scratch/ghaedi/mab/rfantibody_b7h3_rf2_20260926/B/task_206/ab_0_dldesign_3_best.pdb	0.5231500740705286	338	24	L:166VAL-T:271THR	REJECT
/scratch/ghaedi/mab/rfantibody_b7h3_rf2_20260926/B/task_207/ab_0_dldesign_0_best.pdb	0.42676574370490467	865	64	L:144SER-T:236GLU	REJECT
/scratch/ghaedi/mab/rfantibody_b7h3_rf2_20260926/B/task_207/ab_0_dldesign_1_best.pdb	1.805146254462502	177	3	H:77ASN-T:291GLU	REJECT
/scratch/ghaedi/mab/rfantibody_b7h3_rf2_20260926/B/task_207/ab_0_dldesign_2_best.pdb	0.2597017520156526	4148	361	L:133GLY-T:265LEU	REJECT
/scratch/ghaedi/mab/rfantibody_b7h3_rf2_20260926/B/task_207/ab_0_dldesign_3_best.pdb	0.6357593884481758	356	27	L:212GLN-T:267GLN	REJECT
/scratch/ghaedi/mab/rfantibody_b7h3_rf2_20260926/B/task_208/ab_0_dldesign_0_best.pdb	0.6484890130140988	210	21	H:101LEU-T:268HIS	REJECT
/scratch/ghaedi/mab/rfantibody_b7h3_rf2_20260926/B/task_208/ab_0_dldesign_1_best.pdb	0.16363984844774335	3348	323	L:178SER-T:238PHE	REJECT
/scratch/ghaedi/mab/rfantibody_b7h3_rf2_20260926/B/task_208/ab_0_dldesign_2_best.pdb	0.25633961847517855	3819	398	L:154LYS-T:229SER	REJECT
/scratch/ghaedi/mab/rfantibody_b7h3_rf2_20260926/B/task_208/ab_0_dldesign_3_best.pdb	2.2768541894464818	22	0	L:167THR-T:265GLN	PASS
/scratch/ghaedi/mab/rfantibody_b7h3_rf2_20260926/B/task_209/ab_0_dldesign_0_best.pdb	1.6915652514756865	107	6	L:166GLN-T:265GLN	REJECT
/scratch/ghaedi/mab/rfantibody_b7h3_rf2_20260926/B/task_209/ab_0_dldesign_1_best.pdb	2.3708717805904223	9	0	H:31THR-T:280THR	PASS
/scratch/ghaedi/mab/rfantibody_b7h3_rf2_20260926/B/task_209/ab_0_dldesign_2_best.pdb	0.10234256201600564	2160	174	L:183THR-T:270SER	REJECT
/scratch/ghaedi/mab/rfantibody_b7h3_rf2_20260926/B/task_209/ab_0_dldesign_3_best.pdb	1.9885814039158667	99	1	H:33TYR-T:270SER	REJECT
/scratch/ghaedi/mab/rfantibody_b7h3_rf2_20260926/B/task_21/ab_0_dldesign_0_best.pdb	0.6730601756158223	331	34	H:31GLN-T:275THR	REJECT
/scratch/ghaedi/mab/rfantibody_b7h3_rf2_20260926/B/task_21/ab_0_dldesign_1_best.pdb	0.3024070105007487	163	14	H:31LYS-T:272VAL	REJECT
/scratch/ghaedi/mab/rfantibody_b7h3_rf2_20260926/B/task_21/ab_0_dldesign_2_best.pdb	0.20581059253595269	273	25	L:209PRO-T:266GLN	REJECT
/scratch/ghaedi/mab/rfantibody_b7h3_rf2_20260926/B/task_21/ab_0_dldesign_3_best.pdb	1.4472390956576584	78	1	L:146ASN-T:245LEU	REJECT
/scratch/ghaedi/mab/rfantibody_b7h3_rf2_20260926/B/task_210/ab_0_dldesign_0_best.pdb	2.5291196096665756	54	0	L:117ILE-T:264GLN	PASS
/scratch/ghaedi/mab/rfantibody_b7h3_rf2_20260926/B/task_210/ab_0_dldesign_1_best.pdb	0.41520356453190793	343	26	L:209PRO-T:263GLN	REJECT
/scratch/ghaedi/mab/rfantibody_b7h3_rf2_20260926/B/task_210/ab_0_dldesign_2_best.pdb	0.6264598949653527	359	27	L:165ASN-T:234GLN	REJECT
/scratch/ghaedi/mab/rfantibody_b7h3_rf2_20260926/B/task_210/ab_0_dldesign_3_best.pdb	0.8785505107846671	414	24	H:30THR-T:262LEU	REJECT
/scratch/ghaedi/mab/rfantibody_b7h3_rf2_20260926/B/task_211/ab_0_dldesign_0_best.pdb	2.673282813321478	37	0	L:148GLU-T:268LEU	PASS
/scratch/ghaedi/mab/rfantibody_b7h3_rf2_20260926/B/task_211/ab_0_dldesign_1_best.pdb	1.3004010919712425	67	3	H:102LEU-T:255ALA	REJECT
/scratch/ghaedi/mab/rfantibody_b7h3_rf2_20260926/B/task_211/ab_0_dldesign_2_best.pdb	0.3035292407660261	1735	151	H:102TYR-T:281GLN	REJECT
/scratch/ghaedi/mab/rfantibody_b7h3_rf2_20260926/B/task_211/ab_0_dldesign_3_best.pdb	0.8469811095886377	147	7	L:213THR-T:277THR	REJECT
/scratch/ghaedi/mab/rfantibody_b7h3_rf2_20260926/B/task_212/ab_0_dldesign_0_best.pdb	0.3494009158545521	2512	225	H:23ALA-T:287VAL	REJECT
/scratch/ghaedi/mab/rfantibody_b7h3_rf2_20260926/B/task_212/ab_0_dldesign_1_best.pdb	0.4673178789646293	1445	144	H:59ARG-T:247VAL	REJECT
/scratch/ghaedi/mab/rfantibody_b7h3_rf2_20260926/B/task_212/ab_0_dldesign_2_best.pdb	0.07726577508832752	2808	246	L:165TYR-T:267ALA	REJECT
/scratch/ghaedi/mab/rfantibody_b7h3_rf2_20260926/B/task_212/ab_0_dldesign_3_best.pdb	0.5177595967241938	659	54	H:2VAL-T:270SER	REJECT
/scratch/ghaedi/mab/rfantibody_b7h3_rf2_20260926/B/task_213/ab_0_dldesign_0_best.pdb	1.6127129316775513	51	1	H:33TYR-T:280ARG	REJECT
/scratch/ghaedi/mab/rfantibody_b7h3_rf2_20260926/B/task_213/ab_0_dldesign_1_best.pdb	0.7412867191579784	173	11	L:183ARG-T:275THR	REJECT
/scratch/ghaedi/mab/rfantibody_b7h3_rf2_20260926/B/task_213/ab_0_dldesign_2_best.pdb	1.4470317895609621	197	11	L:148ASP-T:269ASP	REJECT
/scratch/ghaedi/mab/rfantibody_b7h3_rf2_20260926/B/task_213/ab_0_dldesign_3_best.pdb	1.678657499313067	68	1	H:30SER-T:238GLN	REJECT
/scratch/ghaedi/mab/rfantibody_b7h3_rf2_20260926/B/task_214/ab_0_dldesign_0_best.pdb	0.2605590144285936	3026	237	H:29ILE-T:281ILE	REJECT
/scratch/ghaedi/mab/rfantibody_b7h3_rf2_20260926/B/task_214/ab_0_dldesign_1_best.pdb	0.5412559468495476	540	39	L:217ASP-T:273GLN	REJECT
/scratch/ghaedi/mab/rfantibody_b7h3_rf2_20260926/B/task_214/ab_0_dldesign_2_best.pdb	0.9515781628431789	298	15	L:216PRO-T:276HIS	REJECT
/scratch/ghaedi/mab/rfantibody_b7h3_rf2_20260926/B/task_214/ab_0_dldesign_3_best.pdb	2.6286890268725203	13	0	L:152THR-T:278SER	PASS
/scratch/ghaedi/mab/rfantibody_b7h3_rf2_20260926/B/task_215/ab_0_dldesign_0_best.pdb	0.48562639961188225	371	33	L:152ASP-T:273HIS	REJECT
/scratch/ghaedi/mab/rfantibody_b7h3_rf2_20260926/B/task_215/ab_0_dldesign_1_best.pdb	0.1438784208976451	722	62	L:179VAL-T:295ASP	REJECT
/scratch/ghaedi/mab/rfantibody_b7h3_rf2_20260926/B/task_215/ab_0_dldesign_2_best.pdb	0.769065016757361	378	30	L:149GLU-T:275SER	REJECT
/scratch/ghaedi/mab/rfantibody_b7h3_rf2_20260926/B/task_215/ab_0_dldesign_3_best.pdb	2.5632935844339015	34	0	H:103THR-T:277THR	PASS
/scratch/ghaedi/mab/rfantibody_b7h3_rf2_20260926/B/task_216/ab_0_dldesign_0_best.pdb	0.3474377642110881	1586	150	H:50ARG-T:265ALA	REJECT
/scratch/ghaedi/mab/rfantibody_b7h3_rf2_20260926/B/task_216/ab_0_dldesign_1_best.pdb	0.13074020039758322	664	79	L:207ASP-T:249ASN	REJECT
/scratch/ghaedi/mab/rfantibody_b7h3_rf2_20260926/B/task_216/ab_0_dldesign_2_best.pdb	0.5200817243472404	1154	105	L:204GLY-T:264ASP	REJECT
/scratch/ghaedi/mab/rfantibody_b7h3_rf2_20260926/B/task_216/ab_0_dldesign_3_best.pdb	1.253767921108209	173	6	H:55SER-T:261LEU	REJECT
/scratch/ghaedi/mab/rfantibody_b7h3_rf2_20260926/B/task_217/ab_0_dldesign_0_best.pdb	0.5117509159737771	1054	71	H:27PHE-T:294ASP	REJECT
/scratch/ghaedi/mab/rfantibody_b7h3_rf2_20260926/B/task_217/ab_0_dldesign_1_best.pdb	2.4723953971806387	14	0	H:55THR-T:239GLN	PASS
/scratch/ghaedi/mab/rfantibody_b7h3_rf2_20260926/B/task_217/ab_0_dldesign_2_best.pdb	1.1161236490640278	267	11	L:212SER-T:268GLN	REJECT
/scratch/ghaedi/mab/rfantibody_b7h3_rf2_20260926/B/task_217/ab_0_dldesign_3_best.pdb	0.282872762916474	1759	177	L:118ASP-T:274SER	REJECT
/scratch/ghaedi/mab/rfantibody_b7h3_rf2_20260926/B/task_218/ab_0_dldesign_0_best.pdb	0.8560619136487739	289	22	H:54LEU-T:266ALA	REJECT
/scratch/ghaedi/mab/rfantibody_b7h3_rf2_20260926/B/task_218/ab_0_dldesign_1_best.pdb	0.6575636851286727	645	50	H:55THR-T:256LEU	REJECT
/scratch/ghaedi/mab/rfantibody_b7h3_rf2_20260926/B/task_218/ab_0_dldesign_2_best.pdb	0.28346604734959024	2236	212	H:105VAL-T:258ARG	REJECT
/scratch/ghaedi/mab/rfantibody_b7h3_rf2_20260926/B/task_218/ab_0_dldesign_3_best.pdb	0.5513075366798478	618	52	H:33TYR-T:264GLN	REJECT
/scratch/ghaedi/mab/rfantibody_b7h3_rf2_20260926/B/task_219/ab_0_dldesign_0_best.pdb	0.5948243438192491	759	57	L:206LYS-T:251GLY	REJECT
/scratch/ghaedi/mab/rfantibody_b7h3_rf2_20260926/B/task_219/ab_0_dldesign_1_best.pdb	1.3589161122011912	117	7	L:207GLU-T:280GLY	REJECT
/scratch/ghaedi/mab/rfantibody_b7h3_rf2_20260926/B/task_219/ab_0_dldesign_2_best.pdb	0.3953947394693058	4069	380	L:133VAL-T:255CYS	REJECT
/scratch/ghaedi/mab/rfantibody_b7h3_rf2_20260926/B/task_219/ab_0_dldesign_3_best.pdb	0.7783957862167552	528	49	H:54ALA-T:265ASP	REJECT
/scratch/ghaedi/mab/rfantibody_b7h3_rf2_20260926/B/task_22/ab_0_dldesign_0_best.pdb	0.574468449960483	488	39	L:170TYR-T:275HIS	REJECT
/scratch/ghaedi/mab/rfantibody_b7h3_rf2_20260926/B/task_22/ab_0_dldesign_1_best.pdb	0.3644475270872328	288	14	L:149GLU-T:272GLN	REJECT
/scratch/ghaedi/mab/rfantibody_b7h3_rf2_20260926/B/task_22/ab_0_dldesign_2_best.pdb	0.3427725193185708	4161	372	H:48VAL-T:278VAL	REJECT
/scratch/ghaedi/mab/rfantibody_b7h3_rf2_20260926/B/task_22/ab_0_dldesign_3_best.pdb	0.13945967159003309	1221	104	H:102PRO-T:293GLN	REJECT
/scratch/ghaedi/mab/rfantibody_b7h3_rf2_20260926/B/task_220/ab_0_dldesign_0_best.pdb	0.500973053167533	585	55	H:52ASN-T:260ARG	REJECT
/scratch/ghaedi/mab/rfantibody_b7h3_rf2_20260926/B/task_220/ab_0_dldesign_1_best.pdb	0.4743311079825992	233	8	H:52ASN-T:260ARG	REJECT
/scratch/ghaedi/mab/rfantibody_b7h3_rf2_20260926/B/task_220/ab_0_dldesign_2_best.pdb	0.716001396646683	225	14	L:147GLU-T:270SER	REJECT
/scratch/ghaedi/mab/rfantibody_b7h3_rf2_20260926/B/task_220/ab_0_dldesign_3_best.pdb	1.6836121881240946	137	5	L:182ARG-T:265GLN	REJECT
/scratch/ghaedi/mab/rfantibody_b7h3_rf2_20260926/B/task_221/ab_0_dldesign_0_best.pdb	0.13577186748365763	1676	137	H:5VAL-T:292ASP	REJECT
/scratch/ghaedi/mab/rfantibody_b7h3_rf2_20260926/B/task_221/ab_0_dldesign_1_best.pdb	0.7017129042564337	231	15	H:33TYR-T:237GLN	REJECT
/scratch/ghaedi/mab/rfantibody_b7h3_rf2_20260926/B/task_221/ab_0_dldesign_2_best.pdb	0.41962959857474197	2724	253	H:27PHE-T:257SER	REJECT
/scratch/ghaedi/mab/rfantibody_b7h3_rf2_20260926/B/task_221/ab_0_dldesign_3_best.pdb	0.7629121836751612	467	27	H:101GLY-T:235ASN	REJECT
/scratch/ghaedi/mab/rfantibody_b7h3_rf2_20260926/B/task_222/ab_0_dldesign_0_best.pdb	0.5693127435777287	265	25	H:57ARG-T:244GLN	REJECT
/scratch/ghaedi/mab/rfantibody_b7h3_rf2_20260926/B/task_222/ab_0_dldesign_1_best.pdb	0.8690420012864747	252	11	L:219ASN-T:273GLN	REJECT
/scratch/ghaedi/mab/rfantibody_b7h3_rf2_20260926/B/task_222/ab_0_dldesign_2_best.pdb	0.2071376354021639	636	72	H:28ASP-T:273GLN	REJECT
/scratch/ghaedi/mab/rfantibody_b7h3_rf2_20260926/B/task_222/ab_0_dldesign_3_best.pdb	0.7866314257643158	293	12	H:55THR-T:264SER	REJECT
/scratch/ghaedi/mab/rfantibody_b7h3_rf2_20260926/B/task_223/ab_0_dldesign_0_best.pdb	0.4155646760734137	1550	134	L:180VAL-T:274ASP	REJECT
/scratch/ghaedi/mab/rfantibody_b7h3_rf2_20260926/B/task_223/ab_0_dldesign_1_best.pdb	0.8806134225640669	205	1	L:174SER-T:247ASP	REJECT
/scratch/ghaedi/mab/rfantibody_b7h3_rf2_20260926/B/task_223/ab_0_dldesign_2_best.pdb	2.310266002000634	61	0	L:188ARG-T:243GLN	PASS
/scratch/ghaedi/mab/rfantibody_b7h3_rf2_20260926/B/task_223/ab_0_dldesign_3_best.pdb	0.7274469052790038	164	8	H:104LEU-T:278SER	REJECT
/scratch/ghaedi/mab/rfantibody_b7h3_rf2_20260926/B/task_224/ab_0_dldesign_0_best.pdb	1.905519089382209	37	1	L:206ILE-T:268SER	REJECT
/scratch/ghaedi/mab/rfantibody_b7h3_rf2_20260926/B/task_224/ab_0_dldesign_1_best.pdb	2.0824300708547216	43	0	L:206ILE-T:265ALA	PASS
/scratch/ghaedi/mab/rfantibody_b7h3_rf2_20260926/B/task_224/ab_0_dldesign_2_best.pdb	0.8275083081153954	427	32	L:162GLY-T:263GLN	REJECT
/scratch/ghaedi/mab/rfantibody_b7h3_rf2_20260926/B/task_224/ab_0_dldesign_3_best.pdb	0.4619015046522367	324	26	L:205ASP-T:270THR	REJECT
/scratch/ghaedi/mab/rfantibody_b7h3_rf2_20260926/B/task_225/ab_0_dldesign_0_best.pdb	0.3850519445477451	1332	142	L:214ASN-T:263ARG	REJECT
/scratch/ghaedi/mab/rfantibody_b7h3_rf2_20260926/B/task_225/ab_0_dldesign_1_best.pdb	1.1634887193264911	77	5	H:26GLY-T:314PRO	REJECT
/scratch/ghaedi/mab/rfantibody_b7h3_rf2_20260926/B/task_225/ab_0_dldesign_2_best.pdb	0.4000274990547522	1111	95	L:148ASP-T:255ASN	REJECT
/scratch/ghaedi/mab/rfantibody_b7h3_rf2_20260926/B/task_225/ab_0_dldesign_3_best.pdb	0.4485588032800158	1812	154	L:145PRO-T:252LEU	REJECT
/scratch/ghaedi/mab/rfantibody_b7h3_rf2_20260926/B/task_226/ab_0_dldesign_0_best.pdb	4.6157671085097025	0	0	L:176SER-T:236GLU	PASS
/scratch/ghaedi/mab/rfantibody_b7h3_rf2_20260926/B/task_226/ab_0_dldesign_1_best.pdb	0.7330900353981088	259	25	L:147LEU-T:268ASP	REJECT
/scratch/ghaedi/mab/rfantibody_b7h3_rf2_20260926/B/task_226/ab_0_dldesign_2_best.pdb	0.5855544381182655	778	55	L:145SER-T:272SER	REJECT
/scratch/ghaedi/mab/rfantibody_b7h3_rf2_20260926/B/task_226/ab_0_dldesign_3_best.pdb	0.14279355727763104	829	61	L:145ASP-T:244SER	REJECT
/scratch/ghaedi/mab/rfantibody_b7h3_rf2_20260926/B/task_227/ab_0_dldesign_0_best.pdb	1.5518856272290174	29	2	L:175SER-T:234GLU	REJECT
/scratch/ghaedi/mab/rfantibody_b7h3_rf2_20260926/B/task_227/ab_0_dldesign_1_best.pdb	0.45227646412343603	544	40	L:181ARG-T:259ARG	REJECT
/scratch/ghaedi/mab/rfantibody_b7h3_rf2_20260926/B/task_227/ab_0_dldesign_2_best.pdb	2.2753030567377164	31	0	L:169ARG-T:234GLU	PASS
/scratch/ghaedi/mab/rfantibody_b7h3_rf2_20260926/B/task_227/ab_0_dldesign_3_best.pdb	1.4756601912364513	44	1	L:165ASN-T:268HIS	REJECT
/scratch/ghaedi/mab/rfantibody_b7h3_rf2_20260926/B/task_228/ab_0_dldesign_0_best.pdb	1.7498425643468614	97	3	H:102PRO-T:273THR	REJECT
/scratch/ghaedi/mab/rfantibody_b7h3_rf2_20260926/B/task_228/ab_0_dldesign_1_best.pdb	1.222251201676644	108	6	H:28ASP-T:266GLN	REJECT
/scratch/ghaedi/mab/rfantibody_b7h3_rf2_20260926/B/task_228/ab_0_dldesign_2_best.pdb	1.5442800911751724	78	1	L:209ASN-T:267ASP	REJECT
/scratch/ghaedi/mab/rfantibody_b7h3_rf2_20260926/B/task_228/ab_0_dldesign_3_best.pdb	2.7671450991951976	48	0	L:166TYR-T:258LEU	PASS
/scratch/ghaedi/mab/rfantibody_b7h3_rf2_20260926/B/task_229/ab_0_dldesign_0_best.pdb	0.5234243020724204	589	73	H:102PRO-T:259ASN	REJECT
/scratch/ghaedi/mab/rfantibody_b7h3_rf2_20260926/B/task_229/ab_0_dldesign_1_best.pdb	0.8692485260269356	549	45	H:104GLY-T:276HIS	REJECT
/scratch/ghaedi/mab/rfantibody_b7h3_rf2_20260926/B/task_229/ab_0_dldesign_2_best.pdb	0.23304291450288625	1482	149	H:33TYR-T:274ASP	REJECT
/scratch/ghaedi/mab/rfantibody_b7h3_rf2_20260926/B/task_229/ab_0_dldesign_3_best.pdb	1.6915250515437248	182	2	L:154SER-T:276HIS	REJECT
/scratch/ghaedi/mab/rfantibody_b7h3_rf2_20260926/B/task_23/ab_0_dldesign_0_best.pdb	2.109503496086224	15	0	L:146GLU-T:242LEU	PASS
/scratch/ghaedi/mab/rfantibody_b7h3_rf2_20260926/B/task_23/ab_0_dldesign_1_best.pdb	0.642959563269726	653	70	H:57LEU-T:268LEU	REJECT
/scratch/ghaedi/mab/rfantibody_b7h3_rf2_20260926/B/task_23/ab_0_dldesign_2_best.pdb	2.0047251681963787	43	0	L:215ASP-T:269GLN	PASS
/scratch/ghaedi/mab/rfantibody_b7h3_rf2_20260926/B/task_23/ab_0_dldesign_3_best.pdb	0.25833311827947997	4367	377	L:150GLY-T:270GLN	REJECT
/scratch/ghaedi/mab/rfantibody_b7h3_rf2_20260926/B/task_230/ab_0_dldesign_0_best.pdb	2.1774742248761516	56	0	L:207ASP-T:271THR	PASS
/scratch/ghaedi/mab/rfantibody_b7h3_rf2_20260926/B/task_230/ab_0_dldesign_1_best.pdb	2.541923877695789	104	0	L:207SER-T:264GLN	PASS
/scratch/ghaedi/mab/rfantibody_b7h3_rf2_20260926/B/task_230/ab_0_dldesign_2_best.pdb	0.8281020468517127	171	13	L:145GLU-T:234GLN	REJECT
/scratch/ghaedi/mab/rfantibody_b7h3_rf2_20260926/B/task_230/ab_0_dldesign_3_best.pdb	0.4697297095138862	757	80	H:55THR-T:277SER	REJECT
/scratch/ghaedi/mab/rfantibody_b7h3_rf2_20260926/B/task_231/ab_0_dldesign_0_best.pdb	0.6403858212046865	930	67	L:174PRO-T:254ASN	REJECT
/scratch/ghaedi/mab/rfantibody_b7h3_rf2_20260926/B/task_231/ab_0_dldesign_1_best.pdb	2.88067856589381	11	0	L:150GLU-T:268GLN	PASS
/scratch/ghaedi/mab/rfantibody_b7h3_rf2_20260926/B/task_231/ab_0_dldesign_2_best.pdb	0.6397522958145602	260	11	H:2VAL-T:314GLY	REJECT
/scratch/ghaedi/mab/rfantibody_b7h3_rf2_20260926/B/task_231/ab_0_dldesign_3_best.pdb	2.4068913560856875	28	0	L:211PRO-T:242ASP	PASS
/scratch/ghaedi/mab/rfantibody_b7h3_rf2_20260926/B/task_232/ab_0_dldesign_0_best.pdb	0.45554033849923814	1104	89	H:25SER-T:294PRO	REJECT
/scratch/ghaedi/mab/rfantibody_b7h3_rf2_20260926/B/task_232/ab_0_dldesign_1_best.pdb	0.3867117789775746	881	65	H:31SER-T:273ALA	REJECT
/scratch/ghaedi/mab/rfantibody_b7h3_rf2_20260926/B/task_232/ab_0_dldesign_2_best.pdb	1.2431850224323013	82	2	H:103SER-T:259THR	REJECT
/scratch/ghaedi/mab/rfantibody_b7h3_rf2_20260926/B/task_232/ab_0_dldesign_3_best.pdb	1.4926315687402545	157	7	H:104TRP-T:274HIS	REJECT
/scratch/ghaedi/mab/rfantibody_b7h3_rf2_20260926/B/task_233/ab_0_dldesign_0_best.pdb	0.46756924620851625	236	17	L:172SER-T:259THR	REJECT
/scratch/ghaedi/mab/rfantibody_b7h3_rf2_20260926/B/task_233/ab_0_dldesign_1_best.pdb	1.509236893267588	92	1	H:26GLY-T:271GLN	REJECT
/scratch/ghaedi/mab/rfantibody_b7h3_rf2_20260926/B/task_233/ab_0_dldesign_2_best.pdb	2.285371960972656	50	0	H:102GLY-T:274HIS	PASS
/scratch/ghaedi/mab/rfantibody_b7h3_rf2_20260926/B/task_233/ab_0_dldesign_3_best.pdb	2.285039386969074	49	0	L:173THR-T:274HIS	PASS
/scratch/ghaedi/mab/rfantibody_b7h3_rf2_20260926/B/task_234/ab_0_dldesign_0_best.pdb	4.261079323363975	2	0	H:103SER-T:272GLN	PASS
/scratch/ghaedi/mab/rfantibody_b7h3_rf2_20260926/B/task_234/ab_0_dldesign_1_best.pdb	1.0119431802230794	165	5	L:149GLU-T:272GLN	REJECT
/scratch/ghaedi/mab/rfantibody_b7h3_rf2_20260926/B/task_234/ab_0_dldesign_2_best.pdb	0.21929660280086524	1073	124	H:102PRO-T:275HIS	REJECT
/scratch/ghaedi/mab/rfantibody_b7h3_rf2_20260926/B/task_234/ab_0_dldesign_3_best.pdb	0.4194639436232861	1992	163	H:52HIS-T:297ASP	REJECT
/scratch/ghaedi/mab/rfantibody_b7h3_rf2_20260926/B/task_235/ab_0_dldesign_0_best.pdb	2.6494574916386173	36	0	H:55SER-T:270SER	PASS
/scratch/ghaedi/mab/rfantibody_b7h3_rf2_20260926/B/task_235/ab_0_dldesign_1_best.pdb	0.4405678154382133	1593	126	H:53PRO-T:254TYR	REJECT
/scratch/ghaedi/mab/rfantibody_b7h3_rf2_20260926/B/task_235/ab_0_dldesign_2_best.pdb	2.2738592744494985	63	0	L:147THR-T:265GLN	PASS
/scratch/ghaedi/mab/rfantibody_b7h3_rf2_20260926/B/task_235/ab_0_dldesign_3_best.pdb	0.23358296170739684	866	103	L:181SER-T:265GLN	REJECT
/scratch/ghaedi/mab/rfantibody_b7h3_rf2_20260926/B/task_236/ab_0_dldesign_0_best.pdb	0.47720959755646114	1072	99	H:56GLY-T:278PRO	REJECT
/scratch/ghaedi/mab/rfantibody_b7h3_rf2_20260926/B/task_236/ab_0_dldesign_1_best.pdb	0.34981852438085637	1236	82	H:72ALA-T:290PRO	REJECT
/scratch/ghaedi/mab/rfantibody_b7h3_rf2_20260926/B/task_236/ab_0_dldesign_2_best.pdb	0.3318086798141359	1159	115	H:59ARG-T:257VAL	REJECT
/scratch/ghaedi/mab/rfantibody_b7h3_rf2_20260926/B/task_236/ab_0_dldesign_3_best.pdb	0.32138761643846847	1053	110	H:65LYS-T:244ARG	REJECT
/scratch/ghaedi/mab/rfantibody_b7h3_rf2_20260926/B/task_237/ab_0_dldesign_0_best.pdb	0.8368691654016169	159	11	L:148SER-T:247HIS	REJECT
/scratch/ghaedi/mab/rfantibody_b7h3_rf2_20260926/B/task_237/ab_0_dldesign_1_best.pdb	0.6730096581773548	146	8	L:186ARG-T:256ALA	REJECT
/scratch/ghaedi/mab/rfantibody_b7h3_rf2_20260926/B/task_237/ab_0_dldesign_2_best.pdb	0.4543985035186639	171	15	L:150GLU-T:249ILE	REJECT
/scratch/ghaedi/mab/rfantibody_b7h3_rf2_20260926/B/task_237/ab_0_dldesign_3_best.pdb	0.532778565634917	364	21	L:172ASN-T:272ASP	REJECT
/scratch/ghaedi/mab/rfantibody_b7h3_rf2_20260926/B/task_239/ab_0_dldesign_0_best.pdb	0.39753741962235467	1204	106	H:52HIS-T:270THR	REJECT
/scratch/ghaedi/mab/rfantibody_b7h3_rf2_20260926/B/task_239/ab_0_dldesign_1_best.pdb	0.6539013687093798	843	56	L:180ARG-T:249ASN	REJECT
/scratch/ghaedi/mab/rfantibody_b7h3_rf2_20260926/B/task_239/ab_0_dldesign_2_best.pdb	1.0299791260020756	443	14	L:144GLU-T:250GLY	REJECT
/scratch/ghaedi/mab/rfantibody_b7h3_rf2_20260926/B/task_239/ab_0_dldesign_3_best.pdb	0.23897698633969047	1384	149	H:58THR-T:308PRO	REJECT
/scratch/ghaedi/mab/rfantibody_b7h3_rf2_20260926/B/task_24/ab_0_dldesign_0_best.pdb	0.6778156091445507	597	34	L:184ASP-T:262GLN	REJECT
/scratch/ghaedi/mab/rfantibody_b7h3_rf2_20260926/B/task_24/ab_0_dldesign_1_best.pdb	0.8241395512897076	126	6	L:164ASN-T:266HIS	REJECT
/scratch/ghaedi/mab/rfantibody_b7h3_rf2_20260926/B/task_24/ab_0_dldesign_2_best.pdb	2.570021400689108	13	0	H:31SER-T:274GLN	PASS
/scratch/ghaedi/mab/rfantibody_b7h3_rf2_20260926/B/task_24/ab_0_dldesign_3_best.pdb	0.4574887976770573	972	115	H:52GLN-T:307GLU	REJECT
/scratch/ghaedi/mab/rfantibody_b7h3_rf2_20260926/B/task_240/ab_0_dldesign_0_best.pdb	0.4329180060935331	3299	233	H:2VAL-T:244SER	REJECT
/scratch/ghaedi/mab/rfantibody_b7h3_rf2_20260926/B/task_240/ab_0_dldesign_1_best.pdb	0.44283744195810815	47	9	H:57GLU-T:236GLU	REJECT
/scratch/ghaedi/mab/rfantibody_b7h3_rf2_20260926/B/task_240/ab_0_dldesign_2_best.pdb	1.990705904949296	55	1	H:101TRP-T:269ALA	REJECT
/scratch/ghaedi/mab/rfantibody_b7h3_rf2_20260926/B/task_240/ab_0_dldesign_3_best.pdb	0.4111897372260159	676	59	H:56GLY-T:274THR	REJECT
/scratch/ghaedi/mab/rfantibody_b7h3_rf2_20260926/B/task_241/ab_0_dldesign_0_best.pdb	0.24259843363055905	466	27	L:212GLU-T:270ASP	REJECT
/scratch/ghaedi/mab/rfantibody_b7h3_rf2_20260926/B/task_241/ab_0_dldesign_1_best.pdb	2.560983014391154	22	0	H:54ALA-T:280GLN	PASS
/scratch/ghaedi/mab/rfantibody_b7h3_rf2_20260926/B/task_241/ab_0_dldesign_2_best.pdb	0.8745890463526286	271	17	L:184ARG-T:272HIS	REJECT
/scratch/ghaedi/mab/rfantibody_b7h3_rf2_20260926/B/task_241/ab_0_dldesign_3_best.pdb	0.705512579618535	918	60	L:187THR-T:261LEU	REJECT
/scratch/ghaedi/mab/rfantibody_b7h3_rf2_20260926/B/task_242/ab_0_dldesign_0_best.pdb	0.7957273402365912	251	14	H:33TYR-T:277ARG	REJECT
/scratch/ghaedi/mab/rfantibody_b7h3_rf2_20260926/B/task_242/ab_0_dldesign_1_best.pdb	0.5694040744497716	251	14	H:55ASN-T:268HIS	REJECT
/scratch/ghaedi/mab/rfantibody_b7h3_rf2_20260926/B/task_242/ab_0_dldesign_2_best.pdb	2.80270191065693	12	0	H:101GLY-T:265GLN	PASS
/scratch/ghaedi/mab/rfantibody_b7h3_rf2_20260926/B/task_242/ab_0_dldesign_3_best.pdb	0.7213383394773909	183	9	L:180ARG-T:268HIS	REJECT
/scratch/ghaedi/mab/rfantibody_b7h3_rf2_20260926/B/task_243/ab_0_dldesign_0_best.pdb	0.6221519107099194	1011	100	L:145SER-T:235ALA	REJECT
/scratch/ghaedi/mab/rfantibody_b7h3_rf2_20260926/B/task_243/ab_0_dldesign_1_best.pdb	0.2557752920045258	695	40	L:170THR-T:266LEU	REJECT
/scratch/ghaedi/mab/rfantibody_b7h3_rf2_20260926/B/task_243/ab_0_dldesign_2_best.pdb	2.385082388514073	21	0	L:211VAL-T:273SER	PASS
/scratch/ghaedi/mab/rfantibody_b7h3_rf2_20260926/B/task_243/ab_0_dldesign_3_best.pdb	1.7096999736795928	82	5	H:31SER-T:271HIS	REJECT
/scratch/ghaedi/mab/rfantibody_b7h3_rf2_20260926/B/task_244/ab_0_dldesign_0_best.pdb	0.11828778466096995	3188	308	H:47TRP-T:288GLU	REJECT
/scratch/ghaedi/mab/rfantibody_b7h3_rf2_20260926/B/task_244/ab_0_dldesign_1_best.pdb	0.49835128172805987	134	9	L:208SER-T:267HIS	REJECT
/scratch/ghaedi/mab/rfantibody_b7h3_rf2_20260926/B/task_244/ab_0_dldesign_2_best.pdb	1.1663335714965934	215	4	H:52HIS-T:265ASP	REJECT
/scratch/ghaedi/mab/rfantibody_b7h3_rf2_20260926/B/task_244/ab_0_dldesign_3_best.pdb	2.491878809252168	43	0	L:206TYR-T:267HIS	PASS
/scratch/ghaedi/mab/rfantibody_b7h3_rf2_20260926/B/task_245/ab_0_dldesign_0_best.pdb	0.3140748318474431	80	11	L:148LYS-T:277ARG	REJECT
/scratch/ghaedi/mab/rfantibody_b7h3_rf2_20260926/B/task_245/ab_0_dldesign_1_best.pdb	1.579779098481811	87	1	L:148LEU-T:277ARG	REJECT
/scratch/ghaedi/mab/rfantibody_b7h3_rf2_20260926/B/task_245/ab_0_dldesign_2_best.pdb	0.3592227721066688	1251	99	H:5VAL-T:290ASP	REJECT
/scratch/ghaedi/mab/rfantibody_b7h3_rf2_20260926/B/task_245/ab_0_dldesign_3_best.pdb	0.15726728839781023	4377	336	L:160PRO-T:289GLU	REJECT
/scratch/ghaedi/mab/rfantibody_b7h3_rf2_20260926/B/task_246/ab_0_dldesign_0_best.pdb	0.9775771069332553	29	2	L:148GLU-T:270GLN	REJECT
/scratch/ghaedi/mab/rfantibody_b7h3_rf2_20260926/B/task_246/ab_0_dldesign_1_best.pdb	0.5323739287380622	2428	191	H:77ASN-T:256ASN	REJECT
/scratch/ghaedi/mab/rfantibody_b7h3_rf2_20260926/B/task_246/ab_0_dldesign_2_best.pdb	0.835287974293895	251	5	L:212PRO-T:270GLN	REJECT
/scratch/ghaedi/mab/rfantibody_b7h3_rf2_20260926/B/task_246/ab_0_dldesign_3_best.pdb	0.4849432956542443	675	48	L:212PRO-T:279THR	REJECT
/scratch/ghaedi/mab/rfantibody_b7h3_rf2_20260926/B/task_247/ab_0_dldesign_0_best.pdb	0.43671615495651167	791	66	L:166ASN-T:250LEU	REJECT
/scratch/ghaedi/mab/rfantibody_b7h3_rf2_20260926/B/task_247/ab_0_dldesign_1_best.pdb	0.8094430183774506	523	27	L:148ARG-T:268ASP	REJECT
/scratch/ghaedi/mab/rfantibody_b7h3_rf2_20260926/B/task_247/ab_0_dldesign_2_best.pdb	0.6847627326307996	243	18	H:54ARG-T:255THR	REJECT
/scratch/ghaedi/mab/rfantibody_b7h3_rf2_20260926/B/task_247/ab_0_dldesign_3_best.pdb	0.3218089495337258	471	29	H:28ASP-T:279ARG	REJECT
/scratch/ghaedi/mab/rfantibody_b7h3_rf2_20260926/B/task_248/ab_0_dldesign_0_best.pdb	2.284058449339684	138	0	H:55THR-T:264ARG	PASS
/scratch/ghaedi/mab/rfantibody_b7h3_rf2_20260926/B/task_248/ab_0_dldesign_1_best.pdb	1.0016985574512922	185	20	H:31LYS-T:258THR	REJECT
/scratch/ghaedi/mab/rfantibody_b7h3_rf2_20260926/B/task_248/ab_0_dldesign_2_best.pdb	1.651343089730295	114	3	L:147ALA-T:285THR	REJECT
/scratch/ghaedi/mab/rfantibody_b7h3_rf2_20260926/B/task_248/ab_0_dldesign_3_best.pdb	0.5068924935328979	296	25	H:101ASN-T:282ARG	REJECT
/scratch/ghaedi/mab/rfantibody_b7h3_rf2_20260926/B/task_249/ab_0_dldesign_0_best.pdb	1.6251922963145002	60	1	L:145THR-T:272THR	REJECT
/scratch/ghaedi/mab/rfantibody_b7h3_rf2_20260926/B/task_249/ab_0_dldesign_1_best.pdb	0.17231947075127726	3864	379	L:181SER-T:241ILE	REJECT
/scratch/ghaedi/mab/rfantibody_b7h3_rf2_20260926/B/task_249/ab_0_dldesign_2_best.pdb	0.6613100634346952	199	15	L:207THR-T:263GLN	REJECT
/scratch/ghaedi/mab/rfantibody_b7h3_rf2_20260926/B/task_249/ab_0_dldesign_3_best.pdb	0.44575890344445196	707	54	L:208GLU-T:264ASP	REJECT
/scratch/ghaedi/mab/rfantibody_b7h3_rf2_20260926/B/task_25/ab_0_dldesign_0_best.pdb	0.6306298438862533	224	15	H:102PRO-T:272ALA	REJECT
/scratch/ghaedi/mab/rfantibody_b7h3_rf2_20260926/B/task_25/ab_0_dldesign_1_best.pdb	0.9878891638235536	167	5	H:57GLU-T:285THR	REJECT
/scratch/ghaedi/mab/rfantibody_b7h3_rf2_20260926/B/task_25/ab_0_dldesign_2_best.pdb	0.6793364409480781	272	17	L:184SER-T:295ASP	REJECT
/scratch/ghaedi/mab/rfantibody_b7h3_rf2_20260926/B/task_25/ab_0_dldesign_3_best.pdb	2.6485990636561043	20	0	L:173THR-T:240GLN	PASS
/scratch/ghaedi/mab/rfantibody_b7h3_rf2_20260926/B/task_250/ab_0_dldesign_0_best.pdb	0.3688807395351507	1799	136	L:188SER-T:266PRO	REJECT
/scratch/ghaedi/mab/rfantibody_b7h3_rf2_20260926/B/task_250/ab_0_dldesign_1_best.pdb	0.46439745908004343	350	34	H:103SER-T:253LEU	REJECT
/scratch/ghaedi/mab/rfantibody_b7h3_rf2_20260926/B/task_250/ab_0_dldesign_2_best.pdb	0.24774785569203234	729	78	H:57GLU-T:285THR	REJECT
/scratch/ghaedi/mab/rfantibody_b7h3_rf2_20260926/B/task_250/ab_0_dldesign_3_best.pdb	0.14404860290887916	2042	168	L:174VAL-T:253LEU	REJECT
/scratch/ghaedi/mab/rfantibody_b7h3_rf2_20260926/B/task_251/ab_0_dldesign_0_best.pdb	0.746732883968558	145	10	L:209SER-T:268HIS	REJECT
/scratch/ghaedi/mab/rfantibody_b7h3_rf2_20260926/B/task_251/ab_0_dldesign_1_best.pdb	2.17855112402716	185	0	H:101GLY-T:277ARG	PASS
/scratch/ghaedi/mab/rfantibody_b7h3_rf2_20260926/B/task_251/ab_0_dldesign_2_best.pdb	4.4934265321689635	1	0	L:172PRO-T:268HIS	PASS
/scratch/ghaedi/mab/rfantibody_b7h3_rf2_20260926/B/task_251/ab_0_dldesign_3_best.pdb	0.24749545450371235	841	72	L:210GLU-T:266ASP	REJECT
/scratch/ghaedi/mab/rfantibody_b7h3_rf2_20260926/B/task_252/ab_0_dldesign_0_best.pdb	1.8975376149104415	99	1	H:103GLY-T:276SER	REJECT
/scratch/ghaedi/mab/rfantibody_b7h3_rf2_20260926/B/task_252/ab_0_dldesign_1_best.pdb	5.242192003351268	0	0	L:174ASN-T:245ASP	PASS
/scratch/ghaedi/mab/rfantibody_b7h3_rf2_20260926/B/task_252/ab_0_dldesign_2_best.pdb	2.9180496911464684	22	0	H:105ARG-T:259THR	PASS
/scratch/ghaedi/mab/rfantibody_b7h3_rf2_20260926/B/task_252/ab_0_dldesign_3_best.pdb	0.42623115794132055	926	74	H:53PRO-T:275SER	REJECT
/scratch/ghaedi/mab/rfantibody_b7h3_rf2_20260926/B/task_253/ab_0_dldesign_0_best.pdb	0.7257671802995771	234	19	H:59ARG-T:274HIS	REJECT
/scratch/ghaedi/mab/rfantibody_b7h3_rf2_20260926/B/task_253/ab_0_dldesign_1_best.pdb	2.926606738186735	19	0	L:153ASP-T:280THR	PASS
/scratch/ghaedi/mab/rfantibody_b7h3_rf2_20260926/B/task_253/ab_0_dldesign_2_best.pdb	1.8346173988055383	150	1	L:215SER-T:276SER	REJECT
/scratch/ghaedi/mab/rfantibody_b7h3_rf2_20260926/B/task_253/ab_0_dldesign_3_best.pdb	1.2403564003946597	93	4	L:153SER-T:282GLN	REJECT
/scratch/ghaedi/mab/rfantibody_b7h3_rf2_20260926/B/task_254/ab_0_dldesign_0_best.pdb	0.43059261489254397	1268	74	H:54ALA-T:291VAL	REJECT
/scratch/ghaedi/mab/rfantibody_b7h3_rf2_20260926/B/task_254/ab_0_dldesign_1_best.pdb	0.18631425066269058	3728	315	L:119ASP-T:253VAL	REJECT
/scratch/ghaedi/mab/rfantibody_b7h3_rf2_20260926/B/task_254/ab_0_dldesign_2_best.pdb	1.7705648816126447	54	2	L:151ASP-T:259THR	REJECT
/scratch/ghaedi/mab/rfantibody_b7h3_rf2_20260926/B/task_254/ab_0_dldesign_3_best.pdb	2.4391642011148003	46	0	H:101GLY-T:274HIS	PASS
/scratch/ghaedi/mab/rfantibody_b7h3_rf2_20260926/B/task_255/ab_0_dldesign_0_best.pdb	1.2769181649581158	142	8	L:211PRO-T:271HIS	REJECT
/scratch/ghaedi/mab/rfantibody_b7h3_rf2_20260926/B/task_255/ab_0_dldesign_1_best.pdb	3.073834901226803	17	0	L:211PRO-T:244HIS	PASS
/scratch/ghaedi/mab/rfantibody_b7h3_rf2_20260926/B/task_255/ab_0_dldesign_2_best.pdb	1.773656674782354	99	1	L:149TRP-T:258SER	REJECT
/scratch/ghaedi/mab/rfantibody_b7h3_rf2_20260926/B/task_255/ab_0_dldesign_3_best.pdb	0.6605126796663333	235	20	L:184ARG-T:242ASP	REJECT
/scratch/ghaedi/mab/rfantibody_b7h3_rf2_20260926/B/task_256/ab_0_dldesign_0_best.pdb	0.42022850926608823	1478	109	H:32HIS-T:264ASP	REJECT
/scratch/ghaedi/mab/rfantibody_b7h3_rf2_20260926/B/task_256/ab_0_dldesign_1_best.pdb	0.5402323574166942	567	39	H:102THR-T:235LEU	REJECT
/scratch/ghaedi/mab/rfantibody_b7h3_rf2_20260926/B/task_256/ab_0_dldesign_2_best.pdb	0.19682733549992495	1004	85	H:53PRO-T:257ARG	REJECT
/scratch/ghaedi/mab/rfantibody_b7h3_rf2_20260926/B/task_256/ab_0_dldesign_3_best.pdb	0.12749901960407353	213	13	H:31ASP-T:275ARG	REJECT
/scratch/ghaedi/mab/rfantibody_b7h3_rf2_20260926/B/task_257/ab_0_dldesign_0_best.pdb	0.9536220425304776	257	9	H:55THR-T:251VAL	REJECT
/scratch/ghaedi/mab/rfantibody_b7h3_rf2_20260926/B/task_257/ab_0_dldesign_1_best.pdb	1.2195531968717068	95	7	H:55THR-T:281ARG	REJECT
/scratch/ghaedi/mab/rfantibody_b7h3_rf2_20260926/B/task_257/ab_0_dldesign_2_best.pdb	3.1574005130803395	27	0	L:151SER-T:263ARG	PASS
/scratch/ghaedi/mab/rfantibody_b7h3_rf2_20260926/B/task_257/ab_0_dldesign_3_best.pdb	0.6056434594709992	195	19	H:101SER-T:281ARG	REJECT
/scratch/ghaedi/mab/rfantibody_b7h3_rf2_20260926/B/task_258/ab_0_dldesign_0_best.pdb	1.4306142037600493	113	3	H:55THR-T:271VAL	REJECT
/scratch/ghaedi/mab/rfantibody_b7h3_rf2_20260926/B/task_258/ab_0_dldesign_1_best.pdb	0.3807505745235327	3485	336	L:144VAL-T:246VAL	REJECT
/scratch/ghaedi/mab/rfantibody_b7h3_rf2_20260926/B/task_258/ab_0_dldesign_2_best.pdb	0.36045249340239105	782	67	H:77ASN-T:265GLN	REJECT
/scratch/ghaedi/mab/rfantibody_b7h3_rf2_20260926/B/task_258/ab_0_dldesign_3_best.pdb	0.4677456573822991	558	43	H:52HIS-T:251ASN	REJECT
/scratch/ghaedi/mab/rfantibody_b7h3_rf2_20260926/B/task_259/ab_0_dldesign_0_best.pdb	0.8448704042632794	227	17	H:54ALA-T:234ASN	REJECT
/scratch/ghaedi/mab/rfantibody_b7h3_rf2_20260926/B/task_259/ab_0_dldesign_1_best.pdb	2.1808635904155027	14	0	H:54ALA-T:266GLN	PASS
/scratch/ghaedi/mab/rfantibody_b7h3_rf2_20260926/B/task_259/ab_0_dldesign_2_best.pdb	0.27905734177763614	506	44	H:28ASP-T:244ILE	REJECT
/scratch/ghaedi/mab/rfantibody_b7h3_rf2_20260926/B/task_259/ab_0_dldesign_3_best.pdb	0.4844925180020834	663	43	H:54ALA-T:283ALA	REJECT
/scratch/ghaedi/mab/rfantibody_b7h3_rf2_20260926/B/task_26/ab_0_dldesign_0_best.pdb	0.9292464689198451	127	8	H:31ASP-T:239GLN	REJECT
/scratch/ghaedi/mab/rfantibody_b7h3_rf2_20260926/B/task_26/ab_0_dldesign_1_best.pdb	0.34007793224494887	1739	159	L:167TYR-T:242PHE	REJECT
/scratch/ghaedi/mab/rfantibody_b7h3_rf2_20260926/B/task_26/ab_0_dldesign_2_best.pdb	0.3023425209923327	604	41	L:148SER-T:265PRO	REJECT
/scratch/ghaedi/mab/rfantibody_b7h3_rf2_20260926/B/task_26/ab_0_dldesign_3_best.pdb	0.03494281041931057	664	40	L:147PRO-T:239GLN	REJECT
/scratch/ghaedi/mab/rfantibody_b7h3_rf2_20260926/B/task_260/ab_0_dldesign_0_best.pdb	0.5870885793472734	344	16	L:208GLN-T:268HIS	REJECT
/scratch/ghaedi/mab/rfantibody_b7h3_rf2_20260926/B/task_260/ab_0_dldesign_1_best.pdb	1.1958749934671258	197	13	L:208GLU-T:265GLN	REJECT
/scratch/ghaedi/mab/rfantibody_b7h3_rf2_20260926/B/task_260/ab_0_dldesign_2_best.pdb	0.4052727476650755	329	26	H:33TYR-T:251ASN	REJECT
/scratch/ghaedi/mab/rfantibody_b7h3_rf2_20260926/B/task_260/ab_0_dldesign_3_best.pdb	2.005684421837095	32	0	L:144GLN-T:234GLU	PASS
/scratch/ghaedi/mab/rfantibody_b7h3_rf2_20260926/B/task_261/ab_0_dldesign_0_best.pdb	2.2017506670829023	58	0	H:104ARG-T:276ALA	PASS
/scratch/ghaedi/mab/rfantibody_b7h3_rf2_20260926/B/task_261/ab_0_dldesign_1_best.pdb	0.3622554347418399	693	51	H:76LYS-T:312ARG	REJECT
/scratch/ghaedi/mab/rfantibody_b7h3_rf2_20260926/B/task_261/ab_0_dldesign_2_best.pdb	0.20357062656483615	940	82	H:105ASN-T:285GLN	REJECT
/scratch/ghaedi/mab/rfantibody_b7h3_rf2_20260926/B/task_261/ab_0_dldesign_3_best.pdb	0.3680489097932496	1705	141	L:126MET-T:273GLN	REJECT
/scratch/ghaedi/mab/rfantibody_b7h3_rf2_20260926/B/task_262/ab_0_dldesign_0_best.pdb	0.14783098457359947	5808	472	H:47TRP-T:270GLN	REJECT
/scratch/ghaedi/mab/rfantibody_b7h3_rf2_20260926/B/task_262/ab_0_dldesign_1_best.pdb	0.5907630658732821	333	9	L:187GLY-T:264ARG	REJECT
/scratch/ghaedi/mab/rfantibody_b7h3_rf2_20260926/B/task_262/ab_0_dldesign_2_best.pdb	2.981591185927407	9	0	L:212GLU-T:270GLN	PASS
/scratch/ghaedi/mab/rfantibody_b7h3_rf2_20260926/B/task_262/ab_0_dldesign_3_best.pdb	0.44251101681201077	1894	193	L:191THR-T:277THR	REJECT
/scratch/ghaedi/mab/rfantibody_b7h3_rf2_20260926/B/task_263/ab_0_dldesign_0_best.pdb	0.22833527979705612	2438	223	H:84ASN-T:241ASP	REJECT
/scratch/ghaedi/mab/rfantibody_b7h3_rf2_20260926/B/task_263/ab_0_dldesign_1_best.pdb	0.705594784561223	256	18	H:54ALA-T:268ASP	REJECT
/scratch/ghaedi/mab/rfantibody_b7h3_rf2_20260926/B/task_263/ab_0_dldesign_2_best.pdb	0.36390383345054245	1323	125	H:30THR-T:257SER	REJECT
/scratch/ghaedi/mab/rfantibody_b7h3_rf2_20260926/B/task_263/ab_0_dldesign_3_best.pdb	2.2798820144911023	62	0	L:169SER-T:261ARG	PASS
/scratch/ghaedi/mab/rfantibody_b7h3_rf2_20260926/B/task_264/ab_0_dldesign_0_best.pdb	0.6634711749578869	395	41	L:210GLU-T:268HIS	REJECT
/scratch/ghaedi/mab/rfantibody_b7h3_rf2_20260926/B/task_264/ab_0_dldesign_1_best.pdb	0.19572940504686537	2886	250	H:77ASN-T:285VAL	REJECT
/scratch/ghaedi/mab/rfantibody_b7h3_rf2_20260926/B/task_264/ab_0_dldesign_2_best.pdb	2.8146596597102094	11	0	L:167THR-T:259ARG	PASS
/scratch/ghaedi/mab/rfantibody_b7h3_rf2_20260926/B/task_264/ab_0_dldesign_3_best.pdb	1.1402526035927307	92	2	H:55THR-T:266ASP	REJECT
/scratch/ghaedi/mab/rfantibody_b7h3_rf2_20260926/B/task_265/ab_0_dldesign_0_best.pdb	0.34658620861194367	5130	392	H:44GLY-T:269VAL	REJECT
/scratch/ghaedi/mab/rfantibody_b7h3_rf2_20260926/B/task_265/ab_0_dldesign_1_best.pdb	0.4653321394445053	590	53	H:101LEU-T:240ASN	REJECT
/scratch/ghaedi/mab/rfantibody_b7h3_rf2_20260926/B/task_265/ab_0_dldesign_2_best.pdb	0.46312633265665076	1001	106	L:149GLU-T:268PRO	REJECT
/scratch/ghaedi/mab/rfantibody_b7h3_rf2_20260926/B/task_265/ab_0_dldesign_3_best.pdb	0.41220140708153685	219	20	H:104ASN-T:274ALA	REJECT
/scratch/ghaedi/mab/rfantibody_b7h3_rf2_20260926/B/task_266/ab_0_dldesign_0_best.pdb	1.1300504413520651	118	5	L:150PRO-T:275HIS	REJECT
/scratch/ghaedi/mab/rfantibody_b7h3_rf2_20260926/B/task_266/ab_0_dldesign_1_best.pdb	0.5242976253999251	2114	139	H:101ASN-T:275HIS	REJECT
/scratch/ghaedi/mab/rfantibody_b7h3_rf2_20260926/B/task_266/ab_0_dldesign_2_best.pdb	1.4363763434420658	88	4	H:57PHE-T:281THR	REJECT
/scratch/ghaedi/mab/rfantibody_b7h3_rf2_20260926/B/task_266/ab_0_dldesign_3_best.pdb	2.5276119164143838	21	0	H:59ARG-T:275HIS	PASS
/scratch/ghaedi/mab/rfantibody_b7h3_rf2_20260926/B/task_267/ab_0_dldesign_0_best.pdb	0.3961577968436318	999	96	L:121ILE-T:250VAL	REJECT
/scratch/ghaedi/mab/rfantibody_b7h3_rf2_20260926/B/task_267/ab_0_dldesign_1_best.pdb	0.3625327571406453	352	24	H:102ILE-T:268GLN	REJECT
/scratch/ghaedi/mab/rfantibody_b7h3_rf2_20260926/B/task_267/ab_0_dldesign_2_best.pdb	0.9358760601703628	115	8	H:102VAL-T:256THR	REJECT
/scratch/ghaedi/mab/rfantibody_b7h3_rf2_20260926/B/task_267/ab_0_dldesign_3_best.pdb	2.587660912870928	49	0	L:211GLU-T:280ARG	PASS
/scratch/ghaedi/mab/rfantibody_b7h3_rf2_20260926/B/task_268/ab_0_dldesign_0_best.pdb	1.0198392030119254	297	15	L:144ASP-T:264GLN	REJECT
/scratch/ghaedi/mab/rfantibody_b7h3_rf2_20260926/B/task_268/ab_0_dldesign_1_best.pdb	0.48515667572445076	1194	76	L:206THR-T:272ILE	REJECT
/scratch/ghaedi/mab/rfantibody_b7h3_rf2_20260926/B/task_268/ab_0_dldesign_2_best.pdb	0.36334418944026103	1260	132	H:27PHE-T:262LEU	REJECT
/scratch/ghaedi/mab/rfantibody_b7h3_rf2_20260926/B/task_268/ab_0_dldesign_3_best.pdb	0.6094653394574624	296	23	L:207PRO-T:258ARG	REJECT
/scratch/ghaedi/mab/rfantibody_b7h3_rf2_20260926/B/task_269/ab_0_dldesign_0_best.pdb	0.3668323867926605	1093	90	L:213ASP-T:260LEU	REJECT
/scratch/ghaedi/mab/rfantibody_b7h3_rf2_20260926/B/task_269/ab_0_dldesign_1_best.pdb	2.2061978605737074	18	0	H:101LYS-T:280ARG	PASS
/scratch/ghaedi/mab/rfantibody_b7h3_rf2_20260926/B/task_269/ab_0_dldesign_2_best.pdb	1.0093270035028292	182	10	H:103SER-T:272SER	REJECT
/scratch/ghaedi/mab/rfantibody_b7h3_rf2_20260926/B/task_269/ab_0_dldesign_3_best.pdb	0.49759220251125535	1221	103	L:214PRO-T:262ARG	REJECT
/scratch/ghaedi/mab/rfantibody_b7h3_rf2_20260926/B/task_27/ab_0_dldesign_0_best.pdb	0.28749608692989287	345	26	H:101THR-T:278ARG	REJECT
/scratch/ghaedi/mab/rfantibody_b7h3_rf2_20260926/B/task_27/ab_0_dldesign_1_best.pdb	1.861739240602722	210	2	H:55SER-T:277GLN	REJECT
/scratch/ghaedi/mab/rfantibody_b7h3_rf2_20260926/B/task_27/ab_0_dldesign_2_best.pdb	0.6841330279996719	290	28	L:147GLY-T:266GLN	REJECT
/scratch/ghaedi/mab/rfantibody_b7h3_rf2_20260926/B/task_27/ab_0_dldesign_3_best.pdb	0.3542386201418467	1262	105	L:148LEU-T:258LEU	REJECT
/scratch/ghaedi/mab/rfantibody_b7h3_rf2_20260926/B/task_270/ab_0_dldesign_0_best.pdb	0.5228776147436398	1219	101	L:210ASN-T:271SER	REJECT
/scratch/ghaedi/mab/rfantibody_b7h3_rf2_20260926/B/task_270/ab_0_dldesign_1_best.pdb	0.43363809795726926	440	28	L:182ARG-T:264LEU	REJECT
/scratch/ghaedi/mab/rfantibody_b7h3_rf2_20260926/B/task_270/ab_0_dldesign_2_best.pdb	0.9042599183863007	290	8	H:50ARG-T:291ASP	REJECT
/scratch/ghaedi/mab/rfantibody_b7h3_rf2_20260926/B/task_270/ab_0_dldesign_3_best.pdb	0.9073081064335317	219	15	L:147SER-T:266GLN	REJECT
/scratch/ghaedi/mab/rfantibody_b7h3_rf2_20260926/B/task_271/ab_0_dldesign_0_best.pdb	0.24299176940793638	1789	148	L:210GLU-T:258CYS	REJECT
/scratch/ghaedi/mab/rfantibody_b7h3_rf2_20260926/B/task_271/ab_0_dldesign_1_best.pdb	0.4683257413382269	946	77	H:52HIS-T:259LEU	REJECT
/scratch/ghaedi/mab/rfantibody_b7h3_rf2_20260926/B/task_271/ab_0_dldesign_2_best.pdb	0.10979070998950857	876	60	H:104VAL-T:266GLN	REJECT
/scratch/ghaedi/mab/rfantibody_b7h3_rf2_20260926/B/task_271/ab_0_dldesign_3_best.pdb	3.7272630709409285	14	0	L:209ASP-T:270HIS	PASS
/scratch/ghaedi/mab/rfantibody_b7h3_rf2_20260926/B/task_272/ab_0_dldesign_0_best.pdb	0.5075460570233998	206	17	L:208PHE-T:255SER	REJECT
/scratch/ghaedi/mab/rfantibody_b7h3_rf2_20260926/B/task_272/ab_0_dldesign_1_best.pdb	0.861213678479388	183	10	L:209ASP-T:268HIS	REJECT
/scratch/ghaedi/mab/rfantibody_b7h3_rf2_20260926/B/task_272/ab_0_dldesign_2_best.pdb	0.7874223771267864	172	11	H:31SER-T:263LEU	REJECT
/scratch/ghaedi/mab/rfantibody_b7h3_rf2_20260926/B/task_272/ab_0_dldesign_3_best.pdb	3.329986936911315	20	0	H:57ARG-T:237LEU	PASS
/scratch/ghaedi/mab/rfantibody_b7h3_rf2_20260926/B/task_273/ab_0_dldesign_0_best.pdb	0.2666439573663736	1629	134	L:211VAL-T:276THR	REJECT
/scratch/ghaedi/mab/rfantibody_b7h3_rf2_20260926/B/task_273/ab_0_dldesign_1_best.pdb	0.7141106356860959	363	33	L:146ARG-T:245HIS	REJECT
/scratch/ghaedi/mab/rfantibody_b7h3_rf2_20260926/B/task_273/ab_0_dldesign_2_best.pdb	1.2481866847551295	138	6	H:102LEU-T:257THR	REJECT
/scratch/ghaedi/mab/rfantibody_b7h3_rf2_20260926/B/task_273/ab_0_dldesign_3_best.pdb	1.3441919505784878	130	8	L:149PRO-T:272HIS	REJECT
/scratch/ghaedi/mab/rfantibody_b7h3_rf2_20260926/B/task_274/ab_0_dldesign_0_best.pdb	3.1291975009577135	18	0	H:101ALA-T:278GLN	PASS
/scratch/ghaedi/mab/rfantibody_b7h3_rf2_20260926/B/task_274/ab_0_dldesign_1_best.pdb	1.6025186426372717	242	5	H:28ASN-T:243HIS	REJECT
/scratch/ghaedi/mab/rfantibody_b7h3_rf2_20260926/B/task_274/ab_0_dldesign_2_best.pdb	0.322479456710036	657	46	H:80TYR-T:292ASP	REJECT
/scratch/ghaedi/mab/rfantibody_b7h3_rf2_20260926/B/task_274/ab_0_dldesign_3_best.pdb	0.36523417145716186	2117	172	H:27THR-T:256TYR	REJECT
/scratch/ghaedi/mab/rfantibody_b7h3_rf2_20260926/B/task_275/ab_0_dldesign_0_best.pdb	2.3940605673207176	85	0	H:102GLY-T:256SER	PASS
/scratch/ghaedi/mab/rfantibody_b7h3_rf2_20260926/B/task_275/ab_0_dldesign_1_best.pdb	0.8664606165314149	276	15	L:148THR-T:269HIS	REJECT
/scratch/ghaedi/mab/rfantibody_b7h3_rf2_20260926/B/task_275/ab_0_dldesign_2_best.pdb	4.585725787702531	0	0	H:101GLU-T:252ASN	PASS
/scratch/ghaedi/mab/rfantibody_b7h3_rf2_20260926/B/task_275/ab_0_dldesign_3_best.pdb	2.138490355367544	25	0	H:33TYR-T:278ARG	PASS
/scratch/ghaedi/mab/rfantibody_b7h3_rf2_20260926/B/task_276/ab_0_dldesign_0_best.pdb	1.0507644836022947	178	12	L:147TRP-T:261VAL	REJECT
/scratch/ghaedi/mab/rfantibody_b7h3_rf2_20260926/B/task_276/ab_0_dldesign_1_best.pdb	0.7603742499585286	269	11	H:57SER-T:269ASP	REJECT
/scratch/ghaedi/mab/rfantibody_b7h3_rf2_20260926/B/task_276/ab_0_dldesign_2_best.pdb	0.4585477074416572	1059	102	H:25SER-T:293ASP	REJECT
/scratch/ghaedi/mab/rfantibody_b7h3_rf2_20260926/B/task_276/ab_0_dldesign_3_best.pdb	0.3838906094188827	147	10	L:211ASN-T:270ALA	REJECT
/scratch/ghaedi/mab/rfantibody_b7h3_rf2_20260926/B/task_277/ab_0_dldesign_0_best.pdb	0.35748706270297353	2736	246	H:97SER-T:237ASN	REJECT
/scratch/ghaedi/mab/rfantibody_b7h3_rf2_20260926/B/task_277/ab_0_dldesign_1_best.pdb	0.8557745030088244	201	10	H:33TYR-T:270ASP	REJECT
/scratch/ghaedi/mab/rfantibody_b7h3_rf2_20260926/B/task_277/ab_0_dldesign_2_best.pdb	0.2632052431088733	704	75	L:150SER-T:239GLN	REJECT
/scratch/ghaedi/mab/rfantibody_b7h3_rf2_20260926/B/task_277/ab_0_dldesign_3_best.pdb	0.3101322298633279	292	24	L:151ASN-T:272HIS	REJECT
/scratch/ghaedi/mab/rfantibody_b7h3_rf2_20260926/B/task_278/ab_0_dldesign_0_best.pdb	0.5823006096510627	439	41	L:168ASN-T:280ARG	REJECT
/scratch/ghaedi/mab/rfantibody_b7h3_rf2_20260926/B/task_278/ab_0_dldesign_1_best.pdb	0.3373796081567469	1654	148	H:29ILE-T:248ARG	REJECT
/scratch/ghaedi/mab/rfantibody_b7h3_rf2_20260926/B/task_278/ab_0_dldesign_2_best.pdb	0.39250732477241895	733	75	L:167TYR-T:269ASP	REJECT
/scratch/ghaedi/mab/rfantibody_b7h3_rf2_20260926/B/task_278/ab_0_dldesign_3_best.pdb	0.6260718808571426	277	22	H:101LEU-T:278PRO	REJECT
/scratch/ghaedi/mab/rfantibody_b7h3_rf2_20260926/B/task_279/ab_0_dldesign_0_best.pdb	0.8253508344940331	190	10	L:147GLY-T:265GLN	REJECT
/scratch/ghaedi/mab/rfantibody_b7h3_rf2_20260926/B/task_279/ab_0_dldesign_1_best.pdb	0.8036504215142294	240	8	H:31ASP-T:266GLN	REJECT
/scratch/ghaedi/mab/rfantibody_b7h3_rf2_20260926/B/task_279/ab_0_dldesign_2_best.pdb	0.3009368704562473	1687	149	L:168ASP-T:274ILE	REJECT
/scratch/ghaedi/mab/rfantibody_b7h3_rf2_20260926/B/task_279/ab_0_dldesign_3_best.pdb	2.346826580725555	23	0	L:149HIS-T:252ASN	PASS
/scratch/ghaedi/mab/rfantibody_b7h3_rf2_20260926/B/task_28/ab_0_dldesign_0_best.pdb	1.429067528145539	66	1	L:162TYR-T:252SER	REJECT
/scratch/ghaedi/mab/rfantibody_b7h3_rf2_20260926/B/task_28/ab_0_dldesign_1_best.pdb	0.5170357821273112	57	8	H:54GLY-T:221GLY	REJECT
/scratch/ghaedi/mab/rfantibody_b7h3_rf2_20260926/B/task_28/ab_0_dldesign_2_best.pdb	2.6502175382409643	74	0	H:33TYR-T:245LEU	PASS
/scratch/ghaedi/mab/rfantibody_b7h3_rf2_20260926/B/task_28/ab_0_dldesign_3_best.pdb	2.8735138767717836	20	0	L:169PRO-T:263ASP	PASS
/scratch/ghaedi/mab/rfantibody_b7h3_rf2_20260926/B/task_280/ab_0_dldesign_0_best.pdb	0.9333664875063806	92	9	L:148ASP-T:267GLN	REJECT
/scratch/ghaedi/mab/rfantibody_b7h3_rf2_20260926/B/task_280/ab_0_dldesign_1_best.pdb	0.8214450681573311	116	6	L:136ARG-T:238GLN	REJECT
/scratch/ghaedi/mab/rfantibody_b7h3_rf2_20260926/B/task_280/ab_0_dldesign_2_best.pdb	1.8104488393765787	18	1	H:101LEU-T:271HIS	REJECT
/scratch/ghaedi/mab/rfantibody_b7h3_rf2_20260926/B/task_280/ab_0_dldesign_3_best.pdb	2.1847993042840335	95	0	L:211LEU-T:269ASP	PASS
/scratch/ghaedi/mab/rfantibody_b7h3_rf2_20260926/B/task_281/ab_0_dldesign_0_best.pdb	0.7738074695943428	542	44	H:103GLY-T:261LEU	REJECT
/scratch/ghaedi/mab/rfantibody_b7h3_rf2_20260926/B/task_281/ab_0_dldesign_1_best.pdb	2.3256055125493655	48	0	H:103GLY-T:257THR	PASS
/scratch/ghaedi/mab/rfantibody_b7h3_rf2_20260926/B/task_281/ab_0_dldesign_2_best.pdb	0.385407576469378	1009	83	H:54ALA-T:283PRO	REJECT
/scratch/ghaedi/mab/rfantibody_b7h3_rf2_20260926/B/task_281/ab_0_dldesign_3_best.pdb	1.0870924523700825	221	9	L:185ARG-T:272HIS	REJECT
/scratch/ghaedi/mab/rfantibody_b7h3_rf2_20260926/B/task_282/ab_0_dldesign_0_best.pdb	0.858653014901829	536	35	H:102GLY-T:271HIS	REJECT
/scratch/ghaedi/mab/rfantibody_b7h3_rf2_20260926/B/task_282/ab_0_dldesign_1_best.pdb	4.805365750908042	0	0	H:102GLY-T:274VAL	PASS
/scratch/ghaedi/mab/rfantibody_b7h3_rf2_20260926/B/task_282/ab_0_dldesign_2_best.pdb	0.5092160641613733	259	8	L:212THR-T:268GLN	REJECT
/scratch/ghaedi/mab/rfantibody_b7h3_rf2_20260926/B/task_282/ab_0_dldesign_3_best.pdb	2.0484799242365064	45	0	L:185ARG-T:238GLN	PASS
/scratch/ghaedi/mab/rfantibody_b7h3_rf2_20260926/B/task_283/ab_0_dldesign_0_best.pdb	0.7044181996513142	244	18	L:148ASN-T:266LEU	REJECT
/scratch/ghaedi/mab/rfantibody_b7h3_rf2_20260926/B/task_283/ab_0_dldesign_1_best.pdb	0.8102363852604989	624	46	H:100TYR-T:293ASP	REJECT
/scratch/ghaedi/mab/rfantibody_b7h3_rf2_20260926/B/task_283/ab_0_dldesign_2_best.pdb	1.1020258617655043	165	2	L:211PRO-T:268GLN	REJECT
/scratch/ghaedi/mab/rfantibody_b7h3_rf2_20260926/B/task_283/ab_0_dldesign_3_best.pdb	0.3586990381921867	193	13	L:211PRO-T:271HIS	REJECT
/scratch/ghaedi/mab/rfantibody_b7h3_rf2_20260926/B/task_284/ab_0_dldesign_0_best.pdb	0.41620307543313473	2834	247	H:76LYS-T:247LEU	REJECT
/scratch/ghaedi/mab/rfantibody_b7h3_rf2_20260926/B/task_284/ab_0_dldesign_1_best.pdb	0.9655055670476473	75	5	L:150ARG-T:277THR	REJECT
/scratch/ghaedi/mab/rfantibody_b7h3_rf2_20260926/B/task_284/ab_0_dldesign_2_best.pdb	0.28138230221533145	2492	207	L:151THR-T:276ILE	REJECT
/scratch/ghaedi/mab/rfantibody_b7h3_rf2_20260926/B/task_284/ab_0_dldesign_3_best.pdb	1.9647152465433755	100	1	H:104ASP-T:271HIS	REJECT
/scratch/ghaedi/mab/rfantibody_b7h3_rf2_20260926/B/task_285/ab_0_dldesign_0_best.pdb	3.00387582965741	25	0	L:135ARG-T:233GLU	PASS
/scratch/ghaedi/mab/rfantibody_b7h3_rf2_20260926/B/task_285/ab_0_dldesign_1_best.pdb	0.2920633492925812	1363	125	L:185PHE-T:268SER	REJECT
/scratch/ghaedi/mab/rfantibody_b7h3_rf2_20260926/B/task_285/ab_0_dldesign_2_best.pdb	0.19880140844571506	735	81	L:183THR-T:241SER	REJECT
/scratch/ghaedi/mab/rfantibody_b7h3_rf2_20260926/B/task_285/ab_0_dldesign_3_best.pdb	0.6572982580229457	390	29	L:177SER-T:264GLN	REJECT
/scratch/ghaedi/mab/rfantibody_b7h3_rf2_20260926/B/task_286/ab_0_dldesign_0_best.pdb	0.6667420790680606	368	24	H:74THR-T:283GLN	REJECT
/scratch/ghaedi/mab/rfantibody_b7h3_rf2_20260926/B/task_286/ab_0_dldesign_1_best.pdb	3.8919989722506347	2	0	H:101LEU-T:278VAL	PASS
/scratch/ghaedi/mab/rfantibody_b7h3_rf2_20260926/B/task_286/ab_0_dldesign_2_best.pdb	0.48548841386793085	156	8	H:101LEU-T:258ASN	REJECT
/scratch/ghaedi/mab/rfantibody_b7h3_rf2_20260926/B/task_286/ab_0_dldesign_3_best.pdb	1.2104007600790736	154	5	H:103SER-T:275HIS	REJECT
/scratch/ghaedi/mab/rfantibody_b7h3_rf2_20260926/B/task_287/ab_0_dldesign_0_best.pdb	0.4320277768847742	804	75	L:181ASP-T:238HIS	REJECT
/scratch/ghaedi/mab/rfantibody_b7h3_rf2_20260926/B/task_287/ab_0_dldesign_1_best.pdb	1.1868955303648274	126	3	L:167PRO-T:261GLN	REJECT
/scratch/ghaedi/mab/rfantibody_b7h3_rf2_20260926/B/task_287/ab_0_dldesign_2_best.pdb	0.2936886106065407	2349	222	H:65LYS-T:269THR	REJECT
/scratch/ghaedi/mab/rfantibody_b7h3_rf2_20260926/B/task_287/ab_0_dldesign_3_best.pdb	1.0080133927681714	206	23	L:204THR-T:265HIS	REJECT
/scratch/ghaedi/mab/rfantibody_b7h3_rf2_20260926/B/task_288/ab_0_dldesign_0_best.pdb	2.0679673595102996	44	0	L:209PHE-T:254THR	PASS
/scratch/ghaedi/mab/rfantibody_b7h3_rf2_20260926/B/task_288/ab_0_dldesign_1_best.pdb	0.3169984227090107	274	19	H:52HIS-T:236GLN	REJECT
/scratch/ghaedi/mab/rfantibody_b7h3_rf2_20260926/B/task_288/ab_0_dldesign_2_best.pdb	0.5029095346083624	1097	94	L:209PHE-T:275THR	REJECT
/scratch/ghaedi/mab/rfantibody_b7h3_rf2_20260926/B/task_288/ab_0_dldesign_3_best.pdb	0.9058222783747367	137	7	L:209PHE-T:278ARG	REJECT
/scratch/ghaedi/mab/rfantibody_b7h3_rf2_20260926/B/task_289/ab_0_dldesign_0_best.pdb	0.48451006181502543	200	10	L:204LEU-T:267SER	REJECT
/scratch/ghaedi/mab/rfantibody_b7h3_rf2_20260926/B/task_289/ab_0_dldesign_1_best.pdb	0.41098175141969345	585	61	L:141ARG-T:259VAL	REJECT
/scratch/ghaedi/mab/rfantibody_b7h3_rf2_20260926/B/task_289/ab_0_dldesign_2_best.pdb	0.8381753993049429	320	23	L:142GLU-T:262GLN	REJECT
/scratch/ghaedi/mab/rfantibody_b7h3_rf2_20260926/B/task_289/ab_0_dldesign_3_best.pdb	0.9282084895108428	258	29	L:204LEU-T:266SER	REJECT
/scratch/ghaedi/mab/rfantibody_b7h3_rf2_20260926/B/task_29/ab_0_dldesign_0_best.pdb	0.38878014352587503	623	52	L:146PRO-T:271VAL	REJECT
/scratch/ghaedi/mab/rfantibody_b7h3_rf2_20260926/B/task_29/ab_0_dldesign_1_best.pdb	1.2283529623035878	101	3	H:101SER-T:277ARG	REJECT
/scratch/ghaedi/mab/rfantibody_b7h3_rf2_20260926/B/task_29/ab_0_dldesign_2_best.pdb	0.4225233721346075	1935	161	H:103PRO-T:269SER	REJECT
/scratch/ghaedi/mab/rfantibody_b7h3_rf2_20260926/B/task_29/ab_0_dldesign_3_best.pdb	1.317070233510727	421	7	L:168TRP-T:269SER	REJECT
/scratch/ghaedi/mab/rfantibody_b7h3_rf2_20260926/B/task_290/ab_0_dldesign_0_best.pdb	1.019385599270463	375	15	L:180ARG-T:265ASP	REJECT
/scratch/ghaedi/mab/rfantibody_b7h3_rf2_20260926/B/task_290/ab_0_dldesign_1_best.pdb	0.3656241239305726	111	9	H:32TYR-T:264GLN	REJECT
/scratch/ghaedi/mab/rfantibody_b7h3_rf2_20260926/B/task_290/ab_0_dldesign_2_best.pdb	0.3929312917037784	1265	102	H:52HIS-T:278PRO	REJECT
/scratch/ghaedi/mab/rfantibody_b7h3_rf2_20260926/B/task_290/ab_0_dldesign_3_best.pdb	0.8231287870072338	145	12	H:33TYR-T:263GLN	REJECT
/scratch/ghaedi/mab/rfantibody_b7h3_rf2_20260926/B/task_291/ab_0_dldesign_0_best.pdb	1.3160326743664081	183	6	L:210GLU-T:253ASN	REJECT
/scratch/ghaedi/mab/rfantibody_b7h3_rf2_20260926/B/task_291/ab_0_dldesign_1_best.pdb	0.2574237751257654	770	63	H:54ALA-T:267GLN	REJECT
/scratch/ghaedi/mab/rfantibody_b7h3_rf2_20260926/B/task_291/ab_0_dldesign_2_best.pdb	0.4588649038660509	409	47	H:102TYR-T:270HIS	REJECT
/scratch/ghaedi/mab/rfantibody_b7h3_rf2_20260926/B/task_291/ab_0_dldesign_3_best.pdb	0.279094965916621	810	66	H:25SER-T:291GLU	REJECT
/scratch/ghaedi/mab/rfantibody_b7h3_rf2_20260926/B/task_292/ab_0_dldesign_0_best.pdb	0.34693082884056287	294	26	H:102LEU-T:269THR	REJECT
/scratch/ghaedi/mab/rfantibody_b7h3_rf2_20260926/B/task_292/ab_0_dldesign_1_best.pdb	2.344437885720156	23	0	L:163ASP-T:248ASN	PASS
/scratch/ghaedi/mab/rfantibody_b7h3_rf2_20260926/B/task_292/ab_0_dldesign_2_best.pdb	0.5461529089916113	1112	64	H:82GLN-T:288PRO	REJECT
/scratch/ghaedi/mab/rfantibody_b7h3_rf2_20260926/B/task_292/ab_0_dldesign_3_best.pdb	0.23746368143360383	2375	196	H:62ASP-T:267SER	REJECT
/scratch/ghaedi/mab/rfantibody_b7h3_rf2_20260926/B/task_293/ab_0_dldesign_0_best.pdb	0.5798568788934046	1960	191	L:167SER-T:252THR	REJECT
/scratch/ghaedi/mab/rfantibody_b7h3_rf2_20260926/B/task_293/ab_0_dldesign_1_best.pdb	0.7817627517348221	33	5	L:168TYR-T:267HIS	REJECT
/scratch/ghaedi/mab/rfantibody_b7h3_rf2_20260926/B/task_293/ab_0_dldesign_2_best.pdb	0.7486427719546901	413	40	L:182SER-T:262LEU	REJECT
/scratch/ghaedi/mab/rfantibody_b7h3_rf2_20260926/B/task_293/ab_0_dldesign_3_best.pdb	0.34897850936698027	850	86	H:32VAL-T:264GLN	REJECT
/scratch/ghaedi/mab/rfantibody_b7h3_rf2_20260926/B/task_294/ab_0_dldesign_0_best.pdb	1.0059279298240007	348	16	L:181ARG-T:265ASP	REJECT
/scratch/ghaedi/mab/rfantibody_b7h3_rf2_20260926/B/task_294/ab_0_dldesign_1_best.pdb	2.3186019494514376	76	0	H:31ASP-T:263GLN	PASS
/scratch/ghaedi/mab/rfantibody_b7h3_rf2_20260926/B/task_294/ab_0_dldesign_2_best.pdb	0.7303731922791235	60	6	L:167THR-T:264GLN	REJECT
/scratch/ghaedi/mab/rfantibody_b7h3_rf2_20260926/B/task_294/ab_0_dldesign_3_best.pdb	1.1433201651331104	99	9	L:146VAL-T:267HIS	REJECT
/scratch/ghaedi/mab/rfantibody_b7h3_rf2_20260926/B/task_295/ab_0_dldesign_0_best.pdb	0.6186129646232759	471	39	H:104TRP-T:272SER	REJECT
/scratch/ghaedi/mab/rfantibody_b7h3_rf2_20260926/B/task_295/ab_0_dldesign_1_best.pdb	0.34395348522729047	1471	111	H:55SER-T:287GLU	REJECT
/scratch/ghaedi/mab/rfantibody_b7h3_rf2_20260926/B/task_295/ab_0_dldesign_2_best.pdb	1.7969373945688816	161	1	H:54ASN-T:280ARG	REJECT
/scratch/ghaedi/mab/rfantibody_b7h3_rf2_20260926/B/task_295/ab_0_dldesign_3_best.pdb	0.9721980250957112	147	7	H:104TRP-T:256THR	REJECT
/scratch/ghaedi/mab/rfantibody_b7h3_rf2_20260926/B/task_296/ab_0_dldesign_0_best.pdb	1.8787663505609227	41	2	L:146GLU-T:272HIS	REJECT
/scratch/ghaedi/mab/rfantibody_b7h3_rf2_20260926/B/task_296/ab_0_dldesign_1_best.pdb	0.2853927118901253	3635	371	H:114VAL-T:259SER	REJECT
/scratch/ghaedi/mab/rfantibody_b7h3_rf2_20260926/B/task_296/ab_0_dldesign_2_best.pdb	1.8793224843011902	111	1	L:213ASN-T:261LEU	REJECT
/scratch/ghaedi/mab/rfantibody_b7h3_rf2_20260926/B/task_296/ab_0_dldesign_3_best.pdb	1.2876451374505324	118	3	L:150THR-T:272HIS	REJECT
/scratch/ghaedi/mab/rfantibody_b7h3_rf2_20260926/B/task_297/ab_0_dldesign_0_best.pdb	0.9176017654734545	473	28	L:211PRO-T:274SER	REJECT
/scratch/ghaedi/mab/rfantibody_b7h3_rf2_20260926/B/task_297/ab_0_dldesign_1_best.pdb	0.4966145386514564	953	60	L:149GLN-T:268GLN	REJECT
/scratch/ghaedi/mab/rfantibody_b7h3_rf2_20260926/B/task_297/ab_0_dldesign_2_best.pdb	0.10136074190730796	815	99	H:74THR-T:269GLN	REJECT
/scratch/ghaedi/mab/rfantibody_b7h3_rf2_20260926/B/task_297/ab_0_dldesign_3_best.pdb	0.334487667934111	891	68	L:149TYR-T:276THR	REJECT
/scratch/ghaedi/mab/rfantibody_b7h3_rf2_20260926/B/task_298/ab_0_dldesign_0_best.pdb	0.5352868389938253	469	40	L:144PRO-T:232ALA	REJECT
/scratch/ghaedi/mab/rfantibody_b7h3_rf2_20260926/B/task_298/ab_0_dldesign_1_best.pdb	2.0290860011345035	55	0	H:50ARG-T:265GLN	PASS
/scratch/ghaedi/mab/rfantibody_b7h3_rf2_20260926/B/task_298/ab_0_dldesign_2_best.pdb	0.41183491838356867	1059	93	H:33TYR-T:266ASP	REJECT
/scratch/ghaedi/mab/rfantibody_b7h3_rf2_20260926/B/task_298/ab_0_dldesign_3_best.pdb	1.0248834080030758	95	6	L:209HIS-T:268HIS	REJECT
/scratch/ghaedi/mab/rfantibody_b7h3_rf2_20260926/B/task_299/ab_0_dldesign_0_best.pdb	1.5610064061367586	93	2	L:148GLU-T:269GLN	REJECT
/scratch/ghaedi/mab/rfantibody_b7h3_rf2_20260926/B/task_299/ab_0_dldesign_1_best.pdb	0.2723159929199882	2468	222	H:31ASP-T:274SER	REJECT
/scratch/ghaedi/mab/rfantibody_b7h3_rf2_20260926/B/task_299/ab_0_dldesign_2_best.pdb	2.0778435937288426	93	0	L:147ILE-T:269GLN	PASS
/scratch/ghaedi/mab/rfantibody_b7h3_rf2_20260926/B/task_299/ab_0_dldesign_3_best.pdb	1.0155166172938777	237	11	H:31ASP-T:272HIS	REJECT
/scratch/ghaedi/mab/rfantibody_b7h3_rf2_20260926/B/task_3/ab_0_dldesign_0_best.pdb	0.9740528733082211	491	24	H:103ASN-T:256SER	REJECT
/scratch/ghaedi/mab/rfantibody_b7h3_rf2_20260926/B/task_3/ab_0_dldesign_1_best.pdb	0.19596173095785727	396	34	H:33TYR-T:265GLN	REJECT
/scratch/ghaedi/mab/rfantibody_b7h3_rf2_20260926/B/task_3/ab_0_dldesign_2_best.pdb	0.5254379126024309	1434	134	L:209ASP-T:279SER	REJECT
/scratch/ghaedi/mab/rfantibody_b7h3_rf2_20260926/B/task_3/ab_0_dldesign_3_best.pdb	0.3489211945411168	288	25	H:55SER-T:275THR	REJECT
/scratch/ghaedi/mab/rfantibody_b7h3_rf2_20260926/B/task_30/ab_0_dldesign_0_best.pdb	2.442576303823488	51	0	H:1GLU-T:297ASP	PASS
/scratch/ghaedi/mab/rfantibody_b7h3_rf2_20260926/B/task_30/ab_0_dldesign_1_best.pdb	0.33985585179602185	1756	160	L:186SER-T:260THR	REJECT
/scratch/ghaedi/mab/rfantibody_b7h3_rf2_20260926/B/task_30/ab_0_dldesign_2_best.pdb	0.29859839249399905	1783	130	L:195THR-T:243GLY	REJECT
/scratch/ghaedi/mab/rfantibody_b7h3_rf2_20260926/B/task_30/ab_0_dldesign_3_best.pdb	0.5271090968670534	1219	145	H:103PRO-T:284ARG	REJECT
/scratch/ghaedi/mab/rfantibody_b7h3_rf2_20260926/B/task_31/ab_0_dldesign_0_best.pdb	1.8876726411112714	54	1	L:214PRO-T:274HIS	REJECT
/scratch/ghaedi/mab/rfantibody_b7h3_rf2_20260926/B/task_31/ab_0_dldesign_1_best.pdb	0.9565003920542844	171	11	H:104THR-T:274HIS	REJECT
/scratch/ghaedi/mab/rfantibody_b7h3_rf2_20260926/B/task_31/ab_0_dldesign_2_best.pdb	2.3432349434062307	32	0	H:103PRO-T:275SER	PASS
/scratch/ghaedi/mab/rfantibody_b7h3_rf2_20260926/B/task_31/ab_0_dldesign_3_best.pdb	0.5790699439618678	523	33	H:102SER-T:274HIS	REJECT
/scratch/ghaedi/mab/rfantibody_b7h3_rf2_20260926/B/task_32/ab_0_dldesign_0_best.pdb	1.3316309548820204	83	14	H:54SER-T:278GLN	REJECT
/scratch/ghaedi/mab/rfantibody_b7h3_rf2_20260926/B/task_32/ab_0_dldesign_1_best.pdb	0.4411836352359429	2742	228	H:94TYR-T:267GLN	REJECT
/scratch/ghaedi/mab/rfantibody_b7h3_rf2_20260926/B/task_32/ab_0_dldesign_2_best.pdb	0.4550274716981397	1918	159	L:174PRO-T:246LEU	REJECT
/scratch/ghaedi/mab/rfantibody_b7h3_rf2_20260926/B/task_32/ab_0_dldesign_3_best.pdb	0.4662810311389477	596	45	L:170SER-T:272SER	REJECT
/scratch/ghaedi/mab/rfantibody_b7h3_rf2_20260926/B/task_33/ab_0_dldesign_0_best.pdb	0.4381529413344156	986	65	H:19ARG-T:295ASP	REJECT
/scratch/ghaedi/mab/rfantibody_b7h3_rf2_20260926/B/task_33/ab_0_dldesign_1_best.pdb	0.5736593065574723	231	18	L:172TYR-T:244ASP	REJECT
/scratch/ghaedi/mab/rfantibody_b7h3_rf2_20260926/B/task_33/ab_0_dldesign_2_best.pdb	1.2749282332743272	222	8	H:103PRO-T:265ASN	REJECT
/scratch/ghaedi/mab/rfantibody_b7h3_rf2_20260926/B/task_33/ab_0_dldesign_3_best.pdb	1.6435659402652512	254	3	L:212LEU-T:270GLN	REJECT
/scratch/ghaedi/mab/rfantibody_b7h3_rf2_20260926/B/task_34/ab_0_dldesign_0_best.pdb	0.6833308130034824	765	59	L:163TYR-T:262LEU	REJECT
/scratch/ghaedi/mab/rfantibody_b7h3_rf2_20260926/B/task_34/ab_0_dldesign_1_best.pdb	0.6541933964814989	649	37	H:69THR-T:288GLU	REJECT
/scratch/ghaedi/mab/rfantibody_b7h3_rf2_20260926/B/task_34/ab_0_dldesign_2_best.pdb	1.5688632827623954	286	8	H:100ASN-T:275GLN	REJECT
/scratch/ghaedi/mab/rfantibody_b7h3_rf2_20260926/B/task_34/ab_0_dldesign_3_best.pdb	0.35267690596351764	2925	195	H:20LEU-T:288GLU	REJECT
/scratch/ghaedi/mab/rfantibody_b7h3_rf2_20260926/B/task_35/ab_0_dldesign_0_best.pdb	0.7120807538474823	313	24	H:100GLY-T:232GLN	REJECT
/scratch/ghaedi/mab/rfantibody_b7h3_rf2_20260926/B/task_35/ab_0_dldesign_1_best.pdb	0.373356398097046	1848	162	H:98ARG-T:275SER	REJECT
/scratch/ghaedi/mab/rfantibody_b7h3_rf2_20260926/B/task_35/ab_0_dldesign_2_best.pdb	1.0280102139570404	266	12	L:160TYR-T:259VAL	REJECT
/scratch/ghaedi/mab/rfantibody_b7h3_rf2_20260926/B/task_35/ab_0_dldesign_3_best.pdb	0.8416020437237561	257	11	L:142GLU-T:265HIS	REJECT
/scratch/ghaedi/mab/rfantibody_b7h3_rf2_20260926/B/task_36/ab_0_dldesign_0_best.pdb	0.45806658904574143	1051	89	L:185PHE-T:266HIS	REJECT
/scratch/ghaedi/mab/rfantibody_b7h3_rf2_20260926/B/task_36/ab_0_dldesign_1_best.pdb	0.7148538312130668	478	17	H:31ASP-T:268SER	REJECT
/scratch/ghaedi/mab/rfantibody_b7h3_rf2_20260926/B/task_36/ab_0_dldesign_2_best.pdb	0.7540669731529157	124	4	H:102ARG-T:268SER	REJECT
/scratch/ghaedi/mab/rfantibody_b7h3_rf2_20260926/B/task_36/ab_0_dldesign_3_best.pdb	1.4739681136306864	94	5	H:30ALA-T:263GLN	REJECT
/scratch/ghaedi/mab/rfantibody_b7h3_rf2_20260926/B/task_37/ab_0_dldesign_0_best.pdb	0.21134568838753265	1460	142	H:101THR-T:272HIS	REJECT
/scratch/ghaedi/mab/rfantibody_b7h3_rf2_20260926/B/task_37/ab_0_dldesign_1_best.pdb	0.9000211108635183	468	36	H:100LEU-T:255ASN	REJECT
/scratch/ghaedi/mab/rfantibody_b7h3_rf2_20260926/B/task_37/ab_0_dldesign_2_best.pdb	0.7994979674770901	725	33	H:50ARG-T:280GLN	REJECT
/scratch/ghaedi/mab/rfantibody_b7h3_rf2_20260926/B/task_37/ab_0_dldesign_3_best.pdb	0.1735309770617335	991	60	L:150LEU-T:278THR	REJECT
/scratch/ghaedi/mab/rfantibody_b7h3_rf2_20260926/B/task_38/ab_0_dldesign_0_best.pdb	0.5610597116172221	151	6	H:103ASN-T:264SER	REJECT
/scratch/ghaedi/mab/rfantibody_b7h3_rf2_20260926/B/task_38/ab_0_dldesign_1_best.pdb	2.6314988124641077	55	0	H:101GLU-T:277HIS	PASS
/scratch/ghaedi/mab/rfantibody_b7h3_rf2_20260926/B/task_38/ab_0_dldesign_2_best.pdb	1.433324108497447	126	3	H:105TRP-T:260ASN	REJECT
/scratch/ghaedi/mab/rfantibody_b7h3_rf2_20260926/B/task_38/ab_0_dldesign_3_best.pdb	1.0277918077120471	149	9	L:175THR-T:268ARG	REJECT
/scratch/ghaedi/mab/rfantibody_b7h3_rf2_20260926/B/task_39/ab_0_dldesign_0_best.pdb	0.07142828571371243	1154	91	L:141ASP-T:258PRO	REJECT
/scratch/ghaedi/mab/rfantibody_b7h3_rf2_20260926/B/task_39/ab_0_dldesign_1_best.pdb	0.1126321446124511	580	42	H:52ASN-T:230ASN	REJECT
/scratch/ghaedi/mab/rfantibody_b7h3_rf2_20260926/B/task_39/ab_0_dldesign_2_best.pdb	1.0853474098186264	540	29	L:205LEU-T:262GLN	REJECT
/scratch/ghaedi/mab/rfantibody_b7h3_rf2_20260926/B/task_39/ab_0_dldesign_3_best.pdb	0.40757944010953334	261	18	L:205LEU-T:265HIS	REJECT
/scratch/ghaedi/mab/rfantibody_b7h3_rf2_20260926/B/task_4/ab_0_dldesign_0_best.pdb	0.1395349418604531	2215	192	L:140SER-T:266GLN	REJECT
/scratch/ghaedi/mab/rfantibody_b7h3_rf2_20260926/B/task_4/ab_0_dldesign_1_best.pdb	0.29828342226815147	1492	101	L:142SER-T:265GLN	REJECT
/scratch/ghaedi/mab/rfantibody_b7h3_rf2_20260926/B/task_4/ab_0_dldesign_2_best.pdb	1.2682653507842876	355	19	H:33TYR-T:258LEU	REJECT
/scratch/ghaedi/mab/rfantibody_b7h3_rf2_20260926/B/task_4/ab_0_dldesign_3_best.pdb	0.9910585250125258	143	2	L:142SER-T:232MET	REJECT
/scratch/ghaedi/mab/rfantibody_b7h3_rf2_20260926/B/task_40/ab_0_dldesign_0_best.pdb	0.41495662423920904	251	22	L:208GLU-T:271VAL	REJECT
/scratch/ghaedi/mab/rfantibody_b7h3_rf2_20260926/B/task_40/ab_0_dldesign_1_best.pdb	1.6419171720887764	123	1	L:181ARG-T:239ASP	REJECT
/scratch/ghaedi/mab/rfantibody_b7h3_rf2_20260926/B/task_40/ab_0_dldesign_2_best.pdb	0.46370356910422944	608	49	H:33TYR-T:266ASP	REJECT
/scratch/ghaedi/mab/rfantibody_b7h3_rf2_20260926/B/task_40/ab_0_dldesign_3_best.pdb	0.14550601362142915	1647	129	H:51ILE-T:266ASP	REJECT
/scratch/ghaedi/mab/rfantibody_b7h3_rf2_20260926/B/task_41/ab_0_dldesign_0_best.pdb	0.22046088088366078	3646	330	L:218GLY-T:232MET	REJECT
/scratch/ghaedi/mab/rfantibody_b7h3_rf2_20260926/B/task_41/ab_0_dldesign_1_best.pdb	1.2604578533215625	90	6	L:209LEU-T:269HIS	REJECT
/scratch/ghaedi/mab/rfantibody_b7h3_rf2_20260926/B/task_41/ab_0_dldesign_2_best.pdb	1.0522361902158675	61	3	L:147ILE-T:269HIS	REJECT
/scratch/ghaedi/mab/rfantibody_b7h3_rf2_20260926/B/task_41/ab_0_dldesign_3_best.pdb	0.31473322036289697	2096	215	H:29ILE-T:260ARG	REJECT
/scratch/ghaedi/mab/rfantibody_b7h3_rf2_20260926/B/task_42/ab_0_dldesign_0_best.pdb	0.2823136553551736	1018	70	L:164LYS-T:268VAL	REJECT
/scratch/ghaedi/mab/rfantibody_b7h3_rf2_20260926/B/task_42/ab_0_dldesign_1_best.pdb	0.40579428285770586	495	37	H:75SER-T:232GLN	REJECT
/scratch/ghaedi/mab/rfantibody_b7h3_rf2_20260926/B/task_42/ab_0_dldesign_2_best.pdb	0.7106658849276503	313	22	L:204GLU-T:262GLN	REJECT
/scratch/ghaedi/mab/rfantibody_b7h3_rf2_20260926/B/task_42/ab_0_dldesign_3_best.pdb	0.7917133319579756	695	44	L:174SER-T:286GLU	REJECT
/scratch/ghaedi/mab/rfantibody_b7h3_rf2_20260926/B/task_43/ab_0_dldesign_0_best.pdb	0.5549495472563253	341	19	L:210ILE-T:253ASN	REJECT
/scratch/ghaedi/mab/rfantibody_b7h3_rf2_20260926/B/task_43/ab_0_dldesign_1_best.pdb	0.4727377708624515	1228	92	H:1GLU-T:290PRO	REJECT
/scratch/ghaedi/mab/rfantibody_b7h3_rf2_20260926/B/task_43/ab_0_dldesign_2_best.pdb	0.6098639192475641	304	25	L:145SER-T:271SER	REJECT
/scratch/ghaedi/mab/rfantibody_b7h3_rf2_20260926/B/task_43/ab_0_dldesign_3_best.pdb	0.23555254190944389	395	34	L:144GLU-T:274THR	REJECT
/scratch/ghaedi/mab/rfantibody_b7h3_rf2_20260926/B/task_44/ab_0_dldesign_0_best.pdb	0.6079917762601726	769	42	L:122ILE-T:251VAL	REJECT
/scratch/ghaedi/mab/rfantibody_b7h3_rf2_20260926/B/task_44/ab_0_dldesign_1_best.pdb	1.2119113003846451	147	5	H:102PRO-T:281GLN	REJECT
/scratch/ghaedi/mab/rfantibody_b7h3_rf2_20260926/B/task_44/ab_0_dldesign_2_best.pdb	0.3790118731649434	3587	312	L:131LEU-T:233THR	REJECT
/scratch/ghaedi/mab/rfantibody_b7h3_rf2_20260926/B/task_44/ab_0_dldesign_3_best.pdb	0.40784923685107083	1238	109	H:98ARG-T:294GLU	REJECT
/scratch/ghaedi/mab/rfantibody_b7h3_rf2_20260926/B/task_45/ab_0_dldesign_0_best.pdb	0.29710267585466144	2177	175	H:57SER-T:270THR	REJECT
/scratch/ghaedi/mab/rfantibody_b7h3_rf2_20260926/B/task_45/ab_0_dldesign_1_best.pdb	1.2104792439360528	58	4	L:207GLU-T:263GLN	REJECT
/scratch/ghaedi/mab/rfantibody_b7h3_rf2_20260926/B/task_45/ab_0_dldesign_2_best.pdb	0.08414867794564526	2508	248	L:209SER-T:246LEU	REJECT
/scratch/ghaedi/mab/rfantibody_b7h3_rf2_20260926/B/task_45/ab_0_dldesign_3_best.pdb	0.09992497185388596	4510	457	H:59ARG-T:273PRO	REJECT
/scratch/ghaedi/mab/rfantibody_b7h3_rf2_20260926/B/task_46/ab_0_dldesign_0_best.pdb	0.49719613835990467	183	17	L:150PHE-T:270HIS	REJECT
/scratch/ghaedi/mab/rfantibody_b7h3_rf2_20260926/B/task_46/ab_0_dldesign_1_best.pdb	0.9762197498514369	294	11	H:101TRP-T:270HIS	REJECT
/scratch/ghaedi/mab/rfantibody_b7h3_rf2_20260926/B/task_46/ab_0_dldesign_2_best.pdb	0.6853480867413301	198	9	H:102PHE-T:240PHE	REJECT
/scratch/ghaedi/mab/rfantibody_b7h3_rf2_20260926/B/task_46/ab_0_dldesign_3_best.pdb	0.5715146542303203	316	26	H:52HIS-T:267GLN	REJECT
/scratch/ghaedi/mab/rfantibody_b7h3_rf2_20260926/B/task_48/ab_0_dldesign_0_best.pdb	0.2683300206834865	3705	358	L:167ILE-T:259LEU	REJECT
/scratch/ghaedi/mab/rfantibody_b7h3_rf2_20260926/B/task_48/ab_0_dldesign_1_best.pdb	0.7115462037000844	131	17	H:30GLY-T:270HIS	REJECT
/scratch/ghaedi/mab/rfantibody_b7h3_rf2_20260926/B/task_48/ab_0_dldesign_2_best.pdb	0.5823169240199029	383	30	L:189ASP-T:239LEU	REJECT
/scratch/ghaedi/mab/rfantibody_b7h3_rf2_20260926/B/task_48/ab_0_dldesign_3_best.pdb	0.23967895193362254	475	46	H:30GLY-T:265LEU	REJECT
/scratch/ghaedi/mab/rfantibody_b7h3_rf2_20260926/B/task_49/ab_0_dldesign_0_best.pdb	1.1799038096387349	242	9	H:33TYR-T:270THR	REJECT
/scratch/ghaedi/mab/rfantibody_b7h3_rf2_20260926/B/task_49/ab_0_dldesign_1_best.pdb	0.43925049800768595	1480	127	L:143SER-T:246LEU	REJECT
/scratch/ghaedi/mab/rfantibody_b7h3_rf2_20260926/B/task_49/ab_0_dldesign_2_best.pdb	0.5601615838309512	271	17	L:180ARG-T:263GLN	REJECT
/scratch/ghaedi/mab/rfantibody_b7h3_rf2_20260926/B/task_49/ab_0_dldesign_3_best.pdb	4.5384073197543655	0	0	L:206SER-T:263GLN	PASS
/scratch/ghaedi/mab/rfantibody_b7h3_rf2_20260926/B/task_5/ab_0_dldesign_0_best.pdb	0.6804777733328244	1105	102	H:101SER-T:283GLN	REJECT
/scratch/ghaedi/mab/rfantibody_b7h3_rf2_20260926/B/task_5/ab_0_dldesign_1_best.pdb	0.3683164400349235	423	33	H:105SER-T:275HIS	REJECT
/scratch/ghaedi/mab/rfantibody_b7h3_rf2_20260926/B/task_5/ab_0_dldesign_2_best.pdb	2.81056257713647	50	0	H:103LYS-T:270LEU	PASS
/scratch/ghaedi/mab/rfantibody_b7h3_rf2_20260926/B/task_5/ab_0_dldesign_3_best.pdb	0.6970817742560774	246	19	H:102VAL-T:260THR	REJECT
/scratch/ghaedi/mab/rfantibody_b7h3_rf2_20260926/B/task_50/ab_0_dldesign_0_best.pdb	3.7497729264583493	14	0	L:144GLY-T:265GLN	PASS
/scratch/ghaedi/mab/rfantibody_b7h3_rf2_20260926/B/task_50/ab_0_dldesign_1_best.pdb	0.29842419472958287	980	95	L:208PRO-T:250ALA	REJECT
/scratch/ghaedi/mab/rfantibody_b7h3_rf2_20260926/B/task_50/ab_0_dldesign_2_best.pdb	2.446020645865443	61	0	L:210GLN-T:268HIS	PASS
/scratch/ghaedi/mab/rfantibody_b7h3_rf2_20260926/B/task_50/ab_0_dldesign_3_best.pdb	0.32867308986286026	1822	161	H:60TYR-T:274THR	REJECT
/scratch/ghaedi/mab/rfantibody_b7h3_rf2_20260926/B/task_51/ab_0_dldesign_0_best.pdb	0.9361036267422526	286	13	L:146SER-T:268GLN	REJECT
/scratch/ghaedi/mab/rfantibody_b7h3_rf2_20260926/B/task_51/ab_0_dldesign_1_best.pdb	0.35593398264284865	3999	366	L:203TYR-T:243VAL	REJECT
/scratch/ghaedi/mab/rfantibody_b7h3_rf2_20260926/B/task_51/ab_0_dldesign_2_best.pdb	0.6502653304613434	78	8	H:102GLY-T:271HIS	REJECT
/scratch/ghaedi/mab/rfantibody_b7h3_rf2_20260926/B/task_51/ab_0_dldesign_3_best.pdb	0.219768059553705	4753	435	L:155GLN-T:234MET	REJECT
/scratch/ghaedi/mab/rfantibody_b7h3_rf2_20260926/B/task_52/ab_0_dldesign_0_best.pdb	2.166326845145949	123	0	H:31ASP-T:274SER	PASS
/scratch/ghaedi/mab/rfantibody_b7h3_rf2_20260926/B/task_52/ab_0_dldesign_1_best.pdb	1.954768784281149	34	1	L:150THR-T:273SER	REJECT
/scratch/ghaedi/mab/rfantibody_b7h3_rf2_20260926/B/task_52/ab_0_dldesign_2_best.pdb	2.405594728959972	40	0	H:101ARG-T:255ASN	PASS
/scratch/ghaedi/mab/rfantibody_b7h3_rf2_20260926/B/task_52/ab_0_dldesign_3_best.pdb	2.506612854032309	110	0	H:57VAL-T:263ARG	PASS
/scratch/ghaedi/mab/rfantibody_b7h3_rf2_20260926/B/task_53/ab_0_dldesign_0_best.pdb	0.7887483755926227	256	9	H:101GLU-T:256ASN	REJECT
/scratch/ghaedi/mab/rfantibody_b7h3_rf2_20260926/B/task_53/ab_0_dldesign_1_best.pdb	4.103119057497602	1	0	H:101GLU-T:244ASP	PASS
/scratch/ghaedi/mab/rfantibody_b7h3_rf2_20260926/B/task_53/ab_0_dldesign_2_best.pdb	0.7669706643672892	292	20	L:148SER-T:294GLU	REJECT
/scratch/ghaedi/mab/rfantibody_b7h3_rf2_20260926/B/task_53/ab_0_dldesign_3_best.pdb	0.49328794836282025	849	69	H:53PRO-T:315PRO	REJECT
/scratch/ghaedi/mab/rfantibody_b7h3_rf2_20260926/B/task_54/ab_0_dldesign_0_best.pdb	0.08670640114778218	1726	133	L:195LEU-T:239ASN	REJECT
/scratch/ghaedi/mab/rfantibody_b7h3_rf2_20260926/B/task_54/ab_0_dldesign_1_best.pdb	0.8912984909669728	1251	81	H:1GLU-T:291VAL	REJECT
/scratch/ghaedi/mab/rfantibody_b7h3_rf2_20260926/B/task_54/ab_0_dldesign_2_best.pdb	1.9932689231511134	16	1	H:101SER-T:277VAL	REJECT
/scratch/ghaedi/mab/rfantibody_b7h3_rf2_20260926/B/task_54/ab_0_dldesign_3_best.pdb	0.2933768907054553	3930	373	H:91THR-T:233THR	REJECT
/scratch/ghaedi/mab/rfantibody_b7h3_rf2_20260926/B/task_55/ab_0_dldesign_0_best.pdb	0.30537517908304196	2435	202	L:123ASP-T:262TYR	REJECT
/scratch/ghaedi/mab/rfantibody_b7h3_rf2_20260926/B/task_55/ab_0_dldesign_1_best.pdb	1.6113115775665512	151	2	H:50ARG-T:273GLN	REJECT
/scratch/ghaedi/mab/rfantibody_b7h3_rf2_20260926/B/task_55/ab_0_dldesign_2_best.pdb	0.8810567518610829	70	5	L:150VAL-T:243GLN	REJECT
/scratch/ghaedi/mab/rfantibody_b7h3_rf2_20260926/B/task_55/ab_0_dldesign_3_best.pdb	1.7319734409049128	67	1	L:150VAL-T:247ASP	REJECT
/scratch/ghaedi/mab/rfantibody_b7h3_rf2_20260926/B/task_56/ab_0_dldesign_0_best.pdb	0.5147679088676775	376	29	H:102SER-T:297PRO	REJECT
/scratch/ghaedi/mab/rfantibody_b7h3_rf2_20260926/B/task_56/ab_0_dldesign_1_best.pdb	1.1923405553783708	39	1	L:173SER-T:259THR	REJECT
/scratch/ghaedi/mab/rfantibody_b7h3_rf2_20260926/B/task_56/ab_0_dldesign_2_best.pdb	0.34842502780368734	649	63	L:175ARG-T:295GLU	REJECT
/scratch/ghaedi/mab/rfantibody_b7h3_rf2_20260926/B/task_56/ab_0_dldesign_3_best.pdb	0.17428998823799383	736	74	L:149VAL-T:259THR	REJECT
/scratch/ghaedi/mab/rfantibody_b7h3_rf2_20260926/B/task_57/ab_0_dldesign_0_best.pdb	0.4483726129013676	372	32	H:101GLY-T:268ASP	REJECT
/scratch/ghaedi/mab/rfantibody_b7h3_rf2_20260926/B/task_57/ab_0_dldesign_1_best.pdb	0.26152820115620373	3130	227	L:198PRO-T:241ASP	REJECT
/scratch/ghaedi/mab/rfantibody_b7h3_rf2_20260926/B/task_57/ab_0_dldesign_2_best.pdb	0.27103320829743466	520	30	H:28ASP-T:269ALA	REJECT
/scratch/ghaedi/mab/rfantibody_b7h3_rf2_20260926/B/task_57/ab_0_dldesign_3_best.pdb	0.4855110709345346	300	18	H:100SER-T:291GLU	REJECT
/scratch/ghaedi/mab/rfantibody_b7h3_rf2_20260926/B/task_58/ab_0_dldesign_0_best.pdb	0.30696905381487466	1863	120	L:167ASN-T:253TYR	REJECT
/scratch/ghaedi/mab/rfantibody_b7h3_rf2_20260926/B/task_58/ab_0_dldesign_1_best.pdb	0.7126247259252233	202	11	H:59ARG-T:262LEU	REJECT
/scratch/ghaedi/mab/rfantibody_b7h3_rf2_20260926/B/task_58/ab_0_dldesign_2_best.pdb	3.2516778745749084	15	0	H:54ALA-T:271THR	PASS
/scratch/ghaedi/mab/rfantibody_b7h3_rf2_20260926/B/task_58/ab_0_dldesign_3_best.pdb	1.8589257650589495	65	1	H:31ASP-T:308GLU	REJECT
/scratch/ghaedi/mab/rfantibody_b7h3_rf2_20260926/B/task_59/ab_0_dldesign_0_best.pdb	0.22200450445880685	2286	221	L:187LEU-T:234GLU	REJECT
/scratch/ghaedi/mab/rfantibody_b7h3_rf2_20260926/B/task_59/ab_0_dldesign_1_best.pdb	0.5433608377496502	742	79	H:51ILE-T:264GLN	REJECT
/scratch/ghaedi/mab/rfantibody_b7h3_rf2_20260926/B/task_59/ab_0_dldesign_2_best.pdb	0.2616753714051055	2864	237	L:121GLN-T:270SER	REJECT
/scratch/ghaedi/mab/rfantibody_b7h3_rf2_20260926/B/task_59/ab_0_dldesign_3_best.pdb	0.918954841110269	320	22	L:143PRO-T:237LEU	REJECT
/scratch/ghaedi/mab/rfantibody_b7h3_rf2_20260926/B/task_6/ab_0_dldesign_0_best.pdb	0.6620581545453544	534	40	L:145GLY-T:266LEU	REJECT
/scratch/ghaedi/mab/rfantibody_b7h3_rf2_20260926/B/task_6/ab_0_dldesign_1_best.pdb	1.2472377479855252	226	4	H:55THR-T:284GLY	REJECT
/scratch/ghaedi/mab/rfantibody_b7h3_rf2_20260926/B/task_6/ab_0_dldesign_2_best.pdb	0.4693197204465206	467	49	L:211SER-T:268GLN	REJECT
/scratch/ghaedi/mab/rfantibody_b7h3_rf2_20260926/B/task_6/ab_0_dldesign_3_best.pdb	0.6817521543787014	307	24	L:211GLU-T:271HIS	REJECT
/scratch/ghaedi/mab/rfantibody_b7h3_rf2_20260926/B/task_60/ab_0_dldesign_0_best.pdb	0.3136542682636405	1071	100	H:54GLY-T:253ALA	REJECT
/scratch/ghaedi/mab/rfantibody_b7h3_rf2_20260926/B/task_60/ab_0_dldesign_1_best.pdb	0.4861080126885386	1597	116	H:100SER-T:292GLU	REJECT
/scratch/ghaedi/mab/rfantibody_b7h3_rf2_20260926/B/task_60/ab_0_dldesign_2_best.pdb	0.273206881318901	1089	109	H:53VAL-T:264PRO	REJECT
/scratch/ghaedi/mab/rfantibody_b7h3_rf2_20260926/B/task_60/ab_0_dldesign_3_best.pdb	0.4867946178831474	1677	146	L:212ASP-T:277THR	REJECT
/scratch/ghaedi/mab/rfantibody_b7h3_rf2_20260926/B/task_61/ab_0_dldesign_0_best.pdb	0.7787175354388794	162	14	H:101VAL-T:275HIS	REJECT
/scratch/ghaedi/mab/rfantibody_b7h3_rf2_20260926/B/task_61/ab_0_dldesign_1_best.pdb	0.2543796375498629	438	51	L:152ARG-T:275HIS	REJECT
/scratch/ghaedi/mab/rfantibody_b7h3_rf2_20260926/B/task_61/ab_0_dldesign_2_best.pdb	0.7811593947460403	180	5	H:57ALA-T:266ARG	REJECT
/scratch/ghaedi/mab/rfantibody_b7h3_rf2_20260926/B/task_61/ab_0_dldesign_3_best.pdb	0.24248917501612305	227	24	L:153SER-T:272GLN	REJECT
/scratch/ghaedi/mab/rfantibody_b7h3_rf2_20260926/B/task_62/ab_0_dldesign_0_best.pdb	1.312185962430631	253	9	H:106ARG-T:288GLU	REJECT
/scratch/ghaedi/mab/rfantibody_b7h3_rf2_20260926/B/task_62/ab_0_dldesign_1_best.pdb	0.41188590653237867	703	41	H:31SER-T:258ARG	REJECT
/scratch/ghaedi/mab/rfantibody_b7h3_rf2_20260926/B/task_62/ab_0_dldesign_2_best.pdb	0.6103007455345295	1260	119	H:57SER-T:264GLN	REJECT
/scratch/ghaedi/mab/rfantibody_b7h3_rf2_20260926/B/task_62/ab_0_dldesign_3_best.pdb	0.5362965597502967	1094	95	H:52SER-T:264GLN	REJECT
/scratch/ghaedi/mab/rfantibody_b7h3_rf2_20260926/B/task_63/ab_0_dldesign_0_best.pdb	1.5437030154793376	273	10	L:216ASP-T:262THR	REJECT
/scratch/ghaedi/mab/rfantibody_b7h3_rf2_20260926/B/task_63/ab_0_dldesign_1_best.pdb	2.145760471254889	98	0	H:102SER-T:264SER	PASS
/scratch/ghaedi/mab/rfantibody_b7h3_rf2_20260926/B/task_63/ab_0_dldesign_2_best.pdb	0.2111255550614384	1966	209	L:150PRO-T:261GLY	REJECT
/scratch/ghaedi/mab/rfantibody_b7h3_rf2_20260926/B/task_63/ab_0_dldesign_3_best.pdb	2.731897692081459	26	0	L:173SER-T:277HIS	PASS
/scratch/ghaedi/mab/rfantibody_b7h3_rf2_20260926/B/task_64/ab_0_dldesign_0_best.pdb	2.7110189966136353	29	0	H:101PHE-T:259THR	PASS
/scratch/ghaedi/mab/rfantibody_b7h3_rf2_20260926/B/task_64/ab_0_dldesign_1_best.pdb	2.3546732257364296	52	0	H:102GLY-T:259THR	PASS
/scratch/ghaedi/mab/rfantibody_b7h3_rf2_20260926/B/task_64/ab_0_dldesign_2_best.pdb	2.8541567931702683	28	0	L:216ASP-T:274HIS	PASS
/scratch/ghaedi/mab/rfantibody_b7h3_rf2_20260926/B/task_64/ab_0_dldesign_3_best.pdb	0.20332732231552153	2453	237	L:147PRO-T:277VAL	REJECT
/scratch/ghaedi/mab/rfantibody_b7h3_rf2_20260926/B/task_65/ab_0_dldesign_0_best.pdb	0.3238688005967849	3352	332	H:103ASP-T:281GLN	REJECT
/scratch/ghaedi/mab/rfantibody_b7h3_rf2_20260926/B/task_65/ab_0_dldesign_1_best.pdb	2.069138951351504	51	0	L:169TYR-T:236MET	PASS
/scratch/ghaedi/mab/rfantibody_b7h3_rf2_20260926/B/task_65/ab_0_dldesign_2_best.pdb	1.4225969211269929	101	1	H:103ASP-T:274SER	REJECT
/scratch/ghaedi/mab/rfantibody_b7h3_rf2_20260926/B/task_65/ab_0_dldesign_3_best.pdb	2.367322749436586	16	0	H:1GLU-T:270GLN	PASS
/scratch/ghaedi/mab/rfantibody_b7h3_rf2_20260926/B/task_66/ab_0_dldesign_0_best.pdb	0.5913137914846911	890	64	L:212SER-T:249ARG	REJECT
/scratch/ghaedi/mab/rfantibody_b7h3_rf2_20260926/B/task_66/ab_0_dldesign_1_best.pdb	0.8779988610470966	432	27	L:212GLU-T:281ARG	REJECT
/scratch/ghaedi/mab/rfantibody_b7h3_rf2_20260926/B/task_66/ab_0_dldesign_2_best.pdb	2.9099407210457056	51	0	L:212SER-T:274SER	PASS
/scratch/ghaedi/mab/rfantibody_b7h3_rf2_20260926/B/task_66/ab_0_dldesign_3_best.pdb	0.3620069060114737	3124	276	H:53PRO-T:311SER	REJECT
/scratch/ghaedi/mab/rfantibody_b7h3_rf2_20260926/B/task_67/ab_0_dldesign_0_best.pdb	0.5222537697326852	318	35	L:145PRO-T:269HIS	REJECT
/scratch/ghaedi/mab/rfantibody_b7h3_rf2_20260926/B/task_67/ab_0_dldesign_1_best.pdb	0.6540290513425218	325	25	H:32HIS-T:273THR	REJECT
/scratch/ghaedi/mab/rfantibody_b7h3_rf2_20260926/B/task_67/ab_0_dldesign_2_best.pdb	0.34537660604041953	708	67	H:30THR-T:264LEU	REJECT
/scratch/ghaedi/mab/rfantibody_b7h3_rf2_20260926/B/task_67/ab_0_dldesign_3_best.pdb	2.11176537522519	50	0	H:33TYR-T:269HIS	PASS
/scratch/ghaedi/mab/rfantibody_b7h3_rf2_20260926/B/task_68/ab_0_dldesign_0_best.pdb	0.12194260945215162	468	43	H:101TRP-T:272GLN	REJECT
/scratch/ghaedi/mab/rfantibody_b7h3_rf2_20260926/B/task_68/ab_0_dldesign_1_best.pdb	0.5989741229802853	1346	122	H:51ILE-T:229ASN	REJECT
/scratch/ghaedi/mab/rfantibody_b7h3_rf2_20260926/B/task_68/ab_0_dldesign_2_best.pdb	0.13577186748365802	3572	360	L:174PHE-T:299ARG	REJECT
/scratch/ghaedi/mab/rfantibody_b7h3_rf2_20260926/B/task_68/ab_0_dldesign_3_best.pdb	1.9363527571183898	34	1	L:162ASN-T:261GLN	REJECT
/scratch/ghaedi/mab/rfantibody_b7h3_rf2_20260926/B/task_69/ab_0_dldesign_0_best.pdb	2.9652612026598955	27	0	H:101LEU-T:277SER	PASS
/scratch/ghaedi/mab/rfantibody_b7h3_rf2_20260926/B/task_69/ab_0_dldesign_1_best.pdb	2.7500263635099955	34	0	L:216GLU-T:244LEU	PASS
/scratch/ghaedi/mab/rfantibody_b7h3_rf2_20260926/B/task_69/ab_0_dldesign_2_best.pdb	0.4996138508888646	752	69	H:103LEU-T:262SER	REJECT
/scratch/ghaedi/mab/rfantibody_b7h3_rf2_20260926/B/task_69/ab_0_dldesign_3_best.pdb	0.15977797094718654	1376	129	H:31GLN-T:267ASN	REJECT
/scratch/ghaedi/mab/rfantibody_b7h3_rf2_20260926/B/task_7/ab_0_dldesign_0_best.pdb	1.6105045793166808	104	4	L:185SER-T:237GLU	REJECT
/scratch/ghaedi/mab/rfantibody_b7h3_rf2_20260926/B/task_7/ab_0_dldesign_1_best.pdb	2.559864058890629	61	0	H:57GLU-T:271HIS	PASS
/scratch/ghaedi/mab/rfantibody_b7h3_rf2_20260926/B/task_7/ab_0_dldesign_2_best.pdb	0.37290883604441355	1062	77	L:164LEU-T:237GLU	REJECT
/scratch/ghaedi/mab/rfantibody_b7h3_rf2_20260926/B/task_7/ab_0_dldesign_3_best.pdb	0.2491365087657777	476	45	L:167TYR-T:237GLU	REJECT
/scratch/ghaedi/mab/rfantibody_b7h3_rf2_20260926/B/task_70/ab_0_dldesign_0_best.pdb	1.2209823913554199	231	7	H:57TYR-T:238MET	REJECT
/scratch/ghaedi/mab/rfantibody_b7h3_rf2_20260926/B/task_70/ab_0_dldesign_1_best.pdb	0.5219406096482626	1214	104	L:214PRO-T:255LEU	REJECT
/scratch/ghaedi/mab/rfantibody_b7h3_rf2_20260926/B/task_70/ab_0_dldesign_2_best.pdb	0.32567929009993835	1856	202	L:192PHE-T:262SER	REJECT
/scratch/ghaedi/mab/rfantibody_b7h3_rf2_20260926/B/task_70/ab_0_dldesign_3_best.pdb	0.5218246832030853	870	59	L:141THR-T:297ASP	REJECT
/scratch/ghaedi/mab/rfantibody_b7h3_rf2_20260926/B/task_71/ab_0_dldesign_0_best.pdb	0.6704125595482241	141	11	L:144GLU-T:236GLN	REJECT
/scratch/ghaedi/mab/rfantibody_b7h3_rf2_20260926/B/task_71/ab_0_dldesign_1_best.pdb	0.517682335027959	1047	98	L:170ARG-T:239PHE	REJECT
/scratch/ghaedi/mab/rfantibody_b7h3_rf2_20260926/B/task_71/ab_0_dldesign_2_best.pdb	0.37408555171243796	509	46	H:2VAL-T:235GLU	REJECT
/scratch/ghaedi/mab/rfantibody_b7h3_rf2_20260926/B/task_71/ab_0_dldesign_3_best.pdb	0.35672398293358354	1520	141	H:32SER-T:271SER	REJECT
/scratch/ghaedi/mab/rfantibody_b7h3_rf2_20260926/B/task_72/ab_0_dldesign_0_best.pdb	0.9930372601267293	97	2	H:102PRO-T:254ASN	REJECT
/scratch/ghaedi/mab/rfantibody_b7h3_rf2_20260926/B/task_72/ab_0_dldesign_1_best.pdb	0.489764228991871	441	52	L:150GLU-T:269ASP	REJECT
/scratch/ghaedi/mab/rfantibody_b7h3_rf2_20260926/B/task_72/ab_0_dldesign_2_best.pdb	0.9132589994081634	161	8	H:102PRO-T:268GLN	REJECT
/scratch/ghaedi/mab/rfantibody_b7h3_rf2_20260926/B/task_72/ab_0_dldesign_3_best.pdb	0.4063815940713849	1213	94	L:211GLU-T:259CYS	REJECT
/scratch/ghaedi/mab/rfantibody_b7h3_rf2_20260926/B/task_73/ab_0_dldesign_0_best.pdb	0.5201134491627765	597	52	L:166TYR-T:271HIS	REJECT
/scratch/ghaedi/mab/rfantibody_b7h3_rf2_20260926/B/task_73/ab_0_dldesign_1_best.pdb	0.31269953629642533	3147	239	L:184SER-T:245SER	REJECT
/scratch/ghaedi/mab/rfantibody_b7h3_rf2_20260926/B/task_73/ab_0_dldesign_2_best.pdb	0.1372807342637691	2819	255	H:38ARG-T:237GLU	REJECT
/scratch/ghaedi/mab/rfantibody_b7h3_rf2_20260926/B/task_73/ab_0_dldesign_3_best.pdb	1.7795134166395044	117	1	H:101GLY-T:254ASN	REJECT
/scratch/ghaedi/mab/rfantibody_b7h3_rf2_20260926/B/task_74/ab_0_dldesign_0_best.pdb	0.1510297983842926	1526	145	H:33TYR-T:253ALA	REJECT
/scratch/ghaedi/mab/rfantibody_b7h3_rf2_20260926/B/task_74/ab_0_dldesign_1_best.pdb	2.7848779147388134	9	0	L:211PHE-T:269ASP	PASS
/scratch/ghaedi/mab/rfantibody_b7h3_rf2_20260926/B/task_74/ab_0_dldesign_2_best.pdb	0.8114339159783742	361	27	L:213GLU-T:268GLN	REJECT
/scratch/ghaedi/mab/rfantibody_b7h3_rf2_20260926/B/task_74/ab_0_dldesign_3_best.pdb	0.6652623542633391	158	8	L:211PHE-T:254ASN	REJECT
/scratch/ghaedi/mab/rfantibody_b7h3_rf2_20260926/B/task_75/ab_0_dldesign_0_best.pdb	1.027050631663308	263	9	L:150LEU-T:244VAL	REJECT
/scratch/ghaedi/mab/rfantibody_b7h3_rf2_20260926/B/task_75/ab_0_dldesign_1_best.pdb	0.6027735893351662	285	13	L:186ARG-T:243ASP	REJECT
/scratch/ghaedi/mab/rfantibody_b7h3_rf2_20260926/B/task_75/ab_0_dldesign_2_best.pdb	0.6554471755984609	94	7	L:186ARG-T:245HIS	REJECT
/scratch/ghaedi/mab/rfantibody_b7h3_rf2_20260926/B/task_75/ab_0_dldesign_3_best.pdb	0.4315298367436469	986	102	H:56GLY-T:274SER	REJECT
/scratch/ghaedi/mab/rfantibody_b7h3_rf2_20260926/B/task_76/ab_0_dldesign_0_best.pdb	3.93950974107185	1	0	L:150SER-T:268GLN	PASS
/scratch/ghaedi/mab/rfantibody_b7h3_rf2_20260926/B/task_76/ab_0_dldesign_1_best.pdb	0.34079319242027095	394	28	H:28ASP-T:272SER	REJECT
/scratch/ghaedi/mab/rfantibody_b7h3_rf2_20260926/B/task_76/ab_0_dldesign_2_best.pdb	2.437700760963085	26	0	L:148PRO-T:280ARG	PASS
/scratch/ghaedi/mab/rfantibody_b7h3_rf2_20260926/B/task_76/ab_0_dldesign_3_best.pdb	2.4306577299159167	12	0	H:103ARG-T:272SER	PASS
/scratch/ghaedi/mab/rfantibody_b7h3_rf2_20260926/B/task_77/ab_0_dldesign_0_best.pdb	1.5102138921358101	80	1	L:209HIS-T:267GLN	REJECT
/scratch/ghaedi/mab/rfantibody_b7h3_rf2_20260926/B/task_77/ab_0_dldesign_1_best.pdb	0.8757374035634209	636	52	H:56GLY-T:265LEU	REJECT
/scratch/ghaedi/mab/rfantibody_b7h3_rf2_20260926/B/task_77/ab_0_dldesign_2_best.pdb	0.1485294583575941	1290	135	L:189PHE-T:266GLN	REJECT
/scratch/ghaedi/mab/rfantibody_b7h3_rf2_20260926/B/task_77/ab_0_dldesign_3_best.pdb	2.2345131460790286	90	0	H:54ALA-T:255THR	PASS
/scratch/ghaedi/mab/rfantibody_b7h3_rf2_20260926/B/task_78/ab_0_dldesign_0_best.pdb	0.6090476171860442	706	67	H:55LEU-T:264ARG	REJECT
/scratch/ghaedi/mab/rfantibody_b7h3_rf2_20260926/B/task_78/ab_0_dldesign_1_best.pdb	1.7695674612740817	75	2	H:50ARG-T:273HIS	REJECT
/scratch/ghaedi/mab/rfantibody_b7h3_rf2_20260926/B/task_78/ab_0_dldesign_2_best.pdb	0.2855083186178639	4202	344	L:210VAL-T:271ASP	REJECT
/scratch/ghaedi/mab/rfantibody_b7h3_rf2_20260926/B/task_78/ab_0_dldesign_3_best.pdb	0.3752505829442528	1813	153	H:62ASP-T:246HIS	REJECT
/scratch/ghaedi/mab/rfantibody_b7h3_rf2_20260926/B/task_79/ab_0_dldesign_0_best.pdb	0.7063221644547198	260	14	L:180ARG-T:264GLN	REJECT
/scratch/ghaedi/mab/rfantibody_b7h3_rf2_20260926/B/task_79/ab_0_dldesign_1_best.pdb	1.2049809127118987	219	3	H:31THR-T:272THR	REJECT
/scratch/ghaedi/mab/rfantibody_b7h3_rf2_20260926/B/task_79/ab_0_dldesign_2_best.pdb	1.7659929218431207	51	1	L:182GLY-T:239ASP	REJECT
/scratch/ghaedi/mab/rfantibody_b7h3_rf2_20260926/B/task_79/ab_0_dldesign_3_best.pdb	1.363701213609492	234	5	L:143GLU-T:265GLN	REJECT
/scratch/ghaedi/mab/rfantibody_b7h3_rf2_20260926/B/task_8/ab_0_dldesign_0_best.pdb	0.329294700838018	952	80	H:56GLY-T:245LEU	REJECT
/scratch/ghaedi/mab/rfantibody_b7h3_rf2_20260926/B/task_8/ab_0_dldesign_1_best.pdb	1.377808404677516	366	5	L:208ASP-T:258LEU	REJECT
/scratch/ghaedi/mab/rfantibody_b7h3_rf2_20260926/B/task_8/ab_0_dldesign_2_best.pdb	0.3096740221587839	1463	143	L:169ARG-T:242HIS	REJECT
/scratch/ghaedi/mab/rfantibody_b7h3_rf2_20260926/B/task_8/ab_0_dldesign_3_best.pdb	0.42355164974297976	1069	85	H:56GLY-T:260ARG	REJECT
/scratch/ghaedi/mab/rfantibody_b7h3_rf2_20260926/B/task_80/ab_0_dldesign_0_best.pdb	1.1199651780301054	244	10	L:208GLY-T:266ASP	REJECT
/scratch/ghaedi/mab/rfantibody_b7h3_rf2_20260926/B/task_80/ab_0_dldesign_1_best.pdb	0.3431938227882315	593	60	L:147TRP-T:268HIS	REJECT
/scratch/ghaedi/mab/rfantibody_b7h3_rf2_20260926/B/task_80/ab_0_dldesign_2_best.pdb	0.8071740828346751	178	12	L:146THR-T:270SER	REJECT
/scratch/ghaedi/mab/rfantibody_b7h3_rf2_20260926/B/task_80/ab_0_dldesign_3_best.pdb	0.179078195210918	3301	280	L:168SER-T:307SER	REJECT
/scratch/ghaedi/mab/rfantibody_b7h3_rf2_20260926/B/task_81/ab_0_dldesign_0_best.pdb	1.5823808011979923	35	1	H:55THR-T:273VAL	REJECT
/scratch/ghaedi/mab/rfantibody_b7h3_rf2_20260926/B/task_81/ab_0_dldesign_1_best.pdb	0.8902864707497241	229	10	H:55THR-T:276THR	REJECT
/scratch/ghaedi/mab/rfantibody_b7h3_rf2_20260926/B/task_81/ab_0_dldesign_2_best.pdb	0.34541713912311844	1425	134	L:175GLY-T:270HIS	REJECT
/scratch/ghaedi/mab/rfantibody_b7h3_rf2_20260926/B/task_81/ab_0_dldesign_3_best.pdb	0.37160866513040275	909	65	H:59ARG-T:277PRO	REJECT
/scratch/ghaedi/mab/rfantibody_b7h3_rf2_20260926/B/task_82/ab_0_dldesign_0_best.pdb	0.21664717861075433	1900	179	H:32VAL-T:318PRO	REJECT
/scratch/ghaedi/mab/rfantibody_b7h3_rf2_20260926/B/task_82/ab_0_dldesign_1_best.pdb	1.8066767834895086	126	3	L:153SER-T:278HIS	REJECT
/scratch/ghaedi/mab/rfantibody_b7h3_rf2_20260926/B/task_82/ab_0_dldesign_2_best.pdb	1.2570258549449176	211	4	H:56GLY-T:299GLU	REJECT
/scratch/ghaedi/mab/rfantibody_b7h3_rf2_20260926/B/task_82/ab_0_dldesign_3_best.pdb	0.15452184311611114	3115	226	H:33TYR-T:299GLU	REJECT
/scratch/ghaedi/mab/rfantibody_b7h3_rf2_20260926/B/task_83/ab_0_dldesign_0_best.pdb	1.7576168524453786	26	1	H:103ASN-T:272SER	REJECT
/scratch/ghaedi/mab/rfantibody_b7h3_rf2_20260926/B/task_83/ab_0_dldesign_1_best.pdb	1.1866275742624546	47	4	L:148GLU-T:242ASP	REJECT
/scratch/ghaedi/mab/rfantibody_b7h3_rf2_20260926/B/task_83/ab_0_dldesign_2_best.pdb	0.6926211085434808	144	16	H:103ASP-T:252GLY	REJECT
/scratch/ghaedi/mab/rfantibody_b7h3_rf2_20260926/B/task_83/ab_0_dldesign_3_best.pdb	0.48018746339320456	1338	117	H:28ASN-T:262ARG	REJECT
/scratch/ghaedi/mab/rfantibody_b7h3_rf2_20260926/B/task_84/ab_0_dldesign_0_best.pdb	0.43074470397208664	370	41	L:184GLY-T:277GLN	REJECT
/scratch/ghaedi/mab/rfantibody_b7h3_rf2_20260926/B/task_84/ab_0_dldesign_1_best.pdb	0.5710525369876222	1908	160	H:74THR-T:304ARG	REJECT
/scratch/ghaedi/mab/rfantibody_b7h3_rf2_20260926/B/task_84/ab_0_dldesign_2_best.pdb	0.7397492818516286	102	5	L:147ASP-T:269HIS	REJECT
/scratch/ghaedi/mab/rfantibody_b7h3_rf2_20260926/B/task_84/ab_0_dldesign_3_best.pdb	0.4264328786573553	2791	235	H:83MET-T:289PRO	REJECT
/scratch/ghaedi/mab/rfantibody_b7h3_rf2_20260926/B/task_85/ab_0_dldesign_0_best.pdb	1.0022360001516608	288	21	L:211GLU-T:271HIS	REJECT
/scratch/ghaedi/mab/rfantibody_b7h3_rf2_20260926/B/task_85/ab_0_dldesign_1_best.pdb	0.9920151208524994	111	4	L:147THR-T:271HIS	REJECT
/scratch/ghaedi/mab/rfantibody_b7h3_rf2_20260926/B/task_85/ab_0_dldesign_2_best.pdb	0.5026499776186205	817	61	L:171LEU-T:271HIS	REJECT
/scratch/ghaedi/mab/rfantibody_b7h3_rf2_20260926/B/task_85/ab_0_dldesign_3_best.pdb	0.3339655670873876	1283	123	L:146ASP-T:254ASN	REJECT
/scratch/ghaedi/mab/rfantibody_b7h3_rf2_20260926/B/task_86/ab_0_dldesign_0_best.pdb	3.9775552793141657	4	0	L:143PRO-T:263GLN	PASS
/scratch/ghaedi/mab/rfantibody_b7h3_rf2_20260926/B/task_86/ab_0_dldesign_1_best.pdb	2.6684038300077453	10	0	L:116ASP-T:233GLN	PASS
/scratch/ghaedi/mab/rfantibody_b7h3_rf2_20260926/B/task_86/ab_0_dldesign_2_best.pdb	0.41055328521398987	1004	85	H:30SER-T:286PRO	REJECT
/scratch/ghaedi/mab/rfantibody_b7h3_rf2_20260926/B/task_86/ab_0_dldesign_3_best.pdb	2.187216724515428	75	0	H:33TYR-T:278THR	PASS
/scratch/ghaedi/mab/rfantibody_b7h3_rf2_20260926/B/task_87/ab_0_dldesign_0_best.pdb	0.19714715316230125	1943	164	H:3GLN-T:244ASP	REJECT
/scratch/ghaedi/mab/rfantibody_b7h3_rf2_20260926/B/task_87/ab_0_dldesign_1_best.pdb	0.30799188300992525	1688	142	L:176PRO-T:312SER	REJECT
/scratch/ghaedi/mab/rfantibody_b7h3_rf2_20260926/B/task_87/ab_0_dldesign_2_best.pdb	1.3092841555598238	77	3	H:59ARG-T:273HIS	REJECT
/scratch/ghaedi/mab/rfantibody_b7h3_rf2_20260926/B/task_87/ab_0_dldesign_3_best.pdb	0.38773831381487195	2842	245	H:29ILE-T:256ASN	REJECT
/scratch/ghaedi/mab/rfantibody_b7h3_rf2_20260926/B/task_88/ab_0_dldesign_0_best.pdb	0.7003242106339036	625	31	H:102ASN-T:273THR	REJECT
/scratch/ghaedi/mab/rfantibody_b7h3_rf2_20260926/B/task_88/ab_0_dldesign_1_best.pdb	0.8442304187838766	510	29	H:33TYR-T:266GLN	REJECT
/scratch/ghaedi/mab/rfantibody_b7h3_rf2_20260926/B/task_88/ab_0_dldesign_2_best.pdb	1.5823387753575395	88	3	L:169SER-T:242HIS	REJECT
/scratch/ghaedi/mab/rfantibody_b7h3_rf2_20260926/B/task_88/ab_0_dldesign_3_best.pdb	2.5496764500618503	51	0	H:54ALA-T:273THR	PASS
/scratch/ghaedi/mab/rfantibody_b7h3_rf2_20260926/B/task_89/ab_0_dldesign_0_best.pdb	1.6377695198042963	33	3	H:102PRO-T:268GLN	REJECT
/scratch/ghaedi/mab/rfantibody_b7h3_rf2_20260926/B/task_89/ab_0_dldesign_1_best.pdb	0.3980062813574677	1792	147	H:30GLY-T:289GLN	REJECT
/scratch/ghaedi/mab/rfantibody_b7h3_rf2_20260926/B/task_89/ab_0_dldesign_2_best.pdb	0.3536453025278291	489	46	L:184ARG-T:272SER	REJECT
/scratch/ghaedi/mab/rfantibody_b7h3_rf2_20260926/B/task_89/ab_0_dldesign_3_best.pdb	1.0254116246659182	409	17	L:212ASN-T:267GLN	REJECT
/scratch/ghaedi/mab/rfantibody_b7h3_rf2_20260926/B/task_9/ab_0_dldesign_0_best.pdb	1.3344219722411657	138	2	H:102PRO-T:269ASN	REJECT
/scratch/ghaedi/mab/rfantibody_b7h3_rf2_20260926/B/task_9/ab_0_dldesign_1_best.pdb	0.5039057451547877	1240	117	H:52HIS-T:275ASP	REJECT
/scratch/ghaedi/mab/rfantibody_b7h3_rf2_20260926/B/task_9/ab_0_dldesign_2_best.pdb	0.35811311062288526	580	50	H:102PRO-T:275ASP	REJECT
/scratch/ghaedi/mab/rfantibody_b7h3_rf2_20260926/B/task_9/ab_0_dldesign_3_best.pdb	0.17712707302950695	1508	160	H:56GLY-T:272LEU	REJECT
/scratch/ghaedi/mab/rfantibody_b7h3_rf2_20260926/B/task_90/ab_0_dldesign_0_best.pdb	0.9849192860331247	163	3	L:162ASN-T:261GLN	REJECT
/scratch/ghaedi/mab/rfantibody_b7h3_rf2_20260926/B/task_90/ab_0_dldesign_1_best.pdb	1.2679211331940163	171	1	H:98ARG-T:278GLY	REJECT
/scratch/ghaedi/mab/rfantibody_b7h3_rf2_20260926/B/task_90/ab_0_dldesign_2_best.pdb	0.3010614555202974	546	25	H:54ALA-T:272PRO	REJECT
/scratch/ghaedi/mab/rfantibody_b7h3_rf2_20260926/B/task_90/ab_0_dldesign_3_best.pdb	0.23930315501472108	946	102	L:208ASN-T:261GLN	REJECT
/scratch/ghaedi/mab/rfantibody_b7h3_rf2_20260926/B/task_91/ab_0_dldesign_0_best.pdb	1.6784141324476494	35	2	L:212PRO-T:263ARG	REJECT
/scratch/ghaedi/mab/rfantibody_b7h3_rf2_20260926/B/task_91/ab_0_dldesign_1_best.pdb	0.34221922798112864	190	17	H:104LYS-T:270ASP	REJECT
/scratch/ghaedi/mab/rfantibody_b7h3_rf2_20260926/B/task_91/ab_0_dldesign_2_best.pdb	0.44572861698571575	315	18	H:54ALA-T:314PRO	REJECT
/scratch/ghaedi/mab/rfantibody_b7h3_rf2_20260926/B/task_91/ab_0_dldesign_3_best.pdb	0.5099078348093897	1056	79	L:124GLN-T:269GLN	REJECT
/scratch/ghaedi/mab/rfantibody_b7h3_rf2_20260926/B/task_92/ab_0_dldesign_0_best.pdb	0.4704412822021472	318	36	H:30ALA-T:278GLN	REJECT
/scratch/ghaedi/mab/rfantibody_b7h3_rf2_20260926/B/task_92/ab_0_dldesign_1_best.pdb	0.49788452476452744	126	11	H:102THR-T:279ARG	REJECT
/scratch/ghaedi/mab/rfantibody_b7h3_rf2_20260926/B/task_92/ab_0_dldesign_2_best.pdb	0.7945665485030202	460	35	L:149LEU-T:259LEU	REJECT
/scratch/ghaedi/mab/rfantibody_b7h3_rf2_20260926/B/task_92/ab_0_dldesign_3_best.pdb	0.23199353439266424	1144	99	H:103GLU-T:246LEU	REJECT
/scratch/ghaedi/mab/rfantibody_b7h3_rf2_20260926/B/task_93/ab_0_dldesign_0_best.pdb	1.5844276569158997	104	8	L:182ARG-T:266GLN	REJECT
/scratch/ghaedi/mab/rfantibody_b7h3_rf2_20260926/B/task_93/ab_0_dldesign_1_best.pdb	0.4069127670643927	156	5	L:169ASN-T:279ARG	REJECT
/scratch/ghaedi/mab/rfantibody_b7h3_rf2_20260926/B/task_93/ab_0_dldesign_2_best.pdb	0.2331201407000248	798	71	L:145GLU-T:265LEU	REJECT
/scratch/ghaedi/mab/rfantibody_b7h3_rf2_20260926/B/task_93/ab_0_dldesign_3_best.pdb	1.3341143129432358	96	2	L:210PRO-T:257SER	REJECT
/scratch/ghaedi/mab/rfantibody_b7h3_rf2_20260926/B/task_94/ab_0_dldesign_0_best.pdb	0.7257589131385158	367	20	H:102ASP-T:270HIS	REJECT
/scratch/ghaedi/mab/rfantibody_b7h3_rf2_20260926/B/task_94/ab_0_dldesign_1_best.pdb	0.897210120317421	410	26	L:170THR-T:272SER	REJECT
/scratch/ghaedi/mab/rfantibody_b7h3_rf2_20260926/B/task_94/ab_0_dldesign_2_best.pdb	1.8259378412202307	55	1	H:103GLY-T:276THR	REJECT
/scratch/ghaedi/mab/rfantibody_b7h3_rf2_20260926/B/task_94/ab_0_dldesign_3_best.pdb	2.035244702732328	31	0	H:101GLU-T:276THR	PASS
/scratch/ghaedi/mab/rfantibody_b7h3_rf2_20260926/B/task_95/ab_0_dldesign_0_best.pdb	0.5357247427550821	629	44	H:100ARG-T:266GLN	REJECT
/scratch/ghaedi/mab/rfantibody_b7h3_rf2_20260926/B/task_95/ab_0_dldesign_1_best.pdb	0.3645408070436018	1403	110	L:209ASP-T:273VAL	REJECT
/scratch/ghaedi/mab/rfantibody_b7h3_rf2_20260926/B/task_95/ab_0_dldesign_2_best.pdb	0.35049393718008887	1530	140	L:169THR-T:233MET	REJECT
/scratch/ghaedi/mab/rfantibody_b7h3_rf2_20260926/B/task_95/ab_0_dldesign_3_best.pdb	0.4345054660185529	655	42	L:210PHE-T:249VAL	REJECT
/scratch/ghaedi/mab/rfantibody_b7h3_rf2_20260926/B/task_96/ab_0_dldesign_0_best.pdb	1.7781181063135272	55	1	L:185ARG-T:238GLN	REJECT
/scratch/ghaedi/mab/rfantibody_b7h3_rf2_20260926/B/task_96/ab_0_dldesign_1_best.pdb	0.1736289146426947	680	63	H:1GLU-T:291PRO	REJECT
/scratch/ghaedi/mab/rfantibody_b7h3_rf2_20260926/B/task_96/ab_0_dldesign_2_best.pdb	0.5422139799009243	220	25	H:1GLU-T:292GLU	REJECT
/scratch/ghaedi/mab/rfantibody_b7h3_rf2_20260926/B/task_96/ab_0_dldesign_3_best.pdb	0.6970889469787908	580	42	H:33TYR-T:256THR	REJECT
/scratch/ghaedi/mab/rfantibody_b7h3_rf2_20260926/B/task_97/ab_0_dldesign_0_best.pdb	0.6887619327459964	336	27	H:28ASP-T:280ARG	REJECT
/scratch/ghaedi/mab/rfantibody_b7h3_rf2_20260926/B/task_97/ab_0_dldesign_1_best.pdb	1.4005416809220637	90	3	H:101ASN-T:280ARG	REJECT
/scratch/ghaedi/mab/rfantibody_b7h3_rf2_20260926/B/task_97/ab_0_dldesign_2_best.pdb	0.24053689945619525	1508	158	H:101ASN-T:287GLU	REJECT
/scratch/ghaedi/mab/rfantibody_b7h3_rf2_20260926/B/task_97/ab_0_dldesign_3_best.pdb	0.6250391987707645	479	37	H:52ARG-T:257TYR	REJECT
/scratch/ghaedi/mab/rfantibody_b7h3_rf2_20260926/B/task_98/ab_0_dldesign_0_best.pdb	1.0714541520755798	149	4	H:101LYS-T:271HIS	REJECT
/scratch/ghaedi/mab/rfantibody_b7h3_rf2_20260926/B/task_98/ab_0_dldesign_1_best.pdb	0.367495578204691	591	36	L:148ASN-T:280ARG	REJECT
/scratch/ghaedi/mab/rfantibody_b7h3_rf2_20260926/B/task_98/ab_0_dldesign_2_best.pdb	0.47277584540667983	403	23	H:101ARG-T:288VAL	REJECT
/scratch/ghaedi/mab/rfantibody_b7h3_rf2_20260926/B/task_98/ab_0_dldesign_3_best.pdb	1.6095120378549517	93	1	L:211PRO-T:269ASP	REJECT
/scratch/ghaedi/mab/rfantibody_b7h3_rf2_20260926/B/task_99/ab_0_dldesign_0_best.pdb	1.8676975129822269	95	2	H:102SER-T:271SER	REJECT
/scratch/ghaedi/mab/rfantibody_b7h3_rf2_20260926/B/task_99/ab_0_dldesign_1_best.pdb	0.2755068057235609	614	49	H:30SER-T:266GLN	REJECT
/scratch/ghaedi/mab/rfantibody_b7h3_rf2_20260926/B/task_99/ab_0_dldesign_2_best.pdb	0.4145226169945383	490	40	H:75SER-T:291GLU	REJECT
/scratch/ghaedi/mab/rfantibody_b7h3_rf2_20260926/B/task_99/ab_0_dldesign_3_best.pdb	0.5020577656007348	170	8	H:33TYR-T:270HIS	REJECT
